  0
SECTION
  2
HEADER
  9
$ACADVER
  1
AC1014
  9
$ACADMAINTVER
 70
     9
  9
$DWGCODEPAGE
  3
ANSI_1252
  9
$INSBASE
 10
0.0
 20
0.0
 30
0.0
  9
$EXTMIN
 10
0.0
 20
200.0003055555555
 30
0.0
  9
$EXTMAX
 10
439.9999666666666
 20
450.0001583333333
 30
0.0
  9
$LIMMIN
 10
0.0
 20
0.0
  9
$LIMMAX
 10
12.0
 20
9.0
  9
$ORTHOMODE
 70
     0
  9
$REGENMODE
 70
     1
  9
$FILLMODE
 70
     1
  9
$QTEXTMODE
 70
     0
  9
$MIRRTEXT
 70
     1
  9
$DRAGMODE
 70
     2
  9
$LTSCALE
 40
1.0
  9
$OSMODE
 70
    37
  9
$ATTMODE
 70
     1
  9
$TEXTSIZE
 40
0.2
  9
$TRACEWID
 40
0.05
  9
$TEXTSTYLE
  7
STANDARD
  9
$CLAYER
  8
DEFAULT
  9
$CELTYPE
  6
BYLAYER
  9
$CECOLOR
 62
   256
  9
$CELTSCALE
 40
1.0
  9
$DELOBJ
 70
     1
  9
$DISPSILH
 70
     0
  9
$DIMSCALE
 40
1.0
  9
$DIMASZ
 40
0.18
  9
$DIMEXO
 40
0.0625
  9
$DIMDLI
 40
0.38
  9
$DIMRND
 40
0.0
  9
$DIMDLE
 40
0.0
  9
$DIMEXE
 40
0.18
  9
$DIMTP
 40
0.0
  9
$DIMTM
 40
0.0
  9
$DIMTXT
 40
0.18
  9
$DIMCEN
 40
0.09
  9
$DIMTSZ
 40
0.0
  9
$DIMTOL
 70
     0
  9
$DIMLIM
 70
     0
  9
$DIMTIH
 70
     1
  9
$DIMTOH
 70
     1
  9
$DIMSE1
 70
     0
  9
$DIMSE2
 70
     0
  9
$DIMTAD
 70
     0
  9
$DIMZIN
 70
     0
  9
$DIMBLK
  1

  9
$DIMASO
 70
     1
  9
$DIMSHO
 70
     1
  9
$DIMPOST
  1

  9
$DIMAPOST
  1

  9
$DIMALT
 70
     0
  9
$DIMALTD
 70
     2
  9
$DIMALTF
 40
25.4
  9
$DIMLFAC
 40
1.0
  9
$DIMTOFL
 70
     0
  9
$DIMTVP
 40
0.0
  9
$DIMTIX
 70
     0
  9
$DIMSOXD
 70
     0
  9
$DIMSAH
 70
     0
  9
$DIMBLK1
  1

  9
$DIMBLK2
  1

  9
$DIMSTYLE
  2
STANDARD
  9
$DIMCLRD
 70
     0
  9
$DIMCLRE
 70
     0
  9
$DIMCLRT
 70
     0
  9
$DIMTFAC
 40
1.0
  9
$DIMGAP
 40
0.09
  9
$DIMJUST
 70
     0
  9
$DIMSD1
 70
     0
  9
$DIMSD2
 70
     0
  9
$DIMTOLJ
 70
     1
  9
$DIMTZIN
 70
     0
  9
$DIMALTZ
 70
     0
  9
$DIMALTTZ
 70
     0
  9
$DIMFIT
 70
     5
  9
$DIMUPT
 70
     0
  9
$DIMUNIT
 70
     2
  9
$DIMDEC
 70
     4
  9
$DIMTDEC
 70
     4
  9
$DIMALTU
 70
     2
  9
$DIMALTTD
 70
     2
  9
$DIMTXSTY
  7
STANDARD
  9
$DIMAUNIT
 70
     0
  9
$LUNITS
 70
     2
  9
$LUPREC
 70
     3
  9
$SKETCHINC
 40
0.1
  9
$FILLETRAD
 40
0.5
  9
$AUNITS
 70
     0
  9
$AUPREC
 70
     0
  9
$MENU
  1
.
  9
$ELEVATION
 40
0.0
  9
$PELEVATION
 40
0.0
  9
$THICKNESS
 40
0.0
  9
$LIMCHECK
 70
     0
  9
$CHAMFERA
 40
0.0
  9
$CHAMFERB
 40
0.0
  9
$CHAMFERC
 40
0.0
  9
$CHAMFERD
 40
0.0
  9
$SKPOLY
 70
     0
  9
$TDCREATE
 40
2460821.647472685
  9
$TDUPDATE
 40
2460821.647473183
  9
$TDINDWG
 40
0.0000000116
  9
$TDUSRTIMER
 40
0.0000000116
  9
$USRTIMER
 70
     1
  9
$ANGBASE
 50
0.0
  9
$ANGDIR
 70
     0
  9
$PDMODE
 70
     0
  9
$PDSIZE
 40
0.0
  9
$PLINEWID
 40
0.0
  9
$COORDS
 70
     1
  9
$SPLFRAME
 70
     0
  9
$SPLINETYPE
 70
     6
  9
$SPLINESEGS
 70
     8
  9
$ATTDIA
 70
     0
  9
$ATTREQ
 70
     1
  9
$HANDLING
 70
     1
  9
$HANDSEED
  5
1D1
  9
$SURFTAB1
 70
     6
  9
$SURFTAB2
 70
     6
  9
$SURFTYPE
 70
     6
  9
$SURFU
 70
     6
  9
$SURFV
 70
     6
  9
$UCSNAME
  2

  9
$UCSORG
 10
0.0
 20
0.0
 30
0.0
  9
$UCSXDIR
 10
1.0
 20
0.0
 30
0.0
  9
$UCSYDIR
 10
0.0
 20
1.0
 30
0.0
  9
$PUCSNAME
  2

  9
$PUCSORG
 10
0.0
 20
0.0
 30
0.0
  9
$PUCSXDIR
 10
1.0
 20
0.0
 30
0.0
  9
$PUCSYDIR
 10
0.0
 20
1.0
 30
0.0
  9
$USERI1
 70
     0
  9
$USERI2
 70
     0
  9
$USERI3
 70
     0
  9
$USERI4
 70
     0
  9
$USERI5
 70
     0
  9
$USERR1
 40
0.0
  9
$USERR2
 40
0.0
  9
$USERR3
 40
0.0
  9
$USERR4
 40
0.0
  9
$USERR5
 40
0.0
  9
$WORLDVIEW
 70
     1
  9
$SHADEDGE
 70
     3
  9
$SHADEDIF
 70
    70
  9
$TILEMODE
 70
     1
  9
$MAXACTVP
 70
    64
  9
$PINSBASE
 10
0.0
 20
0.0
 30
0.0
  9
$PLIMCHECK
 70
     0
  9
$PEXTMIN
 10
1.000000000000000E+20
 20
1.000000000000000E+20
 30
1.000000000000000E+20
  9
$PEXTMAX
 10
-1.000000000000000E+20
 20
-1.000000000000000E+20
 30
-1.000000000000000E+20
  9
$PLIMMIN
 10
0.0
 20
0.0
  9
$PLIMMAX
 10
12.0
 20
9.0
  9
$UNITMODE
 70
     0
  9
$VISRETAIN
 70
     1
  9
$PLINEGEN
 70
     0
  9
$PSLTSCALE
 70
     1
  9
$TREEDEPTH
 70
  3020
  9
$PICKSTYLE
 70
     1
  9
$CMLSTYLE
  2
STANDARD
  9
$CMLJUST
 70
     0
  9
$CMLSCALE
 40
1.0
  9
$PROXYGRAPHICS
 70
     1
  9
$MEASUREMENT
 70
     0
  0
ENDSEC
  0
SECTION
  2
CLASSES
  0
CLASS
  1
ACDBDICTIONARYWDFLT
  2
AcDbDictionaryWithDefault
  3
ObjectDBX Classes
 90
        0
280
     0
281
     0
  0
CLASS
  1
VISUALSTYLE
  2
AcDbVisualStyle
  3
ObjectDBX Classes
 90
     4095
280
     0
281
     0
  0
CLASS
  1
MATERIAL
  2
AcDbMaterial
  3
ObjectDBX Classes
 90
     1153
280
     0
281
     0
  0
CLASS
  1
SCALE
  2
AcDbScale
  3
ObjectDBX Classes
 90
     1153
280
     0
281
     0
  0
CLASS
  1
SUN
  2
AcDbSun
  3
SCENEOE
 90
     1153
280
     0
281
     0
  0
CLASS
  1
DICTIONARYVAR
  2
AcDbDictionaryVar
  3
ObjectDBX Classes
 90
        0
280
     0
281
     0
  0
CLASS
  1
XRECORD
  2
AcDbXrecord
  3
ObjectDBX Classes
 90
        0
280
     0
281
     0
  0
CLASS
  1
LWPOLYLINE
  2
AcDbPolyline
  3
ObjectDBX Classes
 90
        0
280
     0
281
     1
  0
CLASS
  1
HATCH
  2
AcDbHatch
  3
ObjectDBX Classes
 90
        0
280
     0
281
     1
  0
CLASS
  1
ACDBPLACEHOLDER
  2
AcDbPlaceHolder
  3
ObjectDBX Classes
 90
        0
280
     0
281
     0
  0
CLASS
  1
LAYOUT
  2
AcDbLayout
  3
ObjectDBX Classes
 90
        0
280
     0
281
     0
  0
ENDSEC
  0
SECTION
  2
TABLES
  0
TABLE
  2
VPORT
  5
8
330
0
100
AcDbSymbolTable
 70
     1
  0
VPORT
  5
29
330
8
100
AcDbSymbolTableRecord
100
AcDbViewportTableRecord
  2
*ACTIVE
 70
     0
 10
0.0
 20
0.0
 11
1.0
 21
1.0
 12
219.9999833333333
 22
325.0002319444444
 13
0.0
 23
0.0
 14
0.5
 24
0.5
 15
0.5
 25
0.5
 16
0.0
 26
0.0
 36
1.0
 17
0.0
 27
0.0
 37
0.0
 40
254.9998498333333
 41
1.760000903111643
 42
50.0
 43
0.0
 44
0.0
 50
0.0
 51
0.0
 71
     0
 72
   100
 73
     1
 74
     3
 75
     0
 76
     0
 77
     0
 78
     0
  0
ENDTAB
  0
TABLE
  2
LTYPE
  5
5
330
0
100
AcDbSymbolTable
 70
     1
  0
LTYPE
  5
14
330
5
100
AcDbSymbolTableRecord
100
AcDbLinetypeTableRecord
  2
BYBLOCK
 70
     0
  3

 72
    65
 73
     0
 40
0.0
  0
LTYPE
  5
15
330
5
100
AcDbSymbolTableRecord
100
AcDbLinetypeTableRecord
  2
BYLAYER
 70
     0
  3

 72
    65
 73
     0
 40
0.0
  0
LTYPE
  5
16
330
5
100
AcDbSymbolTableRecord
100
AcDbLinetypeTableRecord
  2
CONTINUOUS
 70
     0
  3
Solid line
 72
    65
 73
     0
 40
0.0
  0
ENDTAB
  0
TABLE
  2
LAYER
  5
2
330
0
100
AcDbSymbolTable
 70
     2
  0
LAYER
  5
10
330
2
100
AcDbSymbolTableRecord
100
AcDbLayerTableRecord
  2
0
 70
     0
 62
     7
  6
CONTINUOUS
  0
LAYER
  5
6A
330
2
100
AcDbSymbolTableRecord
100
AcDbLayerTableRecord
  2
DEFAULT
 70
     0
 62
    18
  6
CONTINUOUS
  0
ENDTAB
  0
TABLE
  2
STYLE
  5
3
330
0
100
AcDbSymbolTable
 70
     1
  0
STYLE
  5
11
330
3
100
AcDbSymbolTableRecord
100
AcDbTextStyleTableRecord
  2
STANDARD
 70
     0
 40
0.0
 41
1.0
 50
0.0
 71
     0
 42
0.2
  3
txt
  4

  0
ENDTAB
  0
TABLE
  2
VIEW
  5
6
330
0
100
AcDbSymbolTable
 70
     0
  0
ENDTAB
  0
TABLE
  2
UCS
  5
7
330
0
100
AcDbSymbolTable
 70
     0
  0
ENDTAB
  0
TABLE
  2
APPID
  5
9
330
0
100
AcDbSymbolTable
 70
     1
  0
APPID
  5
12
330
9
100
AcDbSymbolTableRecord
100
AcDbRegAppTableRecord
  2
ACAD
 70
     0
  0
ENDTAB
  0
TABLE
  2
DIMSTYLE
  5
A
330
0
100
AcDbSymbolTable
 70
     1
  0
DIMSTYLE
105
27
330
A
100
AcDbSymbolTableRecord
100
AcDbDimStyleTableRecord
  2
STANDARD
 70
     0
  3

  4

  5

  6

  7

 40
1.0
 41
0.18
 42
0.0625
 43
0.38
 44
0.18
 45
0.0
 46
0.0
 47
0.0
 48
0.0
140
0.18
141
0.09
142
0.0
143
25.4
144
1.0
145
0.0
146
1.0
147
0.09
 71
     0
 72
     0
 73
     1
 74
     1
 75
     0
 76
     0
 77
     0
 78
     0
170
     0
171
     2
172
     0
173
     0
174
     0
175
     0
176
     0
177
     0
178
     0
270
     2
271
     4
272
     4
273
     2
274
     2
340
11
275
     0
280
     0
281
     0
282
     0
283
     1
284
     0
285
     0
286
     0
287
     3
288
     0
  0
ENDTAB
  0
TABLE
  2
BLOCK_RECORD
  5
1
330
0
100
AcDbSymbolTable
 70
     1
  0
BLOCK_RECORD
  5
1F
330
1
100
AcDbSymbolTableRecord
100
AcDbBlockTableRecord
  2
*MODEL_SPACE
  0
BLOCK_RECORD
  5
1B
330
1
100
AcDbSymbolTableRecord
100
AcDbBlockTableRecord
  2
*PAPER_SPACE
  0
ENDTAB
  0
ENDSEC
  0
SECTION
  2
BLOCKS
  0
BLOCK
  5
20
330
1F
100
AcDbEntity
  8
0
100
AcDbBlockBegin
  2
*MODEL_SPACE
 70
     0
 10
0.0
 20
0.0
 30
0.0
  3
*MODEL_SPACE
  1

  0
ENDBLK
  5
21
330
1F
100
AcDbEntity
  8
0
100
AcDbBlockEnd
  0
BLOCK
  5
1C
330
1B
100
AcDbEntity
 67
     1
  8
0
100
AcDbBlockBegin
  2
*PAPER_SPACE
 70
     0
 10
0.0
 20
0.0
 30
0.0
  3
*PAPER_SPACE
  1

  0
ENDBLK
  5
1D
330
1B
100
AcDbEntity
 67
     1
  8
0
100
AcDbBlockEnd
  0
ENDSEC
  0
SECTION
  2
ENTITIES
  0
SPLINE
  5
6B
330
1F
100
AcDbEntity
  8
DEFAULT
 62
     1
100
AcDbSpline
210
0.0
220
0.0
230
1.0
 70
    11
 71
     3
 72
   119
 73
   115
 74
     0
 42
0.000000001
 43
0.0000000001
 40
1.0
 40
1.0
 40
1.0
 40
1.0
 40
35.1579999999999
 40
35.1579999999999
 40
35.1579999999999
 40
36.1579999999999
 40
36.1579999999999
 40
36.1579999999999
 40
36.58650670939887
 40
36.58650670939887
 40
36.58650670939887
 40
37.58650670939887
 40
37.58650670939887
 40
37.58650670939887
 40
42.95650670939887
 40
42.95650670939887
 40
42.95650670939887
 40
43.95650670939887
 40
43.95650670939887
 40
43.95650670939887
 40
44.95650670939887
 40
44.95650670939887
 40
44.95650670939887
 40
49.20651847408847
 40
49.20651847408847
 40
49.20651847408847
 40
57.71652434952709
 40
57.71652434952709
 40
57.71652434952709
 40
61.96653611421669
 40
61.96653611421669
 40
61.96653611421669
 40
62.96653611421669
 40
62.96653611421669
 40
62.96653611421669
 40
63.96653611421669
 40
63.96653611421669
 40
63.96653611421669
 40
75.2965361142167
 40
75.2965361142167
 40
75.2965361142167
 40
76.2965361142167
 40
76.2965361142167
 40
76.2965361142167
 40
77.2965361142167
 40
77.2965361142167
 40
77.2965361142167
 40
81.54654787890631
 40
81.54654787890631
 40
81.54654787890631
 40
90.05654787890633
 40
90.05654787890633
 40
90.05654787890633
 40
94.30655964359593
 40
94.30655964359593
 40
94.30655964359593
 40
95.30655964359593
 40
95.30655964359593
 40
95.30655964359593
 40
96.30655964359593
 40
96.30655964359593
 40
96.30655964359593
 40
101.6725596435959
 40
101.6725596435959
 40
101.6725596435959
 40
102.6725596435959
 40
102.6725596435959
 40
102.6725596435959
 40
103.0968237123079
 40
103.0968237123079
 40
103.0968237123079
 40
104.0968237123079
 40
104.0968237123079
 40
104.0968237123079
 40
126.1708237123077
 40
126.1708237123077
 40
126.1708237123077
 40
127.1708237123077
 40
127.1708237123077
 40
127.1708237123077
 40
127.5950877810196
 40
127.5950877810196
 40
127.5950877810196
 40
128.5950877810196
 40
128.5950877810196
 40
128.5950877810196
 40
140.3010877810196
 40
140.3010877810196
 40
140.3010877810196
 40
141.3010877810196
 40
141.3010877810196
 40
141.3010877810196
 40
148.3112280078624
 40
148.3112280078624
 40
148.3112280078624
 40
149.3112280078624
 40
149.3112280078624
 40
149.3112280078624
 40
161.8416040596813
 40
161.8416040596813
 40
161.8416040596813
 40
162.8416040596813
 40
162.8416040596813
 40
162.8416040596813
 40
171.3419171127401
 40
171.3419171127401
 40
171.3419171127401
 40
172.3419171127401
 40
172.3419171127401
 40
172.3419171127401
 40
186.3247530196654
 40
186.3247530196654
 40
186.3247530196654
 40
187.3247530196654
 40
187.3247530196654
 40
187.3247530196654
 40
187.3247530196654
 10
79.4635825
 20
399.6824055555555
 30
0.0
 10
79.4635825
 20
395.6656777777778
 30
0.0
 10
79.4635825
 20
391.64895
 30
0.0
 10
79.4635825
 20
387.6322222222223
 30
0.0
 10
79.4635825
 20
387.3672861111111
 30
0.0
 10
79.35810194444444
 20
387.1129333333333
 30
0.0
 10
79.17077694444444
 20
386.9256083333333
 30
0.0
 10
79.13514638888888
 20
386.8899777777777
 30
0.0
 10
79.09951583333331
 20
386.8543472222222
 30
0.0
 10
79.06388527777777
 20
386.8187166666667
 30
0.0
 10
78.87691305555555
 20
386.6317444444445
 30
0.0
 10
78.62361861111111
 20
386.5269694444444
 30
0.0
 10
78.35938805555556
 20
386.5269694444444
 30
0.0
 10
77.72791583333333
 20
386.5269694444444
 30
0.0
 10
77.09644361111111
 20
386.5269694444444
 30
0.0
 10
76.46497138888888
 20
386.5269694444444
 30
0.0
 10
76.43322138888888
 20
386.597525
 30
0.0
 10
76.4155825
 20
387.3524694444444
 30
0.0
 10
76.4155825
 20
388.2732194444445
 30
0.0
 10
76.4155825
 20
389.2398305555555
 30
0.0
 10
76.46497138888888
 20
389.6878583333333
 30
0.0
 10
76.46497138888888
 20
390.0229972222222
 30
0.0
 10
76.4661473148148
 20
390.5227657407407
 30
0.0
 10
76.46732324074073
 20
391.0225342592592
 30
0.0
 10
76.46849916666666
 20
391.5223027777777
 30
0.0
 10
75.46778620370371
 20
391.5234787037036
 30
0.0
 10
74.46707324074073
 20
391.5246546296296
 30
0.0
 10
73.46636027777777
 20
391.5258305555555
 30
0.0
 10
73.46518435185185
 20
391.026062037037
 30
0.0
 10
73.46400842592591
 20
390.5262935185185
 30
0.0
 10
73.4628325
 20
390.0265249999999
 30
0.0
 10
73.4628325
 20
389.6913861111111
 30
0.0
 10
73.51222138888889
 20
389.2433583333334
 30
0.0
 10
73.51222138888889
 20
388.2767472222222
 30
0.0
 10
73.51222138888889
 20
387.3101361111111
 30
0.0
 10
73.49105472222222
 20
386.5269694444444
 30
0.0
 10
73.4628325
 20
386.5269694444444
 30
0.0
 10
72.13050842592592
 20
386.5269694444444
 30
0.0
 10
70.79818435185184
 20
386.5269694444444
 30
0.0
 10
69.46586027777778
 20
386.5269694444444
 30
0.0
 10
69.43763805555555
 20
386.5269694444444
 30
0.0
 10
69.4164713888889
 20
387.3101361111111
 30
0.0
 10
69.4164713888889
 20
388.2767472222222
 30
0.0
 10
69.4164713888889
 20
389.2433583333334
 30
0.0
 10
69.46586027777778
 20
389.6913861111111
 30
0.0
 10
69.46586027777778
 20
390.0265249999999
 30
0.0
 10
69.4670362037037
 20
390.5262935185185
 30
0.0
 10
69.46821212962963
 20
391.026062037037
 30
0.0
 10
69.46938805555556
 20
391.5258305555555
 30
0.0
 10
68.46867509259259
 20
391.5258305555555
 30
0.0
 10
67.46796212962961
 20
391.5258305555555
 30
0.0
 10
66.46724916666666
 20
391.5258305555555
 30
0.0
 10
66.46607324074074
 20
391.026062037037
 30
0.0
 10
66.46489731481482
 20
390.5262935185185
 30
0.0
 10
66.46372138888889
 20
390.0265249999999
 30
0.0
 10
66.46372138888889
 20
389.6913861111111
 30
0.0
 10
66.51311027777777
 20
389.2433583333334
 30
0.0
 10
66.51311027777777
 20
388.2767472222222
 30
0.0
 10
66.51311027777777
 20
387.3101361111111
 30
0.0
 10
66.49194361111111
 20
386.5269694444444
 30
0.0
 10
66.46372138888889
 20
386.5269694444444
 30
0.0
 10
65.83271953703702
 20
386.5269694444444
 30
0.0
 10
65.20171768518519
 20
386.5269694444444
 30
0.0
 10
64.57071583333332
 20
386.5269694444444
 30
0.0
 10
64.30542694444443
 20
386.5269694444444
 30
0.0
 10
64.05107416666667
 20
386.6320972222222
 30
0.0
 10
63.86374916666666
 20
386.819775
 30
0.0
 10
63.82847138888889
 20
386.8550527777778
 30
0.0
 10
63.79319361111111
 20
386.8903305555555
 30
0.0
 10
63.75791583333333
 20
386.9256083333333
 30
0.0
 10
63.57059083333333
 20
387.1129333333333
 30
0.0
 10
63.46511027777778
 20
387.3672861111111
 30
0.0
 10
63.46511027777778
 20
387.6322222222223
 30
0.0
 10
63.46511027777778
 20
390.2279611111111
 30
0.0
 10
63.46511027777778
 20
392.8237
 30
0.0
 10
63.46511027777778
 20
395.4194388888889
 30
0.0
 10
63.46511027777778
 20
395.684375
 30
0.0
 10
63.57059083333333
 20
395.9387277777777
 30
0.0
 10
63.75791583333333
 20
396.1260527777778
 30
0.0
 10
63.7931936111111
 20
396.1613305555556
 30
0.0
 10
63.82847138888889
 20
396.1966083333334
 30
0.0
 10
63.86374916666666
 20
396.2318861111111
 30
0.0
 10
64.05107416666667
 20
396.4192111111111
 30
0.0
 10
64.30542694444443
 20
396.5246916666666
 30
0.0
 10
64.57071583333332
 20
396.5246916666666
 30
0.0
 10
65.94725472222223
 20
396.5246916666667
 30
0.0
 10
67.32379361111111
 20
396.5246916666667
 30
0.0
 10
68.7003325
 20
396.5246916666666
 30
0.0
 10
68.87601583333333
 20
396.5246916666666
 30
0.0
 10
69.04852416666667
 20
396.5709055555556
 30
0.0
 10
69.20057138888889
 20
396.6587472222222
 30
0.0
 10
69.9144760185185
 20
397.0709092592592
 30
0.0
 10
70.62838064814814
 20
397.4830712962963
 30
0.0
 10
71.34228527777776
 20
397.8952333333333
 30
0.0
 10
72.29901861111111
 20
398.4476833333333
 30
0.0
 10
72.62674916666667
 20
399.6711166666667
 30
0.0
 10
72.07429916666666
 20
400.6274972222222
 30
0.0
 10
71.33722879629629
 20
401.9033768518519
 30
0.0
 10
70.60015842592593
 20
403.1792564814816
 30
0.0
 10
69.86308805555555
 20
404.4551361111111
 30
0.0
 10
69.31063805555556
 20
405.4118694444444
 30
0.0
 10
69.6383686111111
 20
406.63495
 30
0.0
 10
70.59474916666667
 20
407.1874
 30
0.0
 10
71.46034824074074
 20
407.6872861111111
 30
0.0
 10
72.32594731481483
 20
408.1871722222222
 30
0.0
 10
73.19154638888888
 20
408.6870583333334
 30
0.0
 10
74.14792694444444
 20
409.2391555555555
 30
0.0
 10
75.37100749999999
 20
408.9117777777778
 30
0.0
 10
75.9234575
 20
407.9553972222222
 30
0.0
 10
76.74590009259259
 20
406.5315861111112
 30
0.0
 10
77.56834268518519
 20
405.107775
 30
0.0
 10
78.39078527777778
 20
403.6839638888889
 30
0.0
 10
79.09351861111111
 20
402.4675861111111
 30
0.0
 10
79.4635825
 20
401.0871666666666
 30
0.0
 10
79.4635825
 20
399.6824055555555
 30
0.0
  0
SPLINE
  5
6C
330
1F
100
AcDbEntity
  8
DEFAULT
 62
     1
100
AcDbSpline
210
0.0
220
0.0
230
1.0
 70
    11
 71
     3
 72
   107
 73
   103
 74
     0
 42
0.000000001
 43
0.0000000001
 40
1.0
 40
1.0
 40
1.0
 40
1.0
 40
2.0
 40
2.0
 40
2.0
 40
3.0
 40
3.0
 40
3.0
 40
4.0
 40
4.0
 40
4.0
 40
5.0
 40
5.0
 40
5.0
 40
9.25
 40
9.25
 40
9.25
 40
17.76000000000001
 40
17.76000000000001
 40
17.76000000000001
 40
22.01000000000001
 40
22.01000000000001
 40
22.01000000000001
 40
23.01000000000001
 40
23.01000000000001
 40
23.01000000000001
 40
24.01000000000001
 40
24.01000000000001
 40
24.01000000000001
 40
41.01000000000001
 40
41.01000000000001
 40
41.01000000000001
 40
42.01000000000001
 40
42.01000000000001
 40
42.01000000000001
 40
43.01000000000001
 40
43.01000000000001
 40
43.01000000000001
 40
47.26000000000001
 40
47.26000000000001
 40
47.26000000000001
 40
55.77
 40
55.77
 40
55.77
 40
60.02
 40
60.02
 40
60.02
 40
61.02
 40
61.02
 40
61.02
 40
62.02
 40
62.02
 40
62.02
 40
63.02
 40
63.02
 40
63.02
 40
64.02000000000001
 40
64.02000000000001
 40
64.02000000000001
 40
65.02000000000001
 40
65.02000000000001
 40
65.02000000000001
 40
66.02000000000001
 40
66.02000000000001
 40
66.02000000000001
 40
67.02000000000001
 40
67.02000000000001
 40
67.02000000000001
 40
68.02000000000001
 40
68.02000000000001
 40
68.02000000000001
 40
69.02000000000001
 40
69.02000000000001
 40
69.02000000000001
 40
70.02000000000001
 40
70.02000000000001
 40
70.02000000000001
 40
71.02000000000001
 40
71.02000000000001
 40
71.02000000000001
 40
105.04
 40
105.04
 40
105.04
 40
106.04
 40
106.04
 40
106.04
 40
107.04
 40
107.04
 40
107.04
 40
108.04
 40
108.04
 40
108.04
 40
109.04
 40
109.04
 40
109.04
 40
110.04
 40
110.04
 40
110.04
 40
111.04
 40
111.04
 40
111.04
 40
112.04
 40
112.04
 40
112.04
 40
112.04
 10
38.97612361111111
 20
384.1482594444444
 30
0.0
 10
38.97612361111111
 20
381.8340372222222
 30
0.0
 10
37.8507625
 20
378.4473705555555
 30
0.0
 10
36.04806805555555
 20
377.6430372222221
 30
0.0
 10
34.34062361111111
 20
376.884565
 30
0.0
 10
32.02287361111112
 20
378.6484538888889
 30
0.0
 10
29.47229027777778
 20
378.6484538888889
 30
0.0
 10
29.44406805555556
 20
378.6484538888889
 30
0.0
 10
29.42290138888889
 20
379.4316205555555
 30
0.0
 10
29.42290138888889
 20
380.3982316666666
 30
0.0
 10
29.42290138888889
 20
381.3648427777777
 30
0.0
 10
29.47229027777778
 20
381.8128705555555
 30
0.0
 10
29.47229027777778
 20
382.1480094444444
 30
0.0
 10
29.47229027777778
 20
382.6477779629629
 30
0.0
 10
29.47229027777778
 20
383.1475464814814
 30
0.0
 10
29.47229027777778
 20
383.6473149999999
 30
0.0
 10
28.47157731481481
 20
383.6473149999999
 30
0.0
 10
27.47086435185185
 20
383.6473149999999
 30
0.0
 10
26.47015138888889
 20
383.6473149999999
 30
0.0
 10
26.47015138888888
 20
383.1475464814814
 30
0.0
 10
26.47015138888888
 20
382.6477779629629
 30
0.0
 10
26.47015138888889
 20
382.1480094444444
 30
0.0
 10
26.47015138888889
 20
381.8128705555555
 30
0.0
 10
26.51954027777778
 20
381.3648427777777
 30
0.0
 10
26.51954027777778
 20
380.3982316666666
 30
0.0
 10
26.51954027777778
 20
379.4316205555555
 30
0.0
 10
26.49837361111111
 20
378.6484538888889
 30
0.0
 10
26.47015138888889
 20
378.6484538888889
 30
0.0
 10
24.47107731481482
 20
378.6484538888888
 30
0.0
 10
22.47200324074074
 20
378.6484538888888
 30
0.0
 10
20.47292916666667
 20
378.6484538888889
 30
0.0
 10
20.44470694444444
 20
378.6484538888889
 30
0.0
 10
20.42354027777778
 20
379.4316205555555
 30
0.0
 10
20.42354027777778
 20
380.3982316666666
 30
0.0
 10
20.42354027777778
 20
381.3648427777777
 30
0.0
 10
20.47292916666667
 20
381.8128705555555
 30
0.0
 10
20.47292916666667
 20
382.1480094444444
 30
0.0
 10
20.47292916666667
 20
382.6477779629629
 30
0.0
 10
20.47292916666667
 20
383.1475464814814
 30
0.0
 10
20.47292916666667
 20
383.6473149999999
 30
0.0
 10
19.4722162037037
 20
383.6473149999999
 30
0.0
 10
18.47150324074074
 20
383.6473149999999
 30
0.0
 10
17.47079027777778
 20
383.6473149999999
 30
0.0
 10
17.47079027777778
 20
383.1475464814814
 30
0.0
 10
17.47079027777778
 20
382.6477779629629
 30
0.0
 10
17.47079027777778
 20
382.1480094444444
 30
0.0
 10
17.47079027777778
 20
381.8128705555555
 30
0.0
 10
17.52017916666667
 20
381.3648427777777
 30
0.0
 10
17.52017916666667
 20
380.3982316666666
 30
0.0
 10
17.52017916666667
 20
379.4316205555555
 30
0.0
 10
17.4990125
 20
378.6484538888889
 30
0.0
 10
17.47079027777778
 20
378.6484538888889
 30
0.0
 10
14.91667916666667
 20
378.6484538888889
 30
0.0
 10
12.60245694444444
 20
376.884565
 30
0.0
 10
10.8950125
 20
377.6430372222221
 30
0.0
 10
9.088790277777779
 20
378.4473705555555
 30
0.0
 10
7.966956944444444
 20
381.8340372222222
 30
0.0
 10
7.966956944444444
 20
384.1482594444444
 30
0.0
 10
7.966956944444444
 20
386.2331761111111
 30
0.0
 10
9.385123611111114
 20
387.9864816666666
 30
0.0
 10
11.30423472222222
 20
388.4980094444443
 30
0.0
 10
12.10504027777778
 20
388.7132038888889
 30
0.0
 10
12.9270125
 20
388.233426111111
 30
0.0
 10
13.14220694444444
 20
387.4326205555555
 30
0.0
 10
13.35740138888889
 20
386.6318149999999
 30
0.0
 10
12.88115138888889
 20
385.8098427777777
 30
0.0
 10
12.08034583333334
 20
385.5946483333332
 30
0.0
 10
11.44181805555556
 20
385.4253149999999
 30
0.0
 10
10.96909583333333
 20
384.8432316666666
 30
0.0
 10
10.96909583333333
 20
384.1482594444444
 30
0.0
 10
10.96909583333333
 20
383.3192316666666
 30
0.0
 10
11.64290138888889
 20
382.6489538888889
 30
0.0
 10
12.46840138888889
 20
382.6489538888889
 30
0.0
 10
14.1017625
 20
382.6489538888889
 30
0.0
 10
14.47217916666667
 20
385.2030649999999
 30
0.0
 10
14.47217916666667
 20
386.504815
 30
0.0
 10
14.47217916666667
 20
387.6901483333332
 30
0.0
 10
15.81273472222222
 20
388.6461761111111
 30
0.0
 10
17.47079027777778
 20
388.6461761111111
 30
0.0
 10
21.47129027777778
 20
388.6461761111111
 30
0.0
 10
25.47179027777777
 20
388.6461761111111
 30
0.0
 10
29.47229027777778
 20
388.6461761111111
 30
0.0
 10
31.13034583333333
 20
388.6461761111111
 30
0.0
 10
32.47090138888889
 20
387.6901483333332
 30
0.0
 10
32.47090138888889
 20
386.504815
 30
0.0
 10
32.47090138888889
 20
385.2030649999999
 30
0.0
 10
32.83779027777778
 20
382.6489538888889
 30
0.0
 10
34.47467916666666
 20
382.6489538888889
 30
0.0
 10
35.30017916666667
 20
382.6489538888889
 30
0.0
 10
35.97398472222222
 20
383.3192316666666
 30
0.0
 10
35.97398472222222
 20
384.1482594444444
 30
0.0
 10
35.97398472222222
 20
384.8432316666666
 30
0.0
 10
35.5012625
 20
385.4253149999999
 30
0.0
 10
34.86273472222222
 20
385.5946483333332
 30
0.0
 10
34.06192916666667
 20
385.8098427777777
 30
0.0
 10
33.58567916666667
 20
386.6318149999999
 30
0.0
 10
33.80087361111111
 20
387.4326205555555
 30
0.0
 10
34.01606805555556
 20
388.233426111111
 30
0.0
 10
34.83804027777778
 20
388.7132038888889
 30
0.0
 10
35.63884583333333
 20
388.4980094444443
 30
0.0
 10
37.55795694444444
 20
387.9864816666666
 30
0.0
 10
38.97612361111111
 20
386.2331761111111
 30
0.0
 10
38.97612361111111
 20
384.1482594444444
 30
0.0
  0
SPLINE
  5
6D
330
1F
100
AcDbEntity
  8
DEFAULT
 62
    18
100
AcDbSpline
210
0.0
220
0.0
230
1.0
 70
    11
 71
     3
 72
    41
 73
    37
 74
     0
 42
0.000000001
 43
0.0000000001
 40
1.760999999999967
 40
1.760999999999967
 40
1.760999999999967
 40
1.760999999999967
 40
13.46299999999997
 40
13.46299999999997
 40
13.46299999999997
 40
14.46299999999997
 40
14.46299999999997
 40
14.46299999999997
 40
16.04399999999998
 40
16.04399999999998
 40
16.04399999999998
 40
17.72690255214022
 40
17.72690255214022
 40
17.72690255214022
 40
17.76690255214019
 40
17.76690255214019
 40
17.76690255214019
 40
18.76690255214019
 40
18.76690255214019
 40
18.76690255214019
 40
19.76690255214019
 40
19.76690255214019
 40
19.76690255214019
 40
20.76690255214019
 40
20.76690255214019
 40
20.76690255214019
 40
21.76690255214019
 40
21.76690255214019
 40
21.76690255214019
 40
21.80690255214015
 40
21.80690255214015
 40
21.80690255214015
 40
27.5879025521401
 40
27.5879025521401
 40
27.5879025521401
 40
29.34890255214007
 40
29.34890255214007
 40
29.34890255214007
 40
29.34890255214007
 10
349.1394041666666
 20
444.2744338888888
 30
0.0
 10
349.1394041666666
 20
442.8983653703703
 30
0.0
 10
349.1394041666666
 20
441.5222968518518
 30
0.0
 10
349.1394041666666
 20
440.1462283333333
 30
0.0
 10
349.1394041666666
 20
439.8424866666666
 30
0.0
 10
349.1464597222222
 20
439.4967644444444
 30
0.0
 10
349.1676263888889
 20
439.263931111111
 30
0.0
 10
348.9817125
 20
439.263931111111
 30
0.0
 10
348.7957986111111
 20
439.263931111111
 30
0.0
 10
348.6098847222222
 20
439.263931111111
 30
0.0
 10
348.6004773148148
 20
439.4616042592592
 30
0.0
 10
348.5910699074074
 20
439.6592774074074
 30
0.0
 10
348.5816625
 20
439.8569505555556
 30
0.0
 10
348.5769587962963
 20
439.8569505555556
 30
0.0
 10
348.5722550925926
 20
439.8569505555556
 30
0.0
 10
348.5675513888889
 20
439.8569505555556
 30
0.0
 10
348.3770513888889
 20
439.4755977777777
 30
0.0
 10
347.9607736111111
 20
439.18632
 30
0.0
 10
347.4030319444445
 20
439.18632
 30
0.0
 10
346.5775319444444
 20
439.18632
 30
0.0
 10
345.9425319444444
 20
439.8851727777777
 30
0.0
 10
345.9425319444444
 20
440.9223394444444
 30
0.0
 10
345.9354763888888
 20
442.0586366666666
 30
0.0
 10
346.6410319444444
 20
442.7571366666667
 30
0.0
 10
347.4739402777777
 20
442.7571366666667
 30
0.0
 10
347.9960513888889
 20
442.7571366666667
 30
0.0
 10
348.3488291666666
 20
442.5101922222222
 30
0.0
 10
348.5040513888889
 20
442.2350255555555
 30
0.0
 10
348.5087550925926
 20
442.2350255555555
 30
0.0
 10
348.5134587962963
 20
442.2350255555555
 30
0.0
 10
348.5181625
 20
442.2350255555555
 30
0.0
 10
348.5181625
 20
442.9148283333333
 30
0.0
 10
348.5181625
 20
443.5946311111111
 30
0.0
 10
348.5181625
 20
444.2744338888888
 30
0.0
 10
348.7252430555555
 20
444.2744338888888
 30
0.0
 10
348.932323611111
 20
444.2744338888888
 30
0.0
 10
349.1394041666666
 20
444.2744338888888
 30
0.0
  0
SPLINE
  5
6E
330
1F
100
AcDbEntity
  8
DEFAULT
 62
    18
100
AcDbSpline
210
0.0
220
0.0
230
1.0
 70
    11
 71
     3
 72
    26
 73
    22
 74
     0
 42
0.000000001
 43
0.0000000001
 40
1.68100000000004
 40
1.68100000000004
 40
1.68100000000004
 40
1.68100000000004
 40
2.68100000000004
 40
2.68100000000004
 40
2.68100000000004
 40
3.68100000000004
 40
3.68100000000004
 40
3.68100000000004
 40
4.68100000000004
 40
4.68100000000004
 40
4.68100000000004
 40
5.68100000000004
 40
5.68100000000004
 40
5.68100000000004
 40
6.68100000000004
 40
6.68100000000004
 40
6.68100000000004
 40
7.68100000000004
 40
7.68100000000004
 40
7.68100000000004
 40
9.36200000000008
 40
9.36200000000008
 40
9.36200000000008
 40
9.36200000000008
 10
348.5181625
 20
441.2892283333333
 30
0.0
 10
348.5181625
 20
441.3668394444444
 30
0.0
 10
348.5111069444445
 20
441.4730255555555
 30
0.0
 10
348.4899402777777
 20
441.5502838888888
 30
0.0
 10
348.3982180555556
 20
441.9453949999999
 30
0.0
 10
348.0595513888889
 20
442.2699505555555
 30
0.0
 10
347.5938847222222
 20
442.2699505555555
 30
0.0
 10
346.9514763888889
 20
442.2699505555555
 30
0.0
 10
346.5704763888889
 20
441.7058588888889
 30
0.0
 10
346.5704763888889
 20
440.9505616666666
 30
0.0
 10
346.5704763888889
 20
440.2587644444444
 30
0.0
 10
346.9091430555555
 20
439.6872644444444
 30
0.0
 10
347.5797736111111
 20
439.6872644444444
 30
0.0
 10
347.9960513888889
 20
439.6872644444444
 30
0.0
 10
348.3770513888889
 20
439.9624311111111
 30
0.0
 10
348.4899402777777
 20
440.4284505555555
 30
0.0
 10
348.5111069444445
 20
440.5131172222221
 30
0.0
 10
348.5181625
 20
440.5977838888888
 30
0.0
 10
348.5181625
 20
440.6962088888888
 30
0.0
 10
348.5181625
 20
440.893882037037
 30
0.0
 10
348.5181625
 20
441.0915551851851
 30
0.0
 10
348.5181625
 20
441.2892283333333
 30
0.0
  0
SPLINE
  5
6F
330
1F
100
AcDbEntity
  8
DEFAULT
 62
    18
100
AcDbSpline
210
0.0
220
0.0
230
1.0
 70
    11
 71
     3
 72
    32
 73
    28
 74
     0
 42
0.000000001
 43
0.0000000001
 40
6.801999999999907
 40
6.801999999999907
 40
6.801999999999907
 40
6.801999999999907
 40
7.801999999999907
 40
7.801999999999907
 40
7.801999999999907
 40
8.801999999999907
 40
8.801999999999907
 40
8.801999999999907
 40
10.09722198869526
 40
10.09722198869526
 40
10.09722198869526
 40
11.09722198869526
 40
11.09722198869526
 40
11.09722198869526
 40
12.09722198869526
 40
12.09722198869526
 40
12.09722198869526
 40
13.09722198869526
 40
13.09722198869526
 40
13.09722198869526
 40
14.09722198869526
 40
14.09722198869526
 40
14.09722198869526
 40
15.09722198869526
 40
15.09722198869526
 40
15.09722198869526
 40
21.89922198869517
 40
21.89922198869517
 40
21.89922198869517
 40
21.89922198869517
 10
343.0003652777778
 20
440.8585219444444
 30
0.0
 10
343.0144763888889
 20
440.0189108333332
 30
0.0
 10
343.5506986111111
 20
439.673188611111
 30
0.0
 10
344.1719402777778
 20
439.673188611111
 30
0.0
 10
344.6164402777778
 20
439.673188611111
 30
0.0
 10
344.8845513888888
 20
439.7507997222222
 30
0.0
 10
345.1173847222222
 20
439.8495774999999
 30
0.0
 10
345.1526625
 20
439.7014108333332
 30
0.0
 10
345.1879402777778
 20
439.5532441666665
 30
0.0
 10
345.2232180555555
 20
439.4050774999999
 30
0.0
 10
345.0044958333333
 20
439.3062997222221
 30
0.0
 10
344.6305513888889
 20
439.1930580555555
 30
0.0
 10
344.0869208333333
 20
439.1930580555555
 30
0.0
 10
343.0356430555555
 20
439.1930580555555
 30
0.0
 10
342.4076986111111
 20
439.8848552777777
 30
0.0
 10
342.4076986111111
 20
440.9149663888888
 30
0.0
 10
342.4076986111111
 20
441.9454302777777
 30
0.0
 10
343.0144763888889
 20
442.7571719444444
 30
0.0
 10
344.0096625
 20
442.7571719444444
 30
0.0
 10
345.1244402777778
 20
442.7571719444444
 30
0.0
 10
345.4207736111111
 20
441.7760969444444
 30
0.0
 10
345.4207736111111
 20
441.1477997222221
 30
0.0
 10
345.4207736111111
 20
441.0211525
 30
0.0
 10
345.4070152777778
 20
440.9223747222222
 30
0.0
 10
345.3999597222222
 20
440.8585219444444
 30
0.0
 10
344.6000949074075
 20
440.8585219444444
 30
0.0
 10
343.8002300925926
 20
440.8585219444444
 30
0.0
 10
343.0003652777778
 20
440.8585219444444
 30
0.0
  0
SPLINE
  5
70
330
1F
100
AcDbEntity
  8
DEFAULT
 62
    18
100
AcDbSpline
210
0.0
220
0.0
230
1.0
 70
    11
 71
     3
 72
    14
 73
    10
 74
     0
 42
0.000000001
 43
0.0000000001
 40
5.140999999999963
 40
5.140999999999963
 40
5.140999999999963
 40
5.140999999999963
 40
6.140999999999963
 40
6.140999999999963
 40
6.140999999999963
 40
7.140999999999963
 40
7.140999999999963
 40
7.140999999999963
 40
12.28199999999993
 40
12.28199999999993
 40
12.28199999999993
 40
12.28199999999993
 10
344.8210513888889
 20
441.3033747222221
 30
0.0
 10
344.8281069444444
 20
441.6984858333332
 30
0.0
 10
344.6587736111111
 20
442.3123191666666
 30
0.0
 10
343.9602736111111
 20
442.3123191666666
 30
0.0
 10
343.3319763888888
 20
442.3123191666666
 30
0.0
 10
343.0568097222222
 20
441.7341163888888
 30
0.0
 10
343.0074208333334
 20
441.3033747222221
 30
0.0
 10
343.6119643518518
 20
441.3033747222221
 30
0.0
 10
344.2165078703703
 20
441.3033747222221
 30
0.0
 10
344.8210513888889
 20
441.3033747222221
 30
0.0
  0
SPLINE
  5
71
330
1F
100
AcDbEntity
  8
DEFAULT
 62
    18
100
AcDbSpline
210
0.0
220
0.0
230
1.0
 70
    11
 71
     3
 72
    41
 73
    37
 74
     0
 42
0.000000001
 43
0.0000000001
 40
10.48199999999997
 40
10.48199999999997
 40
10.48199999999997
 40
10.48199999999997
 40
11.48199999999997
 40
11.48199999999997
 40
11.48199999999997
 40
13.06200000000001
 40
13.06200000000001
 40
13.06200000000001
 40
14.72392659284347
 40
14.72392659284347
 40
14.72392659284347
 40
14.76392659284344
 40
14.76392659284344
 40
14.76392659284344
 40
15.76392659284344
 40
15.76392659284344
 40
15.76392659284344
 40
16.76392659284344
 40
16.76392659284344
 40
16.76392659284344
 40
17.76392659284344
 40
17.76392659284344
 40
17.76392659284344
 40
18.76392659284344
 40
18.76392659284344
 40
18.76392659284344
 40
18.8039265928434
 40
18.8039265928434
 40
18.8039265928434
 40
24.06392659284339
 40
24.06392659284339
 40
24.06392659284339
 40
25.8039265928434
 40
25.8039265928434
 40
25.8039265928434
 40
36.28592659284337
 40
36.28592659284337
 40
36.28592659284337
 40
36.28592659284337
 10
338.6402788888889
 20
441.5644655555555
 30
0.0
 10
338.6402788888889
 20
442.00191
 30
0.0
 10
338.6261677777778
 20
442.3546877777777
 30
0.0
 10
338.6120566666666
 20
442.6792433333333
 30
0.0
 10
338.7978529629629
 20
442.6792433333333
 30
0.0
 10
338.9836492592592
 20
442.6792433333333
 30
0.0
 10
339.1694455555555
 20
442.6792433333333
 30
0.0
 10
339.1788529629629
 20
442.4840396296295
 30
0.0
 10
339.1882603703703
 20
442.2888359259259
 30
0.0
 10
339.1976677777778
 20
442.0936322222221
 30
0.0
 10
339.2023714814815
 20
442.0936322222221
 30
0.0
 10
339.2070751851852
 20
442.0936322222221
 30
0.0
 10
339.2117788888889
 20
442.0936322222221
 30
0.0
 10
339.4657788888888
 20
442.5102627777777
 30
0.0
 10
339.8679455555555
 20
442.7572072222222
 30
0.0
 10
340.4256872222222
 20
442.7572072222222
 30
0.0
 10
341.2511872222222
 20
442.7572072222222
 30
0.0
 10
341.8720761111111
 20
442.0587072222222
 30
0.0
 10
341.8720761111111
 20
441.0211877777777
 30
0.0
 10
341.8720761111111
 20
439.7931683333333
 30
0.0
 10
341.1241872222222
 20
439.1863905555555
 30
0.0
 10
340.3198538888889
 20
439.1863905555555
 30
0.0
 10
339.8679455555555
 20
439.1863905555555
 30
0.0
 10
339.4728344444444
 20
439.3835933333332
 30
0.0
 10
339.2682233333333
 20
439.7222599999999
 30
0.0
 10
339.2635196296296
 20
439.7222599999999
 30
0.0
 10
339.2588159259259
 20
439.7222599999999
 30
0.0
 10
339.2541122222222
 20
439.7222599999999
 30
0.0
 10
339.2541122222222
 20
439.1037229629629
 30
0.0
 10
339.2541122222222
 20
438.4851859259259
 30
0.0
 10
339.2541122222222
 20
437.8666488888888
 30
0.0
 10
339.0495011111111
 20
437.8666488888888
 30
0.0
 10
338.84489
 20
437.8666488888888
 30
0.0
 10
338.6402788888889
 20
437.8666488888888
 30
0.0
 10
338.6402788888889
 20
439.0992544444444
 30
0.0
 10
338.6402788888889
 20
440.3318599999999
 30
0.0
 10
338.6402788888889
 20
441.5644655555555
 30
0.0
  0
SPLINE
  5
72
330
1F
100
AcDbEntity
  8
DEFAULT
 62
    18
100
AcDbSpline
210
0.0
220
0.0
230
1.0
 70
    11
 71
     3
 72
    26
 73
    22
 74
     0
 42
0.000000001
 43
0.0000000001
 40
1.661000000000058
 40
1.661000000000058
 40
1.661000000000058
 40
1.661000000000058
 40
2.661000000000058
 40
2.661000000000058
 40
2.661000000000058
 40
3.661000000000058
 40
3.661000000000058
 40
3.661000000000058
 40
4.661000000000058
 40
4.661000000000058
 40
4.661000000000058
 40
5.661000000000058
 40
5.661000000000058
 40
5.661000000000058
 40
6.661000000000058
 40
6.661000000000058
 40
6.661000000000058
 40
7.661000000000058
 40
7.661000000000058
 40
7.661000000000058
 40
9.322000000000116
 40
9.322000000000116
 40
9.322000000000116
 40
9.322000000000116
 10
339.2541122222222
 20
440.6539461111111
 30
0.0
 10
339.2541122222222
 20
440.5622238888889
 30
0.0
 10
339.2682233333333
 20
440.4775572222222
 30
0.0
 10
339.2823344444444
 20
440.3999461111111
 30
0.0
 10
339.3952233333333
 20
439.9695572222222
 30
0.0
 10
339.7695205555555
 20
439.6732238888889
 30
0.0
 10
340.2140205555555
 20
439.6732238888889
 30
0.0
 10
340.8701872222222
 20
439.6732238888889
 30
0.0
 10
341.2511872222222
 20
440.209446111111
 30
0.0
 10
341.2511872222222
 20
440.9929655555555
 30
0.0
 10
341.2511872222222
 20
441.6773544444444
 30
0.0
 10
340.8913538888888
 20
442.2633183333332
 30
0.0
 10
340.2351872222222
 20
442.2633183333332
 30
0.0
 10
339.8118538888889
 20
442.2633183333332
 30
0.0
 10
339.41639
 20
441.9595766666666
 30
0.0
 10
339.2964455555555
 20
441.49391
 30
0.0
 10
339.2752788888889
 20
441.4162988888889
 30
0.0
 10
339.2541122222222
 20
441.3242238888889
 30
0.0
 10
339.2541122222222
 20
441.23991
 30
0.0
 10
339.2541122222222
 20
441.0445887037037
 30
0.0
 10
339.2541122222222
 20
440.8492674074074
 30
0.0
 10
339.2541122222222
 20
440.6539461111111
 30
0.0
  0
SPLINE
  5
73
330
1F
100
AcDbEntity
  8
DEFAULT
 62
    18
100
AcDbSpline
210
0.0
220
0.0
230
1.0
 70
    11
 71
     3
 72
    50
 73
    46
 74
     0
 42
0.000000001
 43
0.0000000001
 40
7.04099999999994
 40
7.04099999999994
 40
7.04099999999994
 40
7.04099999999994
 40
8.04099999999994
 40
8.04099999999994
 40
8.04099999999994
 40
9.600999999999999
 40
9.600999999999999
 40
9.600999999999999
 40
11.18515939854562
 40
11.18515939854562
 40
11.18515939854562
 40
11.22515939854558
 40
11.22515939854558
 40
11.22515939854558
 40
12.22515939854558
 40
12.22515939854558
 40
12.22515939854558
 40
13.22515939854558
 40
13.22515939854558
 40
13.22515939854558
 40
18.88615939854541
 40
18.88615939854541
 40
18.88615939854541
 40
20.64715939854549
 40
20.64715939854549
 40
20.64715939854549
 40
26.00715939854539
 40
26.00715939854539
 40
26.00715939854539
 40
27.00715939854539
 40
27.00715939854539
 40
27.00715939854539
 40
28.00715939854539
 40
28.00715939854539
 40
28.00715939854539
 40
29.00715939854539
 40
29.00715939854539
 40
29.00715939854539
 40
34.94715939854522
 40
34.94715939854522
 40
34.94715939854522
 40
36.70715939854522
 40
36.70715939854522
 40
36.70715939854522
 40
43.74815939854516
 40
43.74815939854516
 40
43.74815939854516
 40
43.74815939854516
 10
337.6106263888888
 20
440.1954055555555
 30
0.0
 10
337.6106263888888
 20
439.8426277777777
 30
0.0
 10
337.6176819444444
 20
439.5318305555555
 30
0.0
 10
337.6388486111111
 20
439.2637194444444
 30
0.0
 10
337.4554041666666
 20
439.2637194444444
 30
0.0
 10
337.2719597222222
 20
439.2637194444444
 30
0.0
 10
337.0885152777777
 20
439.2637194444444
 30
0.0
 10
337.0767560185184
 20
439.4496333333333
 30
0.0
 10
337.0649967592592
 20
439.6355472222222
 30
0.0
 10
337.0532375
 20
439.8214611111111
 30
0.0
 10
337.0485337962962
 20
439.8214611111111
 30
0.0
 10
337.0438300925925
 20
439.8214611111111
 30
0.0
 10
337.0391263888889
 20
439.8214611111111
 30
0.0
 10
336.8764958333333
 20
439.5459416666667
 30
0.0
 10
336.5166624999999
 20
439.1864611111111
 30
0.0
 10
335.9098847222222
 20
439.1864611111111
 30
0.0
 10
335.3736625
 20
439.1864611111111
 30
0.0
 10
334.7312541666666
 20
439.4824416666667
 30
0.0
 10
334.7312541666666
 20
440.6822388888889
 30
0.0
 10
334.7312541666666
 20
441.3479305555555
 30
0.0
 10
334.7312541666666
 20
442.0136222222222
 30
0.0
 10
334.7312541666666
 20
442.6793138888888
 30
0.0
 10
334.9383347222222
 20
442.6793138888888
 30
0.0
 10
335.1454152777778
 20
442.6793138888888
 30
0.0
 10
335.3524958333333
 20
442.6793138888888
 30
0.0
 10
335.3524958333333
 20
442.0490175925925
 30
0.0
 10
335.3524958333333
 20
441.4187212962963
 30
0.0
 10
335.3524958333333
 20
440.788425
 30
0.0
 10
335.3524958333333
 20
440.138961111111
 30
0.0
 10
335.5500513888888
 20
439.7015166666666
 30
0.0
 10
336.1144958333333
 20
439.7015166666666
 30
0.0
 10
336.5311263888889
 20
439.7015166666666
 30
0.0
 10
336.8204041666666
 20
439.9907944444444
 30
0.0
 10
336.9332930555555
 20
440.2659611111111
 30
0.0
 10
336.9685708333333
 20
440.3576833333333
 30
0.0
 10
336.9897374999999
 20
440.4705722222222
 30
0.0
 10
336.9897374999999
 20
440.5838138888889
 30
0.0
 10
336.9897374999999
 20
441.2823138888889
 30
0.0
 10
336.9897374999999
 20
441.9808138888889
 30
0.0
 10
336.9897374999999
 20
442.6793138888888
 30
0.0
 10
337.1967004629629
 20
442.6793138888888
 30
0.0
 10
337.4036634259259
 20
442.6793138888888
 30
0.0
 10
337.6106263888888
 20
442.6793138888888
 30
0.0
 10
337.6106263888888
 20
441.8513444444444
 30
0.0
 10
337.6106263888888
 20
441.0233749999999
 30
0.0
 10
337.6106263888888
 20
440.1954055555555
 30
0.0
  0
SPLINE
  5
74
330
1F
100
AcDbEntity
  8
DEFAULT
 62
    18
100
AcDbSpline
210
0.0
220
0.0
230
1.0
 70
    11
 71
     3
 72
    17
 73
    13
 74
     0
 42
0.000000001
 43
0.0000000001
 40
1.0
 40
1.0
 40
1.0
 40
1.0
 40
2.0
 40
2.0
 40
2.0
 40
3.0
 40
3.0
 40
3.0
 40
4.0
 40
4.0
 40
4.0
 40
5.0
 40
5.0
 40
5.0
 40
5.0
 10
333.9701361111111
 20
440.9996683333333
 30
0.0
 10
333.9701361111111
 20
439.7363711111111
 30
0.0
 10
333.0948944444444
 20
439.1863905555556
 30
0.0
 10
332.2693944444444
 20
439.1863905555556
 30
0.0
 10
331.3447638888888
 20
439.1863905555556
 30
0.0
 10
330.6321527777778
 20
439.8637238888888
 30
0.0
 10
330.6321527777778
 20
440.9432238888889
 30
0.0
 10
330.6321527777778
 20
442.0869294444445
 30
0.0
 10
331.3800416666667
 20
442.7572072222222
 30
0.0
 10
332.3258388888888
 20
442.7572072222222
 30
0.0
 10
333.3065611111111
 20
442.7572072222222
 30
0.0
 10
333.9701361111111
 20
442.0442433333333
 30
0.0
 10
333.9701361111111
 20
440.9996683333333
 30
0.0
  0
SPLINE
  5
75
330
1F
100
AcDbEntity
  8
DEFAULT
 62
    18
100
AcDbSpline
210
0.0
220
0.0
230
1.0
 70
    11
 71
     3
 72
    17
 73
    13
 74
     0
 42
0.000000001
 43
0.0000000001
 40
0.0
 40
0.0
 40
0.0
 40
0.0
 40
1.0
 40
1.0
 40
1.0
 40
2.0
 40
2.0
 40
2.0
 40
3.0
 40
3.0
 40
3.0
 40
4.0
 40
4.0
 40
4.0
 40
4.0
 10
331.2600972222222
 20
440.9647433333333
 30
0.0
 10
331.2600972222222
 20
440.2165016666666
 30
0.0
 10
331.6904861111111
 20
439.6520572222222
 30
0.0
 10
332.2972638888889
 20
439.6520572222222
 30
0.0
 10
332.8902833333333
 20
439.6520572222222
 30
0.0
 10
333.3347833333333
 20
440.209446111111
 30
0.0
 10
333.3347833333333
 20
440.9788544444444
 30
0.0
 10
333.3347833333333
 20
441.55741
 30
0.0
 10
333.0455055555556
 20
442.2915405555555
 30
0.0
 10
332.311375
 20
442.2915405555555
 30
0.0
 10
331.5775972222222
 20
442.2915405555555
 30
0.0
 10
331.2600972222222
 20
441.6138544444444
 30
0.0
 10
331.2600972222222
 20
440.9647433333333
 30
0.0
  0
SPLINE
  5
76
330
1F
100
AcDbEntity
  8
DEFAULT
 62
    18
100
AcDbSpline
210
0.0
220
0.0
230
1.0
 70
    11
 71
     3
 72
    44
 73
    40
 74
     0
 42
0.000000001
 43
0.0000000001
 40
6.661000000000058
 40
6.661000000000058
 40
6.661000000000058
 40
6.661000000000058
 40
7.661000000000058
 40
7.661000000000058
 40
7.661000000000058
 40
9.201000000000136
 40
9.201000000000136
 40
9.201000000000136
 40
11.10294663437247
 40
11.10294663437247
 40
11.10294663437247
 40
11.18294663437251
 40
11.18294663437251
 40
11.18294663437251
 40
12.18294663437251
 40
12.18294663437251
 40
12.18294663437251
 40
13.18294663437251
 40
13.18294663437251
 40
13.18294663437251
 40
14.84294663437259
 40
14.84294663437259
 40
14.84294663437259
 40
15.84294663437259
 40
15.84294663437259
 40
15.84294663437259
 40
16.84294663437259
 40
16.84294663437259
 40
16.84294663437259
 40
17.84294663437259
 40
17.84294663437259
 40
17.84294663437259
 40
23.00394663437265
 40
23.00394663437265
 40
23.00394663437265
 40
24.74394663437266
 40
24.74394663437266
 40
24.74394663437266
 40
31.40494663437272
 40
31.40494663437272
 40
31.40494663437272
 40
31.40494663437272
 10
328.6425213888888
 20
441.6137486111111
 30
0.0
 10
328.6425213888888
 20
442.0162680555556
 30
0.0
 10
328.6354658333333
 20
442.3619902777778
 30
0.0
 10
328.6142991666666
 20
442.6794902777777
 30
0.0
 10
328.7953917592592
 20
442.6794902777777
 30
0.0
 10
328.9764843518519
 20
442.6794902777777
 30
0.0
 10
329.1575769444444
 20
442.6794902777777
 30
0.0
 10
329.1646325
 20
442.4559467592592
 30
0.0
 10
329.1716880555555
 20
442.2324032407407
 30
0.0
 10
329.1787436111111
 20
442.0088597222222
 30
0.0
 10
329.1881510185185
 20
442.0088597222222
 30
0.0
 10
329.1975584259259
 20
442.0088597222222
 30
0.0
 10
329.2069658333333
 20
442.0088597222222
 30
0.0
 10
329.3625408333333
 20
442.4678236111111
 30
0.0
 10
329.7364852777778
 20
442.7571013888889
 30
0.0
 10
330.1527630555555
 20
442.7571013888889
 30
0.0
 10
330.2233186111111
 20
442.7571013888889
 30
0.0
 10
330.2727075
 20
442.7500458333333
 30
0.0
 10
330.3291519444444
 20
442.7359347222222
 30
0.0
 10
330.3291519444444
 20
442.5407310185185
 30
0.0
 10
330.3291519444444
 20
442.3455273148148
 30
0.0
 10
330.3291519444444
 20
442.1503236111111
 30
0.0
 10
330.2656519444444
 20
442.1644347222222
 30
0.0
 10
330.2021519444444
 20
442.1714902777777
 30
0.0
 10
330.1174852777777
 20
442.1714902777777
 30
0.0
 10
329.6796880555556
 20
442.1714902777777
 30
0.0
 10
329.3692436111111
 20
441.8398791666667
 30
0.0
 10
329.2845769444444
 20
441.3738597222222
 30
0.0
 10
329.2704658333333
 20
441.2891930555555
 30
0.0
 10
329.2563547222222
 20
441.1904152777777
 30
0.0
 10
329.2563547222222
 20
441.0845819444444
 30
0.0
 10
329.2563547222222
 20
440.4776865740741
 30
0.0
 10
329.2563547222222
 20
439.8707912037037
 30
0.0
 10
329.2563547222222
 20
439.2638958333333
 30
0.0
 10
329.0517436111111
 20
439.2638958333334
 30
0.0
 10
328.8471325
 20
439.2638958333334
 30
0.0
 10
328.6425213888888
 20
439.2638958333333
 30
0.0
 10
328.6425213888888
 20
440.0471800925926
 30
0.0
 10
328.6425213888888
 20
440.8304643518518
 30
0.0
 10
328.6425213888888
 20
441.6137486111111
 30
0.0
  0
SPLINE
  5
77
330
1F
100
AcDbEntity
  8
DEFAULT
 62
    18
100
AcDbSpline
210
0.0
220
0.0
230
1.0
 70
    11
 71
     3
 72
    56
 73
    52
 74
     0
 42
0.000000001
 43
0.0000000001
 40
1.540000000000077
 40
1.540000000000077
 40
1.540000000000077
 40
1.540000000000077
 40
2.540000000000077
 40
2.540000000000077
 40
2.540000000000077
 40
8.161000000000172
 40
8.161000000000172
 40
8.161000000000172
 40
9.161000000000172
 40
9.161000000000172
 40
9.161000000000172
 40
10.16100000000017
 40
10.16100000000017
 40
10.16100000000017
 40
11.16100000000017
 40
11.16100000000017
 40
11.16100000000017
 40
12.5726522234602
 40
12.5726522234602
 40
12.5726522234602
 40
13.5726522234602
 40
13.5726522234602
 40
13.5726522234602
 40
14.5726522234602
 40
14.5726522234602
 40
14.5726522234602
 40
15.65265222346013
 40
15.65265222346013
 40
15.65265222346013
 40
15.69265222346009
 40
15.69265222346009
 40
15.69265222346009
 40
16.69265222346009
 40
16.69265222346009
 40
16.69265222346009
 40
17.69265222346009
 40
17.69265222346009
 40
17.69265222346009
 40
18.69265222346009
 40
18.69265222346009
 40
18.69265222346009
 40
19.69265222346009
 40
19.69265222346009
 40
19.69265222346009
 40
19.73265222346017
 40
19.73265222346017
 40
19.73265222346017
 40
21.19484236157494
 40
21.19484236157494
 40
21.19484236157494
 40
22.73484236157502
 40
22.73484236157502
 40
22.73484236157502
 40
22.73484236157502
 10
327.683495
 20
442.6792080555555
 30
0.0
 10
327.6693838888888
 20
442.4322636111111
 30
0.0
 10
327.6552727777778
 20
442.1574497222222
 30
0.0
 10
327.6552727777778
 20
441.7408191666667
 30
0.0
 10
327.6552727777778
 20
441.0798312037038
 30
0.0
 10
327.6552727777778
 20
440.4188432407407
 30
0.0
 10
327.6552727777778
 20
439.7578552777778
 30
0.0
 10
327.6552727777778
 20
438.9743358333333
 30
0.0
 10
327.5000505555555
 20
438.4945580555556
 30
0.0
 10
327.1684394444444
 20
438.1982247222222
 30
0.0
 10
326.8364755555555
 20
437.8877802777778
 30
0.0
 10
326.3570505555555
 20
437.7890025
 30
0.0
 10
325.9263088888889
 20
437.7890025
 30
0.0
 10
325.5170866666666
 20
437.7890025
 30
0.0
 10
325.0651783333333
 20
437.8877802777778
 30
0.0
 10
324.7900116666667
 20
438.0712247222222
 30
0.0
 10
324.84187
 20
438.2289163888889
 30
0.0
 10
324.8937283333333
 20
438.3866080555555
 30
0.0
 10
324.9455866666667
 20
438.5442997222222
 30
0.0
 10
325.1713644444444
 20
438.4028358333334
 30
0.0
 10
325.5241422222222
 20
438.2758358333333
 30
0.0
 10
325.9474755555555
 20
438.2758358333333
 30
0.0
 10
326.5828283333333
 20
438.2758358333333
 30
0.0
 10
327.0484949999999
 20
438.6074469444445
 30
0.0
 10
327.0484949999999
 20
439.4685775
 30
0.0
 10
327.0484949999999
 20
439.5955775
 30
0.0
 10
327.0484949999999
 20
439.7225774999999
 30
0.0
 10
327.0484949999999
 20
439.8495775
 30
0.0
 10
327.0437912962963
 20
439.8495775
 30
0.0
 10
327.0390875925926
 20
439.8495775
 30
0.0
 10
327.0343838888889
 20
439.8495775
 30
0.0
 10
326.8435311111111
 20
439.5320775
 30
0.0
 10
326.4766422222222
 20
439.2780775
 30
0.0
 10
325.9474755555555
 20
439.2780775
 30
0.0
 10
325.1008088888889
 20
439.2780775
 30
0.0
 10
324.4936783333333
 20
439.9977441666667
 30
0.0
 10
324.4936783333333
 20
440.9431886111111
 30
0.0
 10
324.4936783333333
 20
442.1010052777778
 30
0.0
 10
325.2486227777778
 20
442.7571719444444
 30
0.0
 10
326.0321422222222
 20
442.7571719444444
 30
0.0
 10
326.6248088888888
 20
442.7571719444444
 30
0.0
 10
326.9497172222222
 20
442.4463747222222
 30
0.0
 10
327.0978838888889
 20
442.1641524999999
 30
0.0
 10
327.1025875925926
 20
442.1641524999999
 30
0.0
 10
327.1072912962963
 20
442.1641524999999
 30
0.0
 10
327.111995
 20
442.1641524999999
 30
0.0
 10
327.1214024074074
 20
442.3358376851851
 30
0.0
 10
327.1308098148148
 20
442.5075228703703
 30
0.0
 10
327.1402172222222
 20
442.6792080555555
 30
0.0
 10
327.3213098148148
 20
442.6792080555555
 30
0.0
 10
327.5024024074074
 20
442.6792080555555
 30
0.0
 10
327.683495
 20
442.6792080555555
 30
0.0
  0
SPLINE
  5
78
330
1F
100
AcDbEntity
  8
DEFAULT
 62
    18
100
AcDbSpline
210
0.0
220
0.0
230
1.0
 70
    11
 71
     3
 72
    26
 73
    22
 74
     0
 42
0.000000001
 43
0.0000000001
 40
1.740000000000009
 40
1.740000000000009
 40
1.740000000000009
 40
1.740000000000009
 40
2.740000000000009
 40
2.740000000000009
 40
2.740000000000009
 40
3.740000000000009
 40
3.740000000000009
 40
3.740000000000009
 40
4.740000000000009
 40
4.740000000000009
 40
4.740000000000009
 40
5.740000000000009
 40
5.740000000000009
 40
5.740000000000009
 40
6.740000000000009
 40
6.740000000000009
 40
6.740000000000009
 40
7.740000000000009
 40
7.740000000000009
 40
7.740000000000009
 40
9.480000000000018
 40
9.480000000000018
 40
9.480000000000018
 40
9.480000000000018
 10
327.0414394444444
 20
441.3315969444444
 30
0.0
 10
327.0414394444444
 20
441.4374302777778
 30
0.0
 10
327.0343838888889
 20
441.5291525
 30
0.0
 10
327.0061616666666
 20
441.6138191666666
 30
0.0
 10
326.8932727777778
 20
441.9736525
 30
0.0
 10
326.5898838888889
 20
442.2699858333334
 30
0.0
 10
326.1379755555555
 20
442.2699858333334
 30
0.0
 10
325.5453088888889
 20
442.2699858333334
 30
0.0
 10
325.1219755555555
 20
441.7690413888889
 30
0.0
 10
325.1219755555555
 20
440.9788191666667
 30
0.0
 10
325.1219755555555
 20
440.3085413888888
 30
0.0
 10
325.4606422222222
 20
439.7507997222222
 30
0.0
 10
326.1309199999999
 20
439.7507997222222
 30
0.0
 10
326.5122727777778
 20
439.7507997222222
 30
0.0
 10
326.8576422222222
 20
439.9906886111111
 30
0.0
 10
326.9920505555555
 20
440.3857997222222
 30
0.0
 10
327.0273283333333
 20
440.4916330555555
 30
0.0
 10
327.0414394444444
 20
440.6119302777778
 30
0.0
 10
327.0414394444444
 20
440.7177636111111
 30
0.0
 10
327.0414394444444
 20
440.9223747222222
 30
0.0
 10
327.0414394444444
 20
441.1269858333333
 30
0.0
 10
327.0414394444444
 20
441.3315969444444
 30
0.0
  0
POLYLINE
  5
79
330
1F
100
AcDbEntity
  8
DEFAULT
 62
    18
100
AcDb2dPolyline
 66
     1
 10
0.0
 20
0.0
 30
0.0
  0
VERTEX
  5
7A
330
79
100
AcDbEntity
  8
DEFAULT
 62
    18
100
AcDbVertex
100
AcDb2dVertex
 10
315.22924
 20
439.263931111111
 30
0.0
  0
VERTEX
  5
7B
330
79
100
AcDbEntity
  8
DEFAULT
 62
    18
100
AcDbVertex
100
AcDb2dVertex
 10
315.22924
 20
210.7362505555556
 30
0.0
  0
SEQEND
  5
7C
330
79
100
AcDbEntity
  8
DEFAULT
 62
    18
  0
POLYLINE
  5
7D
330
1F
100
AcDbEntity
  8
DEFAULT
 62
    18
100
AcDb2dPolyline
 66
     1
 10
0.0
 20
0.0
 30
0.0
 70
     1
  0
VERTEX
  5
7E
330
7D
100
AcDbEntity
  8
DEFAULT
 62
    18
100
AcDbVertex
100
AcDb2dVertex
 10
50.57281111111111
 20
204.9998722222222
 30
0.0
  0
VERTEX
  5
7F
330
7D
100
AcDbEntity
  8
DEFAULT
 62
    18
100
AcDbVertex
100
AcDb2dVertex
 10
4.999919444444445
 20
204.9998722222222
 30
0.0
  0
VERTEX
  5
80
330
7D
100
AcDbEntity
  8
DEFAULT
 62
    18
100
AcDbVertex
100
AcDb2dVertex
 10
4.999919444444445
 20
307.4197277777777
 30
0.0
  0
VERTEX
  5
81
330
7D
100
AcDbEntity
  8
DEFAULT
 62
    18
100
AcDbVertex
100
AcDb2dVertex
 10
50.57281111111111
 20
307.4197277777777
 30
0.0
  0
SEQEND
  5
82
330
7D
100
AcDbEntity
  8
DEFAULT
 62
    18
  0
POLYLINE
  5
83
330
1F
100
AcDbEntity
  8
DEFAULT
 62
    18
100
AcDb2dPolyline
 66
     1
 10
0.0
 20
0.0
 30
0.0
 70
     1
  0
VERTEX
  5
84
330
83
100
AcDbEntity
  8
DEFAULT
 62
    18
100
AcDbVertex
100
AcDb2dVertex
 10
151.2354805555555
 20
204.9998722222222
 30
0.0
  0
VERTEX
  5
85
330
83
100
AcDbEntity
  8
DEFAULT
 62
    18
100
AcDbVertex
100
AcDb2dVertex
 10
55.57308333333334
 20
204.9998722222222
 30
0.0
  0
VERTEX
  5
86
330
83
100
AcDbEntity
  8
DEFAULT
 62
    18
100
AcDbVertex
100
AcDb2dVertex
 10
55.57308333333334
 20
307.4197277777777
 30
0.0
  0
VERTEX
  5
87
330
83
100
AcDbEntity
  8
DEFAULT
 62
    18
100
AcDbVertex
100
AcDb2dVertex
 10
151.2354805555555
 20
307.4197277777777
 30
0.0
  0
SEQEND
  5
88
330
83
100
AcDbEntity
  8
DEFAULT
 62
    18
  0
POLYLINE
  5
89
330
1F
100
AcDbEntity
  8
DEFAULT
 62
     1
100
AcDb2dPolyline
 66
     1
 10
0.0
 20
0.0
 30
0.0
 70
     1
  0
VERTEX
  5
8A
330
89
100
AcDbEntity
  8
DEFAULT
 62
     1
100
AcDbVertex
100
AcDb2dVertex
 10
439.6471888888888
 20
200.3527305555555
 30
0.0
  0
VERTEX
  5
8B
330
89
100
AcDbEntity
  8
DEFAULT
 62
     1
100
AcDbVertex
100
AcDb2dVertex
 10
0.3527777777777777
 20
200.3527305555555
 30
0.0
  0
VERTEX
  5
8C
330
89
100
AcDbEntity
  8
DEFAULT
 62
     1
100
AcDbVertex
100
AcDb2dVertex
 10
0.3527777777777777
 20
449.6470277777777
 30
0.0
  0
VERTEX
  5
8D
330
89
100
AcDbEntity
  8
DEFAULT
 62
     1
100
AcDbVertex
100
AcDb2dVertex
 10
439.6471888888888
 20
449.6470277777777
 30
0.0
  0
SEQEND
  5
8E
330
89
100
AcDbEntity
  8
DEFAULT
 62
     1
  0
POLYLINE
  5
8F
330
1F
100
AcDbEntity
  8
DEFAULT
 62
     1
100
AcDb2dPolyline
 66
     1
 10
0.0
 20
0.0
 30
0.0
 70
     1
  0
VERTEX
  5
90
330
8F
100
AcDbEntity
  8
DEFAULT
 62
     1
100
AcDbVertex
100
AcDb2dVertex
 10
439.9999666666666
 20
450.0001583333333
 30
0.0
  0
VERTEX
  5
91
330
8F
100
AcDbEntity
  8
DEFAULT
 62
     1
100
AcDbVertex
100
AcDb2dVertex
 10
0.0
 20
450.0001583333333
 30
0.0
  0
VERTEX
  5
92
330
8F
100
AcDbEntity
  8
DEFAULT
 62
     1
100
AcDbVertex
100
AcDb2dVertex
 10
0.0
 20
200.0003055555555
 30
0.0
  0
VERTEX
  5
93
330
8F
100
AcDbEntity
  8
DEFAULT
 62
     1
100
AcDbVertex
100
AcDb2dVertex
 10
439.9999666666666
 20
200.0003055555555
 30
0.0
  0
SEQEND
  5
94
330
8F
100
AcDbEntity
  8
DEFAULT
 62
     1
  0
SPLINE
  5
95
330
1F
100
AcDbEntity
  8
DEFAULT
 62
     1
100
AcDbSpline
210
0.0
220
0.0
230
1.0
 70
    11
 71
     3
 72
   161
 73
   157
 74
     0
 42
0.000000001
 43
0.0000000001
 40
1.0
 40
1.0
 40
1.0
 40
1.0
 40
5.149999999999977
 40
5.149999999999977
 40
5.149999999999977
 40
6.149999999999977
 40
6.149999999999977
 40
6.149999999999977
 40
10.12080596352935
 40
10.12080596352935
 40
10.12080596352935
 40
11.12080596352935
 40
11.12080596352935
 40
11.12080596352935
 40
14.20080596352927
 40
14.20080596352927
 40
14.20080596352927
 40
15.20080596352927
 40
15.20080596352927
 40
15.20080596352927
 40
19.1857400909648
 40
19.1857400909648
 40
19.1857400909648
 40
20.1857400909648
 40
20.1857400909648
 40
20.1857400909648
 40
24.17574009096479
 40
24.17574009096479
 40
24.17574009096479
 40
25.17574009096479
 40
25.17574009096479
 40
25.17574009096479
 40
32.24689982611426
 40
32.24689982611426
 40
32.24689982611426
 40
33.24689982611426
 40
33.24689982611426
 40
33.24689982611426
 40
34.24689982611426
 40
34.24689982611426
 40
34.24689982611426
 40
44.16689982611422
 40
44.16689982611422
 40
44.16689982611422
 40
52.67689982611422
 40
52.67689982611422
 40
52.67689982611422
 40
62.59689982611418
 40
62.59689982611418
 40
62.59689982611418
 40
63.59689982611418
 40
63.59689982611418
 40
63.59689982611418
 40
64.59689982611418
 40
64.59689982611418
 40
64.59689982611418
 40
71.66131770729868
 40
71.66131770729868
 40
71.66131770729868
 40
72.66131770729868
 40
72.66131770729868
 40
72.66131770729868
 40
76.65131770729867
 40
76.65131770729867
 40
76.65131770729867
 40
77.65131770729867
 40
77.65131770729867
 40
77.65131770729867
 40
81.62212367082805
 40
81.62212367082805
 40
81.62212367082805
 40
82.62212367082805
 40
82.62212367082805
 40
82.62212367082805
 40
85.69212367082798
 40
85.69212367082798
 40
85.69212367082798
 40
86.69212367082798
 40
86.69212367082798
 40
86.69212367082798
 40
90.66292963435735
 40
90.66292963435735
 40
90.66292963435735
 40
91.66292963435735
 40
91.66292963435735
 40
91.66292963435735
 40
95.82292963435732
 40
95.82292963435732
 40
95.82292963435732
 40
96.82292963435732
 40
96.82292963435732
 40
96.82292963435732
 40
100.8004917017549
 40
100.8004917017549
 40
100.8004917017549
 40
101.8004917017549
 40
101.8004917017549
 40
101.8004917017549
 40
105.9604917017549
 40
105.9604917017549
 40
105.9604917017549
 40
106.9604917017549
 40
106.9604917017549
 40
106.9604917017549
 40
110.9312976652842
 40
110.9312976652842
 40
110.9312976652842
 40
111.9312976652842
 40
111.9312976652842
 40
111.9312976652842
 40
115.7212976652842
 40
115.7212976652842
 40
115.7212976652842
 40
116.7212976652842
 40
116.7212976652842
 40
116.7212976652842
 40
120.6994882087348
 40
120.6994882087348
 40
120.6994882087348
 40
121.6994882087348
 40
121.6994882087348
 40
121.6994882087348
 40
128.7194882087348
 40
128.7194882087348
 40
128.7194882087348
 40
129.7194882087348
 40
129.7194882087348
 40
129.7194882087348
 40
133.6902941722641
 40
133.6902941722641
 40
133.6902941722641
 40
134.6902941722641
 40
134.6902941722641
 40
134.6902941722641
 40
138.4802941722641
 40
138.4802941722641
 40
138.4802941722641
 40
139.4802941722641
 40
139.4802941722641
 40
139.4802941722641
 40
143.4369720717145
 40
143.4369720717145
 40
143.4369720717145
 40
144.4369720717145
 40
144.4369720717145
 40
144.4369720717145
 40
148.5969720717146
 40
148.5969720717146
 40
148.5969720717146
 40
149.5969720717146
 40
149.5969720717146
 40
149.5969720717146
 40
153.5677780352439
 40
153.5677780352439
 40
153.5677780352439
 40
154.5677780352439
 40
154.5677780352439
 40
154.5677780352439
 40
154.5677780352439
 10
33.39034611111111
 20
242.2805458333333
 30
0.0
 10
33.39034611111111
 20
241.792536574074
 30
0.0
 10
33.39034611111111
 20
241.3045273148148
 30
0.0
 10
33.39034611111111
 20
240.8165180555555
 30
0.0
 10
33.39034611111111
 20
240.4849069444444
 30
0.0
 10
33.51029055555556
 20
240.1674069444444
 30
0.0
 10
33.72195722222222
 20
239.9310458333333
 30
0.0
 10
34.03710537037036
 20
239.586499537037
 30
0.0
 10
34.35225351851852
 20
239.2419532407407
 30
0.0
 10
34.66740166666666
 20
238.8974069444444
 30
0.0
 10
34.88259611111111
 20
238.6610458333333
 30
0.0
 10
35.00254055555555
 20
238.3470736111111
 30
0.0
 10
35.00254055555555
 20
238.0154625
 30
0.0
 10
35.00254055555555
 20
237.6532773148148
 30
0.0
 10
35.00254055555555
 20
237.2910921296296
 30
0.0
 10
35.00254055555555
 20
236.9289069444444
 30
0.0
 10
35.00254055555555
 20
236.6008236111111
 30
0.0
 10
34.88259611111111
 20
236.2833236111111
 30
0.0
 10
34.67092944444444
 20
236.0504902777778
 30
0.0
 10
34.35460537037036
 20
235.7047680555555
 30
0.0
 10
34.03828129629628
 20
235.3590458333333
 30
0.0
 10
33.72195722222222
 20
235.0133236111111
 30
0.0
 10
33.51029055555556
 20
234.7804902777777
 30
0.0
 10
33.22101277777777
 20
234.6499625
 30
0.0
 10
32.92115166666667
 20
234.6499625
 30
0.0
 10
32.45195722222223
 20
234.6499625
 30
0.0
 10
31.98276277777778
 20
234.6499625
 30
0.0
 10
31.51356833333333
 20
234.6499625
 30
0.0
 10
31.30895722222222
 20
234.6499625
 30
0.0
 10
31.11492944444444
 20
234.7381569444444
 30
0.0
 10
30.97029055555555
 20
234.8969069444444
 30
0.0
 10
30.40937388888889
 20
235.5107402777777
 30
0.0
 10
29.84845722222222
 20
236.1245736111111
 30
0.0
 10
29.28754055555556
 20
236.7384069444444
 30
0.0
 10
29.25931833333333
 20
236.7384069444444
 30
0.0
 10
29.23815166666666
 20
237.5215736111111
 30
0.0
 10
29.23815166666666
 20
238.4881847222222
 30
0.0
 10
29.23815166666666
 20
239.4547958333333
 30
0.0
 10
29.28754055555556
 20
240.1462402777778
 30
0.0
 10
29.28754055555556
 20
240.2379625
 30
0.0
 10
29.28754055555556
 20
241.4044810185185
 30
0.0
 10
29.28754055555556
 20
242.570999537037
 30
0.0
 10
29.28754055555556
 20
243.7375180555555
 30
0.0
 10
28.28682759259259
 20
243.7375180555556
 30
0.0
 10
27.28611462962963
 20
243.7375180555556
 30
0.0
 10
26.28540166666667
 20
243.7375180555555
 30
0.0
 10
26.28540166666666
 20
242.570999537037
 30
0.0
 10
26.28540166666666
 20
241.4044810185185
 30
0.0
 10
26.28540166666667
 20
240.2379625
 30
0.0
 10
26.28540166666667
 20
240.1462402777778
 30
0.0
 10
26.33831833333333
 20
239.4547958333333
 30
0.0
 10
26.33831833333333
 20
238.4881847222222
 30
0.0
 10
26.33831833333333
 20
237.5215736111111
 30
0.0
 10
26.31362388888888
 20
236.7384069444444
 30
0.0
 10
26.28540166666667
 20
236.7384069444444
 30
0.0
 10
25.72566092592592
 20
236.1245736111111
 30
0.0
 10
25.16592018518518
 20
235.5107402777777
 30
0.0
 10
24.60617944444444
 20
234.8969069444444
 30
0.0
 10
24.46154055555555
 20
234.7381569444444
 30
0.0
 10
24.26398499999999
 20
234.6499625
 30
0.0
 10
24.05937388888889
 20
234.6499625
 30
0.0
 10
23.59017944444444
 20
234.6499625
 30
0.0
 10
23.120985
 20
234.6499625
 30
0.0
 10
22.65179055555555
 20
234.6499625
 30
0.0
 10
22.35192944444444
 20
234.6499625
 30
0.0
 10
22.06265166666666
 20
234.7804902777777
 30
0.0
 10
21.850985
 20
235.0133236111111
 30
0.0
 10
21.53583685185185
 20
235.3578699074074
 30
0.0
 10
21.2206887037037
 20
235.7024162037037
 30
0.0
 10
20.90554055555555
 20
236.0469625
 30
0.0
 10
20.69034611111111
 20
236.2833236111111
 30
0.0
 10
20.57040166666666
 20
236.6008236111111
 30
0.0
 10
20.57040166666666
 20
236.9324347222222
 30
0.0
 10
20.57040166666666
 20
237.2934439814815
 30
0.0
 10
20.57040166666666
 20
237.6544532407407
 30
0.0
 10
20.57040166666666
 20
238.0154625
 30
0.0
 10
20.57040166666666
 20
238.3470736111111
 30
0.0
 10
20.69034611111111
 20
238.6610458333333
 30
0.0
 10
20.90554055555555
 20
238.8974069444444
 30
0.0
 10
21.2206887037037
 20
239.2419532407407
 30
0.0
 10
21.53583685185185
 20
239.586499537037
 30
0.0
 10
21.850985
 20
239.9310458333333
 30
0.0
 10
22.06265166666666
 20
240.1674069444444
 30
0.0
 10
22.18259611111111
 20
240.4849069444444
 30
0.0
 10
22.18259611111111
 20
240.8165180555555
 30
0.0
 10
22.18259611111111
 20
241.3057032407407
 30
0.0
 10
22.18259611111111
 20
241.7948884259259
 30
0.0
 10
22.18259611111111
 20
242.2840736111111
 30
0.0
 10
22.18259611111111
 20
242.6121569444445
 30
0.0
 10
22.06265166666666
 20
242.9296569444444
 30
0.0
 10
21.850985
 20
243.1624902777777
 30
0.0
 10
21.53466092592592
 20
243.507036574074
 30
0.0
 10
21.21833685185185
 20
243.8515828703703
 30
0.0
 10
20.90201277777778
 20
244.1961291666666
 30
0.0
 10
20.69034611111111
 20
244.4324902777778
 30
0.0
 10
20.57040166666666
 20
244.7464625
 30
0.0
 10
20.57040166666666
 20
245.0780736111111
 30
0.0
 10
20.57040166666666
 20
245.5672587962963
 30
0.0
 10
20.57040166666666
 20
246.0564439814815
 30
0.0
 10
20.57040166666666
 20
246.5456291666667
 30
0.0
 10
20.57040166666666
 20
246.8772402777777
 30
0.0
 10
20.69034611111111
 20
247.1947402777777
 30
0.0
 10
20.90554055555555
 20
247.4311013888889
 30
0.0
 10
21.2206887037037
 20
247.7756476851851
 30
0.0
 10
21.53583685185185
 20
248.1201939814814
 30
0.0
 10
21.850985
 20
248.4647402777777
 30
0.0
 10
22.06265166666666
 20
248.6975736111111
 30
0.0
 10
22.35192944444444
 20
248.8281013888889
 30
0.0
 10
22.65179055555555
 20
248.8281013888889
 30
0.0
 10
23.09746648148148
 20
248.8281013888889
 30
0.0
 10
23.5431424074074
 20
248.8281013888889
 30
0.0
 10
23.98881833333333
 20
248.8281013888889
 30
0.0
 10
24.28867944444444
 20
248.8281013888889
 30
0.0
 10
24.581485
 20
248.9586291666666
 30
0.0
 10
24.79315166666666
 20
249.1949902777777
 30
0.0
 10
25.10829981481481
 20
249.5407125
 30
0.0
 10
25.42344796296296
 20
249.8864347222222
 30
0.0
 10
25.73859611111111
 20
250.2321569444444
 30
0.0
 10
25.95379055555555
 20
250.4649902777778
 30
0.0
 10
26.24306833333333
 20
250.5955180555555
 30
0.0
 10
26.54645722222222
 20
250.5955180555555
 30
0.0
 10
27.37195722222222
 20
250.5955180555555
 30
0.0
 10
28.19745722222222
 20
250.5955180555555
 30
0.0
 10
29.02295722222222
 20
250.5955180555555
 30
0.0
 10
29.32634611111111
 20
250.5955180555555
 30
0.0
 10
29.61562388888888
 20
250.4649902777778
 30
0.0
 10
29.83081833333333
 20
250.2286291666666
 30
0.0
 10
30.14596648148148
 20
249.8840828703703
 30
0.0
 10
30.46111462962963
 20
249.539536574074
 30
0.0
 10
30.77626277777778
 20
249.1949902777777
 30
0.0
 10
30.99145722222222
 20
248.9586291666666
 30
0.0
 10
31.280735
 20
248.8281013888889
 30
0.0
 10
31.58059611111111
 20
248.8281013888889
 30
0.0
 10
32.02627203703703
 20
248.8281013888889
 30
0.0
 10
32.47194796296296
 20
248.8281013888889
 30
0.0
 10
32.91762388888888
 20
248.8281013888889
 30
0.0
 10
33.22101277777777
 20
248.8281013888889
 30
0.0
 10
33.51029055555556
 20
248.6975736111111
 30
0.0
 10
33.725485
 20
248.4612125
 30
0.0
 10
34.03945722222222
 20
248.1178421296296
 30
0.0
 10
34.35342944444444
 20
247.7744717592592
 30
0.0
 10
34.66740166666666
 20
247.4311013888889
 30
0.0
 10
34.87906833333333
 20
247.1947402777777
 30
0.0
 10
35.00254055555555
 20
246.8772402777777
 30
0.0
 10
35.00254055555555
 20
246.5456291666667
 30
0.0
 10
35.00254055555555
 20
246.0564439814815
 30
0.0
 10
35.00254055555555
 20
245.5672587962963
 30
0.0
 10
35.00254055555555
 20
245.0780736111111
 30
0.0
 10
35.00254055555555
 20
244.7464625
 30
0.0
 10
34.88259611111111
 20
244.4324902777778
 30
0.0
 10
34.66740166666666
 20
244.1961291666666
 30
0.0
 10
34.35225351851852
 20
243.8515828703703
 30
0.0
 10
34.03710537037036
 20
243.507036574074
 30
0.0
 10
33.72195722222222
 20
243.1624902777777
 30
0.0
 10
33.51029055555556
 20
242.9296569444444
 30
0.0
 10
33.39034611111111
 20
242.6121569444445
 30
0.0
 10
33.39034611111111
 20
242.2805458333333
 30
0.0
  0
SPLINE
  5
96
330
1F
100
AcDbEntity
  8
DEFAULT
 62
     1
100
AcDbSpline
210
0.0
220
0.0
230
1.0
 70
     8
 71
     3
 72
    26
 73
    22
 74
     0
 42
0.000000001
 43
0.0000000001
 40
0.0
 40
0.0
 40
0.0
 40
0.0
 40
1.0
 40
1.0
 40
1.0
 40
2.0
 40
2.0
 40
2.0
 40
11.91999999999985
 40
11.91999999999985
 40
11.91999999999985
 40
20.42999999999984
 40
20.42999999999984
 40
20.42999999999984
 40
30.34999999999968
 40
30.34999999999968
 40
30.34999999999968
 40
31.34999999999968
 40
31.34999999999968
 40
31.34999999999968
 40
32.34999999999968
 40
32.34999999999968
 40
32.34999999999968
 40
32.34999999999968
 10
378.8055458333333
 20
400.4748149999999
 30
0.0
 10
378.8337680555555
 20
400.4748149999999
 30
0.0
 10
378.8549347222223
 20
399.6916483333333
 30
0.0
 10
378.8549347222223
 20
398.7250372222221
 30
0.0
 10
378.8549347222223
 20
397.758426111111
 30
0.0
 10
378.8055458333333
 20
397.0669816666665
 30
0.0
 10
378.8055458333333
 20
396.9752594444444
 30
0.0
 10
378.8055458333333
 20
395.8087409259259
 30
0.0
 10
378.8055458333333
 20
394.6422224074074
 30
0.0
 10
378.8055458333333
 20
393.4757038888889
 30
0.0
 10
379.8062587962963
 20
393.4757038888889
 30
0.0
 10
380.8069717592593
 20
393.4757038888889
 30
0.0
 10
381.8076847222222
 20
393.4757038888889
 30
0.0
 10
381.8076847222222
 20
394.6422224074074
 30
0.0
 10
381.8076847222222
 20
395.8087409259259
 30
0.0
 10
381.8076847222222
 20
396.9752594444444
 30
0.0
 10
381.8076847222222
 20
397.0669816666665
 30
0.0
 10
381.7547680555555
 20
397.758426111111
 30
0.0
 10
381.7547680555555
 20
398.7250372222221
 30
0.0
 10
381.7547680555555
 20
399.6916483333333
 30
0.0
 10
381.7794625
 20
400.4748149999999
 30
0.0
 10
381.8076847222222
 20
400.4748149999999
 30
0.0
  0
SPLINE
  5
97
330
1F
100
AcDbEntity
  8
DEFAULT
 62
     1
100
AcDbSpline
210
0.0
220
0.0
230
1.0
 70
     8
 71
     3
 72
   107
 73
   103
 74
     0
 42
0.000000001
 43
0.0000000001
 40
0.0
 40
0.0
 40
0.0
 40
0.0
 40
1.0
 40
1.0
 40
1.0
 40
4.315625581997959
 40
4.315625581997959
 40
4.315625581997959
 40
5.315625581997959
 40
5.315625581997959
 40
5.315625581997959
 40
9.813625581998007
 40
9.813625581998007
 40
9.813625581998007
 40
10.81362558199801
 40
10.81362558199801
 40
10.81362558199801
 40
11.81362558199801
 40
11.81362558199801
 40
11.81362558199801
 40
21.73362558199808
 40
21.73362558199808
 40
21.73362558199808
 40
30.24362558199807
 40
30.24362558199807
 40
30.24362558199807
 40
40.16362558199815
 40
40.16362558199815
 40
40.16362558199815
 40
41.16362558199815
 40
41.16362558199815
 40
41.16362558199815
 40
42.16362558199815
 40
42.16362558199815
 40
42.16362558199815
 40
46.67162558199819
 40
46.67162558199819
 40
46.67162558199819
 40
47.67162558199819
 40
47.67162558199819
 40
47.67162558199819
 40
50.98725116399614
 40
50.98725116399614
 40
50.98725116399614
 40
51.98725116399614
 40
51.98725116399614
 40
51.98725116399614
 40
53.64625116399625
 40
53.64625116399625
 40
53.64625116399625
 40
54.64625116399625
 40
54.64625116399625
 40
54.64625116399625
 40
75.91825116399642
 40
75.91825116399642
 40
75.91825116399642
 40
76.91825116399642
 40
76.91825116399642
 40
76.91825116399642
 40
86.41964500911192
 40
86.41964500911192
 40
86.41964500911192
 40
87.41964500911192
 40
87.41964500911192
 40
87.41964500911192
 40
109.877645009112
 40
109.877645009112
 40
109.877645009112
 40
110.877645009112
 40
110.877645009112
 40
110.877645009112
 40
114.2010468806888
 40
114.2010468806888
 40
114.2010468806888
 40
115.2010468806888
 40
115.2010468806888
 40
115.2010468806888
 40
119.6970468806889
 40
119.6970468806889
 40
119.6970468806889
 40
120.6970468806889
 40
120.6970468806889
 40
120.6970468806889
 40
121.6970468806889
 40
121.6970468806889
 40
121.6970468806889
 40
131.617046880689
 40
131.617046880689
 40
131.617046880689
 40
140.127046880689
 40
140.127046880689
 40
140.127046880689
 40
150.047046880689
 40
150.047046880689
 40
150.047046880689
 40
151.047046880689
 40
151.047046880689
 40
151.047046880689
 40
152.047046880689
 40
152.047046880689
 40
152.047046880689
 40
160.2470468806889
 40
160.2470468806889
 40
160.2470468806889
 40
160.2470468806889
 10
397.7687272222222
 20
383.6014891666666
 30
0.0
 10
398.0343688888888
 20
383.6014891666666
 30
0.0
 10
398.2890744444444
 20
383.4956558333333
 30
0.0
 10
398.4767522222222
 20
383.3076252777777
 30
0.0
 10
398.752154074074
 20
383.0316354629629
 30
0.0
 10
399.0275559259259
 20
382.7556456481481
 30
0.0
 10
399.3029577777777
 20
382.4796558333333
 30
0.0
 10
399.48993
 20
382.2919780555555
 30
0.0
 10
399.594705
 20
382.0379780555555
 30
0.0
 10
399.594705
 20
381.7733947222222
 30
0.0
 10
399.594705
 20
381.2444632407407
 30
0.0
 10
399.594705
 20
380.7155317592592
 30
0.0
 10
399.594705
 20
380.1866002777777
 30
0.0
 10
399.5241494444444
 20
380.1548502777777
 30
0.0
 10
398.769205
 20
380.1372113888889
 30
0.0
 10
397.848455
 20
380.1372113888889
 30
0.0
 10
396.8818438888889
 20
380.1372113888889
 30
0.0
 10
396.1903994444444
 20
380.1866002777777
 30
0.0
 10
396.0986772222222
 20
380.1866002777777
 30
0.0
 10
394.9321587037037
 20
380.1866002777777
 30
0.0
 10
393.7656401851852
 20
380.1866002777777
 30
0.0
 10
392.5991216666666
 20
380.1866002777777
 30
0.0
 10
392.5991216666666
 20
379.1858873148147
 30
0.0
 10
392.5991216666666
 20
378.1851743518517
 30
0.0
 10
392.5991216666666
 20
377.1844613888888
 30
0.0
 10
393.7656401851852
 20
377.1844613888888
 30
0.0
 10
394.9321587037037
 20
377.1844613888888
 30
0.0
 10
396.0986772222222
 20
377.1844613888888
 30
0.0
 10
396.1903994444444
 20
377.1844613888888
 30
0.0
 10
396.8818438888889
 20
377.2373780555555
 30
0.0
 10
397.848455
 20
377.2373780555555
 30
0.0
 10
398.769205
 20
377.2373780555555
 30
0.0
 10
399.5241494444444
 20
377.2162113888889
 30
0.0
 10
399.594705
 20
377.1844613888888
 30
0.0
 10
399.594705
 20
376.6543539814814
 30
0.0
 10
399.594705
 20
376.124246574074
 30
0.0
 10
399.594705
 20
375.5941391666666
 30
0.0
 10
399.594705
 20
375.3292030555555
 30
0.0
 10
399.48993
 20
375.0752030555554
 30
0.0
 10
399.3029577777777
 20
374.8878780555555
 30
0.0
 10
399.0275559259259
 20
374.6118882407407
 30
0.0
 10
398.752154074074
 20
374.3358984259259
 30
0.0
 10
398.4767522222222
 20
374.059908611111
 30
0.0
 10
398.2890744444444
 20
373.8718780555556
 30
0.0
 10
398.0343688888888
 20
373.7660447222221
 30
0.0
 10
397.7687272222222
 20
373.7660447222221
 30
0.0
 10
397.5736411111111
 20
373.7660447222221
 30
0.0
 10
397.3785549999999
 20
373.7660447222221
 30
0.0
 10
397.1834688888889
 20
373.7660447222221
 30
0.0
 10
396.6310188888889
 20
373.7660447222221
 30
0.0
 10
396.1833438888889
 20
373.3183697222222
 30
0.0
 10
396.1833438888889
 20
372.7659197222222
 30
0.0
 10
396.1833438888889
 20
370.2644900925925
 30
0.0
 10
396.1833438888889
 20
367.7630604629629
 30
0.0
 10
396.1833438888889
 20
365.2616308333332
 30
0.0
 10
396.1833438888889
 20
364.4657641666666
 30
0.0
 10
396.4994327777778
 20
363.7027058333333
 30
0.0
 10
397.0621133333333
 20
363.1400252777777
 30
0.0
 10
397.8522179629629
 20
362.3500382407407
 30
0.0
 10
398.6423225925925
 20
361.5600512037037
 30
0.0
 10
399.4324272222221
 20
360.7700641666666
 30
0.0
 10
399.80743
 20
360.3947086111111
 30
0.0
 10
400.0180383333333
 20
359.8860030555555
 30
0.0
 10
400.0180383333333
 20
359.3557780555555
 30
0.0
 10
400.0180383333333
 20
356.714883611111
 30
0.0
 10
400.0180383333333
 20
354.0739891666666
 30
0.0
 10
400.0180383333333
 20
351.4330947222222
 30
0.0
 10
400.0180383333333
 20
351.1678058333333
 30
0.0
 10
399.9129105555555
 20
350.9134530555555
 30
0.0
 10
399.7252327777778
 20
350.7261280555555
 30
0.0
 10
399.4488901851851
 20
350.4497854629629
 30
0.0
 10
399.1725475925925
 20
350.1734428703703
 30
0.0
 10
398.896205
 20
349.8971002777777
 30
0.0
 10
398.70888
 20
349.7097752777777
 30
0.0
 10
398.4545272222222
 20
349.6042947222222
 30
0.0
 10
398.1892383333333
 20
349.6042947222222
 30
0.0
 10
397.660542037037
 20
349.6042947222222
 30
0.0
 10
397.1318457407407
 20
349.6042947222222
 30
0.0
 10
396.6031494444444
 20
349.6042947222222
 30
0.0
 10
396.5749272222222
 20
349.6889613888889
 30
0.0
 10
396.5572883333333
 20
350.4368502777778
 30
0.0
 10
396.5572883333333
 20
351.3470169444444
 30
0.0
 10
396.5572883333333
 20
352.3136280555555
 30
0.0
 10
396.6066772222222
 20
353.0050724999999
 30
0.0
 10
396.6066772222222
 20
353.0967947222222
 30
0.0
 10
396.6066772222222
 20
354.2633132407407
 30
0.0
 10
396.6066772222222
 20
355.4298317592593
 30
0.0
 10
396.6066772222222
 20
356.5963502777777
 30
0.0
 10
395.6059642592592
 20
356.5963502777777
 30
0.0
 10
394.6052512962963
 20
356.5963502777777
 30
0.0
 10
393.6045383333333
 20
356.5963502777777
 30
0.0
 10
393.6045383333333
 20
355.4298317592592
 30
0.0
 10
393.6045383333333
 20
354.2633132407407
 30
0.0
 10
393.6045383333333
 20
353.0967947222222
 30
0.0
 10
393.6045383333333
 20
353.0050724999999
 30
0.0
 10
393.657455
 20
352.3136280555555
 30
0.0
 10
393.657455
 20
351.3470169444444
 30
0.0
 10
393.657455
 20
350.4368502777778
 30
0.0
 10
393.6362883333333
 20
349.6889613888889
 30
0.0
 10
393.608066111111
 20
349.6042947222222
 30
0.0
 10
392.6438068518518
 20
349.6042947222222
 30
0.0
 10
391.6795475925925
 20
349.6042947222222
 30
0.0
 10
390.7152883333333
 20
349.6042947222222
 30
0.0
  0
SPLINE
  5
98
330
1F
100
AcDbEntity
  8
DEFAULT
 62
     1
100
AcDbSpline
210
0.0
220
0.0
230
1.0
 70
     8
 71
     3
 72
    32
 73
    28
 74
     0
 42
0.000000001
 43
0.0000000001
 40
0.0
 40
0.0
 40
0.0
 40
0.0
 40
1.0
 40
1.0
 40
1.0
 40
5.161000000000058
 40
5.161000000000058
 40
5.161000000000058
 40
6.161000000000058
 40
6.161000000000058
 40
6.161000000000058
 40
27.51421057827148
 40
27.51421057827148
 40
27.51421057827148
 40
28.51421057827148
 40
28.51421057827148
 40
28.51421057827148
 40
48.02221057827153
 40
48.02221057827153
 40
48.02221057827153
 40
49.02221057827153
 40
49.02221057827153
 40
49.02221057827153
 40
55.82023507072528
 40
55.82023507072528
 40
55.82023507072528
 40
56.82023507072528
 40
56.82023507072528
 40
56.82023507072528
 40
56.82023507072528
 10
379.5203441666666
 20
379.3827255555555
 30
0.0
 10
379.2113108333332
 20
379.5615838888889
 30
0.0
 10
379.0208108333333
 20
379.8914311111111
 30
0.0
 10
379.0208108333333
 20
380.2484422222222
 30
0.0
 10
379.0208108333333
 20
380.737745
 30
0.0
 10
379.0208108333333
 20
381.2270477777777
 30
0.0
 10
379.0208108333333
 20
381.7163505555556
 30
0.0
 10
379.0208108333333
 20
381.9812866666666
 30
0.0
 10
378.9153302777777
 20
382.2356394444444
 30
0.0
 10
378.7280052777777
 20
382.4233172222222
 30
0.0
 10
376.9524747222222
 20
384.1988477777777
 30
0.0
 10
375.1769441666665
 20
385.9743783333333
 30
0.0
 10
373.401413611111
 20
387.7499088888889
 30
0.0
 10
372.6514080555555
 20
388.4999144444444
 30
0.0
 10
372.2298386111111
 20
389.5173255555555
 30
0.0
 10
372.2298386111111
 20
390.5781283333333
 30
0.0
 10
372.2298386111111
 20
392.8721246296296
 30
0.0
 10
372.2298386111111
 20
395.1661209259259
 30
0.0
 10
372.2298386111111
 20
397.4601172222222
 30
0.0
 10
372.2298386111111
 20
398.1617922222222
 30
0.0
 10
372.4143413888888
 20
398.8507672222222
 30
0.0
 10
372.7650025
 20
399.4586033333333
 30
0.0
 10
373.1643469444444
 20
400.1511061111111
 30
0.0
 10
373.5636913888889
 20
400.8436088888889
 30
0.0
 10
373.9630358333333
 20
401.5361116666667
 30
0.0
 10
374.2918247222222
 20
402.1058477777777
 30
0.0
 10
375.071463611111
 20
402.2088588888889
 30
0.0
 10
375.5364247222222
 20
401.743545
 30
0.0
  0
SPLINE
  5
99
330
1F
100
AcDbEntity
  8
DEFAULT
 62
     1
100
AcDbSpline
210
0.0
220
0.0
230
1.0
 70
     8
 71
     3
 72
   218
 73
   214
 74
     0
 42
0.000000001
 43
0.0000000001
 40
0.0
 40
0.0
 40
0.0
 40
0.0
 40
1.000030269511127
 40
1.000030269511127
 40
1.000030269511127
 40
2.000060539022253
 40
2.000060539022253
 40
2.000060539022253
 40
11.91951901750734
 40
11.91951901750734
 40
11.91951901750734
 40
20.43604945977471
 40
20.43604945977471
 40
20.43604945977471
 40
30.35051114495368
 40
30.35051114495368
 40
30.35051114495368
 40
31.35054141446481
 40
31.35054141446481
 40
31.35054141446481
 40
32.36471424767534
 40
32.36471424767534
 40
32.36471424767534
 40
36.86236080756184
 40
36.86236080756184
 40
36.86236080756184
 40
37.86239107707297
 40
37.86239107707297
 40
37.86239107707297
 40
40.7199589801517
 40
40.7199589801517
 40
40.7199589801517
 40
41.71998924966283
 40
41.71998924966283
 40
41.71998924966283
 40
65.28262300738339
 40
65.28262300738339
 40
65.28262300738339
 40
66.28265327689452
 40
66.28265327689452
 40
66.28265327689452
 40
86.49326502371443
 40
86.49326502371443
 40
86.49326502371443
 40
87.49329529322556
 40
87.49329529322556
 40
87.49329529322556
 40
94.15444279557828
 40
94.15444279557828
 40
94.15444279557828
 40
95.15447306508939
 40
95.15447306508939
 40
95.15447306508939
 40
118.9851943875396
 40
118.9851943875396
 40
118.9851943875396
 40
119.9852246570507
 40
119.9852246570507
 40
119.9852246570507
 40
123.9592850565434
 40
123.9592850565434
 40
123.9592850565434
 40
124.9593153260545
 40
124.9593153260545
 40
124.9593153260545
 40
131.5895160129134
 40
131.5895160129134
 40
131.5895160129134
 40
132.5895462824245
 40
132.5895462824245
 40
132.5895462824245
 40
135.9271913154504
 40
135.9271913154504
 40
135.9271913154504
 40
136.9272215849616
 40
136.9272215849616
 40
136.9272215849616
 40
141.4273577977616
 40
141.4273577977616
 40
141.4273577977616
 40
142.4273880672728
 40
142.4273880672728
 40
142.4273880672728
 40
143.4274183367839
 40
143.4274183367839
 40
143.4274183367839
 40
153.3477186103343
 40
153.3477186103343
 40
153.3477186103343
 40
161.857976203874
 40
161.857976203874
 40
161.857976203874
 40
171.7782764774245
 40
171.7782764774245
 40
171.7782764774245
 40
172.7783067469356
 40
172.7783067469356
 40
172.7783067469356
 40
173.7783370164467
 40
173.7783370164467
 40
173.7783370164467
 40
178.2784732292468
 40
178.2784732292468
 40
178.2784732292468
 40
179.2785034987579
 40
179.2785034987579
 40
179.2785034987579
 40
190.6066970218672
 40
190.6066970218672
 40
190.6066970218672
 40
191.6067272913783
 40
191.6067272913783
 40
191.6067272913783
 40
194.9268277861552
 40
194.9268277861552
 40
194.9268277861552
 40
195.9268580556663
 40
195.9268580556663
 40
195.9268580556663
 40
199.328151975936
 40
199.328151975936
 40
199.328151975936
 40
200.3281822454471
 40
200.3281822454471
 40
200.3281822454471
 40
213.2085721167502
 40
213.2085721167502
 40
213.2085721167502
 40
214.2086023862614
 40
214.2086023862614
 40
214.2086023862614
 40
217.5179622918889
 40
217.5179622918889
 40
217.5179622918889
 40
218.5179925614001
 40
218.5179925614001
 40
218.5179925614001
 40
228.4382928349504
 40
228.4382928349504
 40
228.4382928349504
 40
229.4383231044615
 40
229.4383231044615
 40
229.4383231044615
 40
232.7618255737884
 40
232.7618255737884
 40
232.7618255737884
 40
233.7618558432995
 40
233.7618558432995
 40
233.7618558432995
 40
235.4319063933829
 40
235.4319063933829
 40
235.4319063933829
 40
236.431936662894
 40
236.431936662894
 40
236.431936662894
 40
238.1019872129776
 40
238.1019872129776
 40
238.1019872129776
 40
239.1020174824887
 40
239.1020174824887
 40
239.1020174824887
 40
242.4255199518154
 40
242.4255199518154
 40
242.4255199518154
 40
243.4255502213265
 40
243.4255502213265
 40
243.4255502213265
 40
247.9256864341266
 40
247.9256864341266
 40
247.9256864341266
 40
248.9257167036377
 40
248.9257167036377
 40
248.9257167036377
 40
249.9257469731488
 40
249.9257469731488
 40
249.9257469731488
 40
259.8460472466991
 40
259.8460472466991
 40
259.8460472466991
 40
268.3563048402388
 40
268.3563048402388
 40
268.3563048402388
 40
278.2766051137892
 40
278.2766051137892
 40
278.2766051137892
 40
279.2766353833003
 40
279.2766353833003
 40
279.2766353833003
 40
280.2908082165107
 40
280.2908082165107
 40
280.2908082165107
 40
284.7809441266156
 40
284.7809441266156
 40
284.7809441266156
 40
285.7809743961268
 40
285.7809743961268
 40
285.7809743961268
 40
289.0974131222754
 40
289.0974131222754
 40
289.0974131222754
 40
290.0974433917865
 40
290.0974433917865
 40
290.0974433917865
 40
312.5781238503967
 40
312.5781238503967
 40
312.5781238503967
 40
313.5781541199078
 40
313.5781541199078
 40
313.5781541199078
 40
329.375397771984
 40
329.375397771984
 40
329.375397771984
 40
330.3754280414951
 40
330.3754280414951
 40
330.3754280414951
 40
330.3754280414951
 10
374.5864647222222
 20
374.81383
 30
0.0
 10
374.6429091666666
 20
374.81383
 30
0.0
 10
375.3167147222222
 20
374.4504688888889
 30
0.0
 10
376.128103611111
 20
373.9812744444445
 30
0.0
 10
376.9641869444444
 20
373.5014966666666
 30
0.0
 10
377.5392147222221
 20
373.1134411111111
 30
0.0
 10
377.6203536111111
 20
373.06758
 30
0.0
 10
378.6304739814814
 20
372.4843207407407
 30
0.0
 10
379.6405943518518
 20
371.9010614814815
 30
0.0
 10
380.6507147222222
 20
371.3178022222222
 30
0.0
 10
381.1504832407407
 20
372.1856355555555
 30
0.0
 10
381.6502517592592
 20
373.0534688888889
 30
0.0
 10
382.1500202777777
 20
373.9213022222222
 30
0.0
 10
381.1398999074074
 20
374.5033855555556
 30
0.0
 10
380.1297795370369
 20
375.085468888889
 30
0.0
 10
379.1196591666666
 20
375.6675522222222
 30
0.0
 10
379.0385202777777
 20
375.7134133333333
 30
0.0
 10
378.414103611111
 20
376.0132744444444
 30
0.0
 10
377.5744925
 20
376.49658
 30
0.0
 10
376.7454647222222
 20
376.9728299999999
 30
0.0
 10
376.0857702777777
 20
377.3820522222222
 30
0.0
 10
376.0892980555555
 20
377.41733
 30
0.0
 10
376.3527054629629
 20
377.8759411111112
 30
0.0
 10
376.6161128703704
 20
378.3345522222223
 30
0.0
 10
376.8795202777777
 20
378.7931633333333
 30
0.0
 10
377.0135758333333
 20
379.0224688888889
 30
0.0
 10
377.2322980555555
 20
379.1918022222222
 30
0.0
 10
377.4898258333333
 20
379.2623577777777
 30
0.0
 10
377.8143813888889
 20
379.3493762962962
 30
0.0
 10
378.1389369444444
 20
379.4363948148148
 30
0.0
 10
378.4634925
 20
379.5234133333333
 30
0.0
 10
378.8197980555555
 20
379.6186633333333
 30
0.0
 10
379.2007980555555
 20
379.5692744444444
 30
0.0
 10
379.5218258333333
 20
379.3823022222222
 30
0.0
 10
381.9207147222222
 20
377.9958855555556
 30
0.0
 10
384.3196036111111
 20
376.6094688888888
 30
0.0
 10
386.7184925
 20
375.2230522222222
 30
0.0
 10
387.6462980555555
 20
374.68683
 30
0.0
 10
388.2177980555555
 20
373.6955244444444
 30
0.0
 10
388.2177980555555
 20
372.62308
 30
0.0
 10
388.2177980555555
 20
370.2465337037036
 30
0.0
 10
388.2177980555555
 20
367.8699874074073
 30
0.0
 10
388.2177980555555
 20
365.4934411111111
 30
0.0
 10
388.2177980555555
 20
364.9607466666666
 30
0.0
 10
388.0061313888888
 20
364.4527466666667
 30
0.0
 10
387.6321869444444
 20
364.0788022222222
 30
0.0
 10
387.0783258333333
 20
363.5249411111111
 30
0.0
 10
386.5244647222221
 20
362.97108
 30
0.0
 10
385.9706036111111
 20
362.4172188888888
 30
0.0
 10
385.5966591666667
 20
362.0432744444444
 30
0.0
 10
385.3849924999999
 20
361.5352744444444
 30
0.0
 10
385.3849924999999
 20
361.00258
 30
0.0
 10
385.3849924999999
 20
358.2003485185185
 30
0.0
 10
385.3849924999999
 20
355.3981170370371
 30
0.0
 10
385.3849924999999
 20
352.5958855555555
 30
0.0
 10
385.3849924999999
 20
352.0631911111111
 30
0.0
 10
385.5966591666667
 20
351.5551911111111
 30
0.0
 10
385.9706036111111
 20
351.1812466666667
 30
0.0
 10
386.3010387962963
 20
350.8508114814815
 30
0.0
 10
386.6314739814814
 20
350.5203762962963
 30
0.0
 10
386.9619091666666
 20
350.1899411111111
 30
0.0
 10
387.3358536111111
 20
349.8159966666666
 30
0.0
 10
387.8438536111111
 20
349.60433
 30
0.0
 10
388.3765480555555
 20
349.60433
 30
0.0
 10
389.1561869444444
 20
349.6043299999999
 30
0.0
 10
389.9358258333332
 20
349.6043299999999
 30
0.0
 10
390.7154647222222
 20
349.60433
 30
0.0
 10
390.9800480555555
 20
349.60433
 30
0.0
 10
391.2340480555555
 20
349.4984966666667
 30
0.0
 10
391.4210202777778
 20
349.3115244444444
 30
0.0
 10
391.6985387962962
 20
349.0340059259259
 30
0.0
 10
391.9760573148148
 20
348.7564874074074
 30
0.0
 10
392.2535758333333
 20
348.4789688888889
 30
0.0
 10
392.4405480555555
 20
348.2919966666666
 30
0.0
 10
392.5463813888888
 20
348.0379966666667
 30
0.0
 10
392.5463813888888
 20
347.7734133333333
 30
0.0
 10
392.5463813888888
 20
347.2442466666666
 30
0.0
 10
392.5463813888888
 20
346.71508
 30
0.0
 10
392.5463813888888
 20
346.1859133333334
 30
0.0
 10
392.5463813888888
 20
346.1576911111111
 30
0.0
 10
391.7632147222222
 20
346.1365244444444
 30
0.0
 10
390.7966036111111
 20
346.1365244444444
 30
0.0
 10
389.8299924999999
 20
346.1365244444444
 30
0.0
 10
389.1385480555555
 20
346.1859133333334
 30
0.0
 10
389.0468258333333
 20
346.1859133333334
 30
0.0
 10
387.8803073148147
 20
346.1859133333334
 30
0.0
 10
386.7137887962962
 20
346.1859133333334
 30
0.0
 10
385.5472702777777
 20
346.1859133333334
 30
0.0
 10
385.5472702777777
 20
345.1852003703704
 30
0.0
 10
385.5472702777777
 20
344.1844874074075
 30
0.0
 10
385.5472702777777
 20
343.1837744444445
 30
0.0
 10
386.7137887962962
 20
343.1837744444445
 30
0.0
 10
387.8803073148147
 20
343.1837744444445
 30
0.0
 10
389.0468258333333
 20
343.1837744444445
 30
0.0
 10
389.1385480555555
 20
343.1837744444445
 30
0.0
 10
389.8299924999999
 20
343.2366911111111
 30
0.0
 10
390.7966036111111
 20
343.2366911111111
 30
0.0
 10
391.7632147222222
 20
343.2366911111111
 30
0.0
 10
392.5463813888888
 20
343.2119966666667
 30
0.0
 10
392.5463813888888
 20
343.1837744444445
 30
0.0
 10
392.5463813888888
 20
342.6546077777778
 30
0.0
 10
392.5463813888888
 20
342.1254411111111
 30
0.0
 10
392.5463813888888
 20
341.5962744444445
 30
0.0
 10
392.5463813888888
 20
341.3316911111111
 30
0.0
 10
392.4405480555555
 20
341.0776911111111
 30
0.0
 10
392.2535758333333
 20
340.8907188888889
 30
0.0
 10
391.3116591666666
 20
339.9488022222222
 30
0.0
 10
390.3697424999999
 20
339.0068855555555
 30
0.0
 10
389.4278258333333
 20
338.0649688888889
 30
0.0
 10
389.240853611111
 20
337.8779966666667
 30
0.0
 10
388.986853611111
 20
337.7721633333333
 30
0.0
 10
388.7222702777777
 20
337.7721633333333
 30
0.0
 10
388.3318628703703
 20
337.7721633333333
 30
0.0
 10
387.9414554629629
 20
337.7721633333333
 30
0.0
 10
387.5510480555555
 20
337.7721633333333
 30
0.0
 10
387.2829369444444
 20
337.7721633333333
 30
0.0
 10
387.0289369444444
 20
337.8779966666667
 30
0.0
 10
386.8419647222222
 20
338.0649688888889
 30
0.0
 10
386.5597424999999
 20
338.348367037037
 30
0.0
 10
386.2775202777777
 20
338.6317651851852
 30
0.0
 10
385.9952980555555
 20
338.9151633333333
 30
0.0
 10
385.8083258333332
 20
339.1021355555555
 30
0.0
 10
385.5543258333333
 20
339.2079688888888
 30
0.0
 10
385.2862147222222
 20
339.2079688888888
 30
0.0
 10
383.7716221296296
 20
339.2079688888888
 30
0.0
 10
382.2570295370369
 20
339.2079688888888
 30
0.0
 10
380.7424369444444
 20
339.2079688888888
 30
0.0
 10
380.4778536111111
 20
339.2079688888888
 30
0.0
 10
380.2238536111111
 20
339.1021355555555
 30
0.0
 10
380.0368813888888
 20
338.9151633333333
 30
0.0
 10
379.7617147222222
 20
338.6399966666667
 30
0.0
 10
379.4865480555555
 20
338.36483
 30
0.0
 10
379.2113813888888
 20
338.0896633333333
 30
0.0
 10
379.0244091666666
 20
337.9026911111111
 30
0.0
 10
378.9185758333333
 20
337.6486911111111
 30
0.0
 10
378.9185758333333
 20
337.3841077777778
 30
0.0
 10
378.9185758333333
 20
336.2175892592592
 30
0.0
 10
378.9185758333333
 20
335.0510707407407
 30
0.0
 10
378.9185758333333
 20
333.8845522222222
 30
0.0
 10
378.9185758333333
 20
333.6199688888889
 30
0.0
 10
378.8127425
 20
333.3659688888889
 30
0.0
 10
378.6257702777777
 20
333.1789966666666
 30
0.0
 10
378.3494276851852
 20
332.9026540740741
 30
0.0
 10
378.0730850925925
 20
332.6263114814814
 30
0.0
 10
377.7967424999999
 20
332.3499688888889
 30
0.0
 10
377.6097702777777
 20
332.1629966666667
 30
0.0
 10
377.3557702777777
 20
332.0571633333333
 30
0.0
 10
377.0911869444444
 20
332.0571633333333
 30
0.0
 10
376.8948073148147
 20
332.0571633333333
 30
0.0
 10
376.6984276851851
 20
332.0571633333333
 30
0.0
 10
376.5020480555555
 20
332.0571633333333
 30
0.0
 10
375.9517147222222
 20
332.0571633333333
 30
0.0
 10
375.5036869444444
 20
332.5051911111111
 30
0.0
 10
375.5036869444444
 20
333.0555244444444
 30
0.0
 10
375.5036869444444
 20
333.251904074074
 30
0.0
 10
375.5036869444444
 20
333.4482837037037
 30
0.0
 10
375.5036869444444
 20
333.6446633333333
 30
0.0
 10
375.5036869444444
 20
333.9092466666667
 30
0.0
 10
375.397853611111
 20
334.1632466666667
 30
0.0
 10
375.2108813888888
 20
334.3502188888889
 30
0.0
 10
374.9345387962962
 20
334.6265614814815
 30
0.0
 10
374.6581962037037
 20
334.9029040740741
 30
0.0
 10
374.3818536111111
 20
335.1792466666666
 30
0.0
 10
374.1948813888889
 20
335.3662188888889
 30
0.0
 10
373.9408813888888
 20
335.4720522222222
 30
0.0
 10
373.6762980555555
 20
335.4720522222222
 30
0.0
 10
373.1471313888889
 20
335.4720522222222
 30
0.0
 10
372.6179647222222
 20
335.4720522222222
 30
0.0
 10
372.0887980555555
 20
335.4720522222222
 30
0.0
 10
372.0605758333332
 20
335.5426077777778
 30
0.0
 10
372.0429369444444
 20
336.2975522222222
 30
0.0
 10
372.0429369444444
 20
337.2183022222222
 30
0.0
 10
372.0429369444444
 20
338.1849133333333
 30
0.0
 10
372.0923258333333
 20
338.8763577777777
 30
0.0
 10
372.0923258333333
 20
338.96808
 30
0.0
 10
372.0923258333333
 20
340.1345985185185
 30
0.0
 10
372.0923258333333
 20
341.301117037037
 30
0.0
 10
372.0923258333333
 20
342.4676355555555
 30
0.0
 10
371.0916128703703
 20
342.4676355555555
 30
0.0
 10
370.0908999074074
 20
342.4676355555555
 30
0.0
 10
369.0901869444444
 20
342.4676355555555
 30
0.0
 10
369.0901869444444
 20
341.301117037037
 30
0.0
 10
369.0901869444444
 20
340.1345985185185
 30
0.0
 10
369.0901869444444
 20
338.96808
 30
0.0
 10
369.0901869444444
 20
338.8763577777777
 30
0.0
 10
369.143103611111
 20
338.1849133333333
 30
0.0
 10
369.143103611111
 20
337.2183022222222
 30
0.0
 10
369.143103611111
 20
336.2516911111111
 30
0.0
 10
369.1184091666666
 20
335.4685244444444
 30
0.0
 10
369.0866591666667
 20
335.4649966666667
 30
0.0
 10
368.5586684259259
 20
335.4649966666667
 30
0.0
 10
368.0306776851851
 20
335.4649966666667
 30
0.0
 10
367.5026869444444
 20
335.4649966666667
 30
0.0
 10
367.2345758333333
 20
335.4649966666667
 30
0.0
 10
366.9805758333333
 20
335.57083
 30
0.0
 10
366.7936036111111
 20
335.7578022222222
 30
0.0
 10
366.5184369444444
 20
336.0341448148147
 30
0.0
 10
366.2432702777778
 20
336.3104874074074
 30
0.0
 10
365.968103611111
 20
336.58683
 30
0.0
 10
365.7811313888888
 20
336.7738022222222
 30
0.0
 10
365.6752980555555
 20
337.0278022222222
 30
0.0
 10
365.6752980555555
 20
337.2923855555555
 30
0.0
 10
365.6752980555555
 20
339.935867037037
 30
0.0
 10
365.6752980555555
 20
342.5793485185185
 30
0.0
 10
365.6752980555555
 20
345.22283
 30
0.0
 10
365.6752980555555
 20
345.7555244444445
 30
0.0
 10
365.8869647222222
 20
346.2635244444444
 30
0.0
 10
366.2609091666666
 20
346.6374688888889
 30
0.0
 10
367.5744184259258
 20
347.9509781481481
 30
0.0
 10
368.8879276851851
 20
349.2644874074074
 30
0.0
 10
370.2014369444444
 20
350.5779966666666
 30
0.0
 10
370.3072702777777
 20
350.68383
 30
0.0
 10
370.4377980555555
 20
350.7614411111111
 30
0.0
 10
370.5824369444445
 20
350.81083
 30
0.0
  0
SPLINE
  5
9A
330
1F
100
AcDbEntity
  8
DEFAULT
 62
     1
100
AcDbSpline
210
0.0
220
0.0
230
1.0
 70
     8
 71
     3
 72
   134
 73
   130
 74
     0
 42
0.000000001
 43
0.0000000001
 40
0.0
 40
0.0
 40
0.0
 40
0.0
 40
1.0
 40
1.0
 40
1.0
 40
4.913128927086268
 40
4.913128927086268
 40
4.913128927086268
 40
5.913128927086268
 40
5.913128927086268
 40
5.913128927086268
 40
23.40512892708623
 40
23.40512892708623
 40
23.40512892708623
 40
24.40512892708623
 40
24.40512892708623
 40
24.40512892708623
 40
27.72853079866288
 40
27.72853079866288
 40
27.72853079866288
 40
28.72853079866288
 40
28.72853079866288
 40
28.72853079866288
 40
46.04653079866286
 40
46.04653079866286
 40
46.04653079866286
 40
47.04653079866286
 40
47.04653079866286
 40
47.04653079866286
 40
66.83491468921854
 40
66.83491468921854
 40
66.83491468921854
 40
67.83491468921854
 40
67.83491468921854
 40
67.83491468921854
 40
78.07391468921857
 40
78.07391468921857
 40
78.07391468921857
 40
79.07391468921857
 40
79.07391468921857
 40
79.07391468921857
 40
80.07391468921857
 40
80.07391468921857
 40
80.07391468921857
 40
81.07391468921857
 40
81.07391468921857
 40
81.07391468921857
 40
89.20281424573902
 40
89.20281424573902
 40
89.20281424573902
 40
90.20281424573902
 40
90.20281424573902
 40
90.20281424573902
 40
105.8068142457391
 40
105.8068142457391
 40
105.8068142457391
 40
106.8068142457391
 40
106.8068142457391
 40
106.8068142457391
 40
126.6121691024439
 40
126.6121691024439
 40
126.6121691024439
 40
127.6121691024439
 40
127.6121691024439
 40
127.6121691024439
 40
135.9151691024437
 40
135.9151691024437
 40
135.9151691024437
 40
136.9151691024437
 40
136.9151691024437
 40
136.9151691024437
 40
152.3279756281872
 40
152.3279756281872
 40
152.3279756281872
 40
153.3279756281872
 40
153.3279756281872
 40
153.3279756281872
 40
194.1409756281871
 40
194.1409756281871
 40
194.1409756281871
 40
195.1409756281871
 40
195.1409756281871
 40
195.1409756281871
 40
198.4643774997638
 40
198.4643774997638
 40
198.4643774997638
 40
199.4643774997638
 40
199.4643774997638
 40
199.4643774997638
 40
203.9603774997637
 40
203.9603774997637
 40
203.9603774997637
 40
204.9603774997637
 40
204.9603774997637
 40
204.9603774997637
 40
205.9603774997637
 40
205.9603774997637
 40
205.9603774997637
 40
215.8803774997637
 40
215.8803774997637
 40
215.8803774997637
 40
224.3903774997637
 40
224.3903774997637
 40
224.3903774997637
 40
234.3103774997638
 40
234.3103774997638
 40
234.3103774997638
 40
235.3103774997638
 40
235.3103774997638
 40
235.3103774997638
 40
236.3103774997638
 40
236.3103774997638
 40
236.3103774997638
 40
240.8093846124499
 40
240.8093846124499
 40
240.8093846124499
 40
241.8093846124499
 40
241.8093846124499
 40
241.8093846124499
 40
255.8765680547742
 40
255.8765680547742
 40
255.8765680547742
 40
256.8765680547742
 40
256.8765680547742
 40
256.8765680547742
 40
262.4735680547742
 40
262.4735680547742
 40
262.4735680547742
 40
263.4735680547742
 40
263.4735680547742
 40
263.4735680547742
 40
263.4735680547742
 10
375.2662322222221
 20
403.7948419444444
 30
0.0
 10
374.8820572222222
 20
403.1287975
 30
0.0
 10
374.9928294444444
 20
402.2874225
 30
0.0
 10
375.53646
 20
401.7437919444444
 30
0.0
 10
375.8618387037037
 20
401.4184132407407
 30
0.0
 10
376.1872174074074
 20
401.0930345370371
 30
0.0
 10
376.5125961111111
 20
400.7676558333333
 30
0.0
 10
376.6999211111111
 20
400.5803308333332
 30
0.0
 10
376.9542738888888
 20
400.4748502777777
 30
0.0
 10
377.2195627777777
 20
400.4748502777777
 30
0.0
 10
379.2764924074074
 20
400.4748502777777
 30
0.0
 10
381.333422037037
 20
400.4748502777777
 30
0.0
 10
383.3903516666666
 20
400.4748502777777
 30
0.0
 10
383.6552877777777
 20
400.4748502777777
 30
0.0
 10
383.9096405555555
 20
400.3693697222221
 30
0.0
 10
384.0973183333333
 20
400.1820447222221
 30
0.0
 10
384.3736609259259
 20
399.9057021296296
 30
0.0
 10
384.6500035185185
 20
399.629359537037
 30
0.0
 10
384.9263461111111
 20
399.3530169444444
 30
0.0
 10
385.113671111111
 20
399.1656919444443
 30
0.0
 10
385.2191516666666
 20
398.9113391666666
 30
0.0
 10
385.2191516666666
 20
398.6460502777777
 30
0.0
 10
385.2191516666665
 20
396.6095817592592
 30
0.0
 10
385.2191516666665
 20
394.5731132407407
 30
0.0
 10
385.2191516666666
 20
392.5366447222221
 30
0.0
 10
385.2191516666666
 20
391.4754891666666
 30
0.0
 10
385.6407211111111
 20
390.4577252777777
 30
0.0
 10
386.3914322222222
 20
389.7073669444444
 30
0.0
 10
388.0372581481481
 20
388.0623641666666
 30
0.0
 10
389.683084074074
 20
386.4173613888888
 30
0.0
 10
391.32891
 20
384.772358611111
 30
0.0
 10
392.0789155555555
 20
384.0227058333332
 30
0.0
 10
393.0963266666666
 20
383.6014891666666
 30
0.0
 10
394.1567766666666
 20
383.6014891666666
 30
0.0
 10
395.3608072222221
 20
383.6014891666666
 30
0.0
 10
396.5648377777777
 20
383.6014891666666
 30
0.0
 10
397.7688683333333
 20
383.6014891666666
 30
0.0
 10
402.6760072222222
 20
383.6014891666666
 30
0.0
 10
407.437096111111
 20
387.1081002777777
 30
0.0
 10
407.7369572222222
 20
392.0822669444444
 30
0.0
 10
407.999071111111
 20
396.4334280555555
 30
0.0
 10
405.1352211111111
 20
400.2483669444444
 30
0.0
 10
401.0881544444444
 20
401.3405669444444
 30
0.0
 10
400.1095488888888
 20
401.6044447222221
 30
0.0
 10
399.2314849999999
 20
402.1540724999999
 30
0.0
 10
398.5146405555555
 20
402.8709169444444
 30
0.0
 10
397.8387183333332
 20
403.5468391666666
 30
0.0
 10
397.162796111111
 20
404.2227613888888
 30
0.0
 10
396.4868738888888
 20
404.898683611111
 30
0.0
 10
396.1118711111111
 20
405.2736863888888
 30
0.0
 10
395.6031655555555
 20
405.4842947222222
 30
0.0
 10
395.0725877777777
 20
405.4842947222222
 30
0.0
 10
393.2376729629629
 20
405.4842947222222
 30
0.0
 10
391.4027581481481
 20
405.4842947222222
 30
0.0
 10
389.5678433333333
 20
405.4842947222222
 30
0.0
 10
389.0376183333333
 20
405.4842947222222
 30
0.0
 10
388.5292655555555
 20
405.6949030555555
 30
0.0
 10
388.1542627777778
 20
406.0695530555555
 30
0.0
 10
386.5069081481481
 20
407.7158493518518
 30
0.0
 10
384.8595535185185
 20
409.3621456481481
 30
0.0
 10
383.2121988888888
 20
411.0084419444444
 30
0.0
 10
382.837196111111
 20
411.3837974999999
 30
0.0
 10
382.626235
 20
411.8925030555555
 30
0.0
 10
382.626235
 20
412.4230808333333
 30
0.0
 10
382.626235
 20
413.3994521296297
 30
0.0
 10
382.626235
 20
414.3758234259259
 30
0.0
 10
382.626235
 20
415.3521947222221
 30
0.0
 10
382.626235
 20
415.8824197222222
 30
0.0
 10
382.4156266666666
 20
416.3911252777777
 30
0.0
 10
382.0402711111111
 20
416.7661280555555
 30
0.0
 10
380.758747037037
 20
418.0477697222222
 30
0.0
 10
379.477222962963
 20
419.3294113888889
 30
0.0
 10
378.1956988888888
 20
420.6110530555555
 30
0.0
 10
377.6330183333333
 20
421.173733611111
 30
0.0
 10
376.8699599999999
 20
421.4898225
 30
0.0
 10
376.0740933333332
 20
421.4898225
 30
0.0
 10
371.2747868518518
 20
421.4898225
 30
0.0
 10
366.4754803703703
 20
421.4898225
 30
0.0
 10
361.6761738888889
 20
421.4898225
 30
0.0
 10
361.410885
 20
421.4898225
 30
0.0
 10
361.1565322222222
 20
421.3843419444444
 30
0.0
 10
360.9692072222222
 20
421.1970169444444
 30
0.0
 10
360.6928646296296
 20
420.9206743518518
 30
0.0
 10
360.4165220370369
 20
420.6443317592592
 30
0.0
 10
360.1401794444444
 20
420.3679891666666
 30
0.0
 10
359.9525016666666
 20
420.1803113888889
 30
0.0
 10
359.8473738888888
 20
419.9263113888888
 30
0.0
 10
359.8473738888888
 20
419.6610224999999
 30
0.0
 10
359.8473738888888
 20
419.1323262037036
 30
0.0
 10
359.8473738888888
 20
418.6036299074073
 30
0.0
 10
359.8473738888888
 20
418.0749336111111
 30
0.0
 10
359.8473738888888
 20
418.0467113888889
 30
0.0
 10
360.6305405555555
 20
418.0220169444444
 30
0.0
 10
361.5971516666667
 20
418.0220169444444
 30
0.0
 10
362.5637627777777
 20
418.0220169444444
 30
0.0
 10
363.2552072222222
 20
418.0749336111111
 30
0.0
 10
363.3469294444444
 20
418.0749336111111
 30
0.0
 10
364.5134479629629
 20
418.074933611111
 30
0.0
 10
365.6799664814814
 20
418.074933611111
 30
0.0
 10
366.8464849999999
 20
418.0749336111111
 30
0.0
 10
366.8464849999999
 20
417.0742206481481
 30
0.0
 10
366.8464849999999
 20
416.0735076851852
 30
0.0
 10
366.8464849999999
 20
415.0727947222222
 30
0.0
 10
365.6799664814814
 20
415.0727947222222
 30
0.0
 10
364.5134479629628
 20
415.0727947222222
 30
0.0
 10
363.3469294444444
 20
415.0727947222222
 30
0.0
 10
363.2552072222222
 20
415.0727947222222
 30
0.0
 10
362.5637627777777
 20
415.122183611111
 30
0.0
 10
361.5971516666667
 20
415.122183611111
 30
0.0
 10
360.6305405555555
 20
415.122183611111
 30
0.0
 10
359.8473738888888
 20
415.1010169444444
 30
0.0
 10
359.8473738888888
 20
415.0727947222222
 30
0.0
 10
359.8483146296296
 20
414.5437456481481
 30
0.0
 10
359.8492553703703
 20
414.014696574074
 30
0.0
 10
359.8501961111111
 20
413.4856475
 30
0.0
 10
359.8505488888889
 20
413.2210641666666
 30
0.0
 10
359.9556766666666
 20
412.9674169444444
 30
0.0
 10
360.1426488888888
 20
412.7804447222222
 30
0.0
 10
361.3118720370369
 20
411.6102808333333
 30
0.0
 10
362.4810951851852
 20
410.4401169444444
 30
0.0
 10
363.6503183333333
 20
409.2699530555555
 30
0.0
 10
363.8376433333333
 20
409.0822752777777
 30
0.0
 10
364.0923488888888
 20
408.9767947222222
 30
0.0
 10
364.3576377777777
 20
408.9767947222222
 30
0.0
 10
365.0158035185185
 20
408.9767947222222
 30
0.0
 10
365.6739692592592
 20
408.9767947222222
 30
0.0
 10
366.3321349999999
 20
408.9767947222222
 30
0.0
 10
366.6894988888889
 20
408.9767947222222
 30
0.0
 10
367.0200516666666
 20
409.1676474999999
 30
0.0
 10
367.1985572222222
 20
409.4773863888888
 30
0.0
  0
POLYLINE
  5
9B
330
1F
100
AcDbEntity
  8
DEFAULT
 62
     1
100
AcDb2dPolyline
 66
     1
 10
0.0
 20
0.0
 30
0.0
  0
VERTEX
  5
9C
330
9B
100
AcDbEntity
  8
DEFAULT
 62
     1
100
AcDbVertex
100
AcDb2dVertex
 10
371.5666516666666
 20
410.2326836111112
 30
0.0
  0
VERTEX
  5
9D
330
9B
100
AcDbEntity
  8
DEFAULT
 62
     1
100
AcDbVertex
100
AcDb2dVertex
 10
371.5737072222223
 20
410.2291558333334
 30
0.0
  0
VERTEX
  5
9E
330
9B
100
AcDbEntity
  8
DEFAULT
 62
     1
100
AcDbVertex
100
AcDb2dVertex
 10
374.1701516666666
 20
408.7333780555555
 30
0.0
  0
VERTEX
  5
9F
330
9B
100
AcDbEntity
  8
DEFAULT
 62
     1
100
AcDbVertex
100
AcDb2dVertex
 10
374.1736794444444
 20
408.7298502777778
 30
0.0
  0
SEQEND
  5
A0
330
9B
100
AcDbEntity
  8
DEFAULT
 62
     1
  0
SPLINE
  5
A1
330
1F
100
AcDbEntity
  8
DEFAULT
 62
     1
100
AcDbSpline
210
0.0
220
0.0
230
1.0
 70
    11
 71
     3
 72
    17
 73
    13
 74
     0
 42
0.000000001
 43
0.0000000001
 40
1.0
 40
1.0
 40
1.0
 40
1.0
 40
2.0
 40
2.0
 40
2.0
 40
3.0
 40
3.0
 40
3.0
 40
4.0
 40
4.0
 40
4.0
 40
5.0
 40
5.0
 40
5.0
 40
5.0
 10
395.9012627777777
 20
386.2261558333333
 30
0.0
 10
395.0722349999999
 20
386.2261558333333
 30
0.0
 10
394.3984294444443
 20
386.8999613888888
 30
0.0
 10
394.3984294444443
 20
387.7289891666666
 30
0.0
 10
394.3984294444443
 20
388.5580169444444
 30
0.0
 10
395.0722349999999
 20
389.2282947222222
 30
0.0
 10
395.9012627777777
 20
389.2282947222222
 30
0.0
 10
396.7302905555555
 20
389.2282947222222
 30
0.0
 10
397.4005683333332
 20
388.5580169444444
 30
0.0
 10
397.4005683333332
 20
387.7289891666666
 30
0.0
 10
397.4005683333332
 20
386.8999613888888
 30
0.0
 10
396.7302905555555
 20
386.2261558333333
 30
0.0
 10
395.9012627777777
 20
386.2261558333333
 30
0.0
  0
POLYLINE
  5
A2
330
1F
100
AcDbEntity
  8
DEFAULT
 62
     1
100
AcDb2dPolyline
 66
     1
 10
0.0
 20
0.0
 30
0.0
 70
     1
  0
VERTEX
  5
A3
330
A2
100
AcDbEntity
  8
DEFAULT
 62
     1
100
AcDbVertex
100
AcDb2dVertex
 10
402.3006516666665
 20
388.7167669444444
 30
0.0
  0
VERTEX
  5
A4
330
A2
100
AcDbEntity
  8
DEFAULT
 62
     1
100
AcDbVertex
100
AcDb2dVertex
 10
393.5517627777778
 20
393.7650169444444
 30
0.0
  0
VERTEX
  5
A5
330
A2
100
AcDbEntity
  8
DEFAULT
 62
     1
100
AcDbVertex
100
AcDb2dVertex
 10
395.1533738888888
 20
396.5378502777777
 30
0.0
  0
VERTEX
  5
A6
330
A2
100
AcDbEntity
  8
DEFAULT
 62
     1
100
AcDbVertex
100
AcDb2dVertex
 10
403.8987349999999
 20
391.4860724999999
 30
0.0
  0
SEQEND
  5
A7
330
A2
100
AcDbEntity
  8
DEFAULT
 62
     1
  0
SPLINE
  5
A8
330
1F
100
AcDbEntity
  8
DEFAULT
 62
     1
100
AcDbSpline
210
0.0
220
0.0
230
1.0
 70
     8
 71
     3
 72
   203
 73
   199
 74
     0
 42
0.000000001
 43
0.0000000001
 40
0.0
 40
0.0
 40
0.0
 40
0.0
 40
12.78126793397296
 40
12.78126793397296
 40
12.78126793397296
 40
13.78126793397296
 40
13.78126793397296
 40
13.78126793397296
 40
17.10447421706771
 40
17.10447421706771
 40
17.10447421706771
 40
18.10447421706771
 40
18.10447421706771
 40
18.10447421706771
 40
22.60745807411588
 40
22.60745807411588
 40
22.60745807411588
 40
23.60745807411588
 40
23.60745807411588
 40
23.60745807411588
 40
24.60745807411588
 40
24.60745807411588
 40
24.60745807411588
 40
34.53028529220261
 40
34.53028529220261
 40
34.53028529220261
 40
43.03789365178297
 40
43.03789365178297
 40
43.03789365178297
 40
52.9607208698697
 40
52.9607208698697
 40
52.9607208698697
 40
53.9607208698697
 40
53.9607208698697
 40
53.9607208698697
 40
54.9607208698697
 40
54.9607208698697
 40
54.9607208698697
 40
59.43590801679451
 40
59.43590801679451
 40
59.43590801679451
 40
60.43590801679451
 40
60.43590801679451
 40
60.43590801679451
 40
63.76171618925425
 40
63.76171618925425
 40
63.76171618925425
 40
64.76171618925426
 40
64.76171618925426
 40
64.76171618925426
 40
88.86433015537823
 40
88.86433015537823
 40
88.86433015537823
 40
89.86433015537823
 40
89.86433015537823
 40
89.86433015537823
 40
110.9292892106435
 40
110.9292892106435
 40
110.9292892106435
 40
111.9292892106435
 40
111.9292892106435
 40
111.9292892106435
 40
115.2518484651939
 40
115.2518484651939
 40
115.2518484651939
 40
116.2518484651939
 40
116.2518484651939
 40
116.2518484651939
 40
120.7696701601925
 40
120.7696701601925
 40
120.7696701601925
 40
121.7696701601925
 40
121.7696701601925
 40
121.7696701601925
 40
122.7696701601925
 40
122.7696701601925
 40
122.7696701601925
 40
132.6879008491812
 40
132.6879008491812
 40
132.6879008491812
 40
141.1901652534444
 40
141.1901652534444
 40
141.1901652534444
 40
151.1174861407733
 40
151.1174861407733
 40
151.1174861407733
 40
152.1174861407733
 40
152.1174861407733
 40
152.1174861407733
 40
153.1274861407733
 40
153.1274861407733
 40
153.1274861407733
 40
157.6253078357719
 40
157.6253078357719
 40
157.6253078357719
 40
158.6253078357719
 40
158.6253078357719
 40
158.6253078357719
 40
161.9478670903226
 40
161.9478670903226
 40
161.9478670903226
 40
162.9478670903226
 40
162.9478670903226
 40
162.9478670903226
 40
182.6466487785389
 40
182.6466487785389
 40
182.6466487785389
 40
183.6466487785389
 40
183.6466487785389
 40
183.6466487785389
 40
212.0864835178618
 40
212.0864835178618
 40
212.0864835178618
 40
213.0864835178618
 40
213.0864835178618
 40
213.0864835178618
 40
226.6564835178619
 40
226.6564835178619
 40
226.6564835178619
 40
227.6564835178619
 40
227.6564835178619
 40
227.6564835178619
 40
233.4264748523441
 40
233.4264748523441
 40
233.4264748523441
 40
234.4264748523441
 40
234.4264748523441
 40
234.4264748523441
 40
246.8168299723558
 40
246.8168299723558
 40
246.8168299723558
 40
247.8168299723558
 40
247.8168299723558
 40
247.8168299723558
 40
248.8168299723558
 40
248.8168299723558
 40
248.8168299723558
 40
249.8168299723558
 40
249.8168299723558
 40
249.8168299723558
 40
250.8168299723558
 40
250.8168299723558
 40
250.8168299723558
 40
259.0475529053673
 40
259.0475529053673
 40
259.0475529053673
 40
260.0475529053673
 40
260.0475529053673
 40
260.0475529053673
 40
268.7575529053673
 40
268.7575529053673
 40
268.7575529053673
 40
269.7575529053673
 40
269.7575529053673
 40
269.7575529053673
 40
271.7275529053674
 40
271.7275529053674
 40
271.7275529053674
 40
272.7275529053674
 40
272.7275529053674
 40
272.7275529053674
 40
276.7613291821419
 40
276.7613291821419
 40
276.7613291821419
 40
285.2689375417223
 40
285.2689375417223
 40
285.2689375417223
 40
286.2689375417223
 40
286.2689375417223
 40
286.2689375417223
 40
291.8299375417222
 40
291.8299375417222
 40
291.8299375417222
 40
292.8299375417222
 40
292.8299375417222
 40
292.8299375417222
 40
293.8299375417222
 40
293.8299375417222
 40
293.8299375417222
 40
303.7499375417221
 40
303.7499375417221
 40
303.7499375417221
 40
312.2599375417221
 40
312.2599375417221
 40
312.2599375417221
 40
322.1799375417219
 40
322.1799375417219
 40
322.1799375417219
 40
323.1799375417219
 40
323.1799375417219
 40
323.1799375417219
 40
324.1799375417219
 40
324.1799375417219
 40
324.1799375417219
 40
328.685937541722
 40
328.685937541722
 40
328.685937541722
 40
329.685937541722
 40
329.685937541722
 40
329.685937541722
 40
329.685937541722
 10
373.9631063888887
 20
401.536358611111
 30
0.0
 10
374.7141702777776
 20
402.8382262037036
 30
0.0
 10
375.4652341666665
 20
404.1400937962962
 30
0.0
 10
376.2162980555555
 20
405.4419613888888
 30
0.0
 10
376.3503536111111
 20
405.6712669444444
 30
0.0
 10
376.3856313888889
 20
405.9464336111111
 30
0.0
 10
376.3150758333333
 20
406.200433611111
 30
0.0
 10
376.2139462037037
 20
406.5779058333333
 30
0.0
 10
376.112816574074
 20
406.9553780555555
 30
0.0
 10
376.0116869444444
 20
407.3328502777777
 30
0.0
 10
375.9446591666667
 20
407.5868502777777
 30
0.0
 10
375.7753258333333
 20
407.8055725
 30
0.0
 10
375.5460202777778
 20
407.9396280555555
 30
0.0
 10
375.0885850925926
 20
408.2030354629629
 30
0.0
 10
374.6311499074074
 20
408.4664428703704
 30
0.0
 10
374.1701869444444
 20
408.7333780555555
 30
0.0
 10
374.1384369444444
 20
408.7333780555555
 30
0.0
 10
373.7292147222221
 20
408.0736836111111
 30
0.0
 10
373.2494369444444
 20
407.2446558333333
 30
0.0
 10
372.7661313888888
 20
406.4085725
 30
0.0
 10
372.4662702777777
 20
405.7806280555556
 30
0.0
 10
372.4204091666667
 20
405.7030169444444
 30
0.0
 10
371.8383258333333
 20
404.6917206481481
 30
0.0
 10
371.2562425
 20
403.6804243518518
 30
0.0
 10
370.6741591666666
 20
402.6691280555555
 30
0.0
 10
369.8075017592592
 20
403.1688965740739
 30
0.0
 10
368.9408443518518
 20
403.6686650925924
 30
0.0
 10
368.0741869444444
 20
404.168433611111
 30
0.0
 10
368.6562702777777
 20
405.1797299074074
 30
0.0
 10
369.2383536111111
 20
406.1910262037036
 30
0.0
 10
369.8204369444444
 20
407.2023225
 30
0.0
 10
369.8662980555555
 20
407.2799336111111
 30
0.0
 10
370.2543536111111
 20
407.8549613888889
 30
0.0
 10
370.7376591666666
 20
408.6910447222222
 30
0.0
 10
371.2209647222222
 20
409.5306558333333
 30
0.0
 10
371.5913813888889
 20
410.2185724999999
 30
0.0
 10
371.5666869444444
 20
410.232683611111
 30
0.0
 10
371.1104276851852
 20
410.4949150925925
 30
0.0
 10
370.6541684259259
 20
410.7571465740741
 30
0.0
 10
370.1979091666666
 20
411.0193780555555
 30
0.0
 10
369.9686036111111
 20
411.153433611111
 30
0.0
 10
369.6934369444444
 20
411.1887113888889
 30
0.0
 10
369.4394369444444
 20
411.1216836111111
 30
0.0
 10
369.0619647222222
 20
411.0193780555555
 30
0.0
 10
368.6844925
 20
410.9170725
 30
0.0
 10
368.3070202777777
 20
410.8147669444444
 30
0.0
 10
368.0530202777778
 20
410.7477391666666
 30
0.0
 10
367.8342980555556
 20
410.5784058333333
 30
0.0
 10
367.7002424999999
 20
410.3491002777777
 30
0.0
 10
366.2844276851852
 20
407.8937669444444
 30
0.0
 10
364.8686128703703
 20
405.4384336111111
 30
0.0
 10
363.4527980555555
 20
402.9831002777777
 30
0.0
 10
363.0188813888889
 20
402.231683611111
 30
0.0
 10
362.7542980555555
 20
401.3920725
 30
0.0
 10
362.6731591666666
 20
400.5242391666666
 30
0.0
 10
362.4509091666666
 20
398.057146574074
 30
0.0
 10
362.2286591666666
 20
395.5900539814814
 30
0.0
 10
362.0064091666666
 20
393.1229613888888
 30
0.0
 10
361.9852425
 20
392.8583780555555
 30
0.0
 10
361.8582425
 20
392.6149613888888
 30
0.0
 10
361.6536313888888
 20
392.4456280555555
 30
0.0
 10
361.3537702777778
 20
392.1951558333333
 30
0.0
 10
361.0539091666666
 20
391.944683611111
 30
0.0
 10
360.7540480555555
 20
391.6942113888888
 30
0.0
 10
360.5494369444444
 20
391.5248780555555
 30
0.0
 10
360.2883813888889
 20
391.4437391666666
 30
0.0
 10
360.0237980555555
 20
391.468433611111
 30
0.0
 10
359.4969832407407
 20
391.5154706481481
 30
0.0
 10
358.9701684259259
 20
391.5625076851852
 30
0.0
 10
358.4362980555555
 20
391.6095447222222
 30
0.0
 10
358.4045480555555
 20
391.5213502777777
 30
0.0
 10
358.3163536111111
 20
390.7840447222222
 30
0.0
 10
358.2387425
 20
389.8809336111111
 30
0.0
 10
358.1540758333333
 20
388.9178502777777
 30
0.0
 10
358.1434924999999
 20
388.2228780555555
 30
0.0
 10
358.1364369444444
 20
388.1311558333333
 30
0.0
 10
358.0341313888889
 20
386.9693410185184
 30
0.0
 10
357.9318258333333
 20
385.8075262037037
 30
0.0
 10
357.8295202777777
 20
384.6457113888889
 30
0.0
 10
356.8335110185184
 20
384.7327299074074
 30
0.0
 10
355.8375017592592
 20
384.819748425926
 30
0.0
 10
354.8414925
 20
384.9067669444444
 30
0.0
 10
354.9426221296296
 20
386.0697576851852
 30
0.0
 10
355.0437517592592
 20
387.2327484259259
 30
0.0
 10
355.1448813888888
 20
388.3957391666666
 30
0.0
 10
355.1554647222222
 20
388.4874613888888
 30
0.0
 10
355.2648258333333
 20
389.1718502777777
 30
0.0
 10
355.3494924999999
 20
390.134933611111
 30
0.0
 10
355.4306313888889
 20
391.0451002777777
 30
0.0
 10
355.4764924999999
 20
391.8000447222222
 30
0.0
 10
355.4517980555555
 20
391.8741280555555
 30
0.0
 10
354.9249832407407
 20
391.9211650925925
 30
0.0
 10
354.3981684259259
 20
391.9682021296296
 30
0.0
 10
353.871353611111
 20
392.0152391666666
 30
0.0
 10
353.6067702777777
 20
392.0399336111111
 30
0.0
 10
353.3457147222222
 20
391.9587947222222
 30
0.0
 10
353.1411036111111
 20
391.7894613888889
 30
0.0
 10
352.8412425
 20
391.5389891666666
 30
0.0
 10
352.5413813888889
 20
391.2885169444444
 30
0.0
 10
352.2415202777777
 20
391.0380447222221
 30
0.0
 10
352.0369091666666
 20
390.8687113888888
 30
0.0
 10
351.9099091666666
 20
390.6252947222222
 30
0.0
 10
351.8852147222221
 20
390.3607113888889
 30
0.0
 10
351.6782517592592
 20
388.0535447222222
 30
0.0
 10
351.4712887962962
 20
385.7463780555556
 30
0.0
 10
351.2643258333333
 20
383.4392113888889
 30
0.0
 10
351.1302702777778
 20
381.9610724999999
 30
0.0
 10
351.6594369444444
 20
380.5005725
 30
0.0
 10
352.7071869444444
 20
379.4528225
 30
0.0
 10
355.0719739814814
 20
377.088035462963
 30
0.0
 10
357.4367610185184
 20
374.7232484259259
 30
0.0
 10
359.8015480555555
 20
372.3584613888889
 30
0.0
 10
360.1754925
 20
371.9845169444444
 30
0.0
 10
360.3871591666666
 20
371.4765169444444
 30
0.0
 10
360.3871591666666
 20
370.9438225
 30
0.0
 10
360.3871591666666
 20
369.3480910185185
 30
0.0
 10
360.3871591666666
 20
367.752359537037
 30
0.0
 10
360.3871591666666
 20
366.1566280555555
 30
0.0
 10
360.3871591666666
 20
365.6239336111111
 30
0.0
 10
360.1754925
 20
365.115933611111
 30
0.0
 10
359.8015480555555
 20
364.7419891666666
 30
0.0
 10
359.3217702777777
 20
364.2622113888888
 30
0.0
 10
358.8419925
 20
363.7824336111111
 30
0.0
 10
358.3622147222222
 20
363.3026558333333
 30
0.0
 10
357.8577425
 20
362.798183611111
 30
0.0
 10
357.6601869444444
 20
362.0644058333333
 30
0.0
 10
357.8471591666666
 20
361.3729613888888
 30
0.0
 10
358.2234554629629
 20
359.9653780555554
 30
0.0
 10
358.5997517592593
 20
358.5577947222221
 30
0.0
 10
358.9760480555555
 20
357.1502113888888
 30
0.0
 10
359.3464647222222
 20
355.6050447222221
 30
0.0
 10
360.1366869444444
 20
354.1374891666666
 30
0.0
 10
361.3431869444444
 20
352.9309891666666
 30
0.0
 10
363.7808813888889
 20
350.4897669444444
 30
0.0
 10
367.5062147222222
 20
349.8300725
 30
0.0
 10
370.5824369444445
 20
350.8107947222222
 30
0.0
 10
371.8171591666667
 20
351.2376558333333
 30
0.0
 10
372.9742702777777
 20
351.9432113888888
 30
0.0
 10
373.9585202777777
 20
352.9309891666666
 30
0.0
 10
377.4439647222222
 20
356.4129058333333
 30
0.0
 10
377.4439647222222
 20
362.0644058333333
 30
0.0
 10
373.9585202777777
 20
365.5463224999999
 30
0.0
 10
373.2741313888889
 20
366.2307113888888
 30
0.0
 10
372.5897425
 20
366.9151002777778
 30
0.0
 10
371.9053536111111
 20
367.5994891666667
 30
0.0
 10
371.5314091666666
 20
367.9734336111111
 30
0.0
 10
371.3197425
 20
368.4814336111111
 30
0.0
 10
371.3197425
 20
369.0141280555555
 30
0.0
 10
371.3197425
 20
370.038359537037
 30
0.0
 10
371.3197425
 20
371.0625910185186
 30
0.0
 10
371.3197425
 20
372.0868225
 30
0.0
 10
371.3197425
 20
372.6382141666666
 30
0.0
 10
371.7667119444444
 20
373.0851836111111
 30
0.0
 10
372.318103611111
 20
373.0851836111111
 30
0.0
 10
372.5497610185184
 20
373.0851836111111
 30
0.0
 10
372.7814184259259
 20
373.0851836111111
 30
0.0
 10
373.0130758333333
 20
373.0851836111111
 30
0.0
 10
373.3693813888888
 20
373.0851836111111
 30
0.0
 10
373.7009925
 20
373.275683611111
 30
0.0
 10
373.8809091666666
 20
373.5861280555555
 30
0.0
 10
374.1160943518518
 20
373.9953502777777
 30
0.0
 10
374.351279537037
 20
374.4045724999999
 30
0.0
 10
374.5899924999999
 20
374.8173224999999
 30
0.0
 10
375.0897610185185
 20
375.6839799074073
 30
0.0
 10
375.589529537037
 20
376.5506373148148
 30
0.0
 10
376.0892980555555
 20
377.4172947222222
 30
0.0
 10
376.1767869444444
 20
377.5689891666667
 30
0.0
 10
376.2374647222222
 20
377.7672502777777
 30
0.0
 10
376.2374647222222
 20
377.9425808333333
 30
0.0
 10
376.2374647222221
 20
378.5965132407407
 30
0.0
 10
376.2374647222221
 20
379.2504456481481
 30
0.0
 10
376.2374647222222
 20
379.9043780555555
 30
0.0
 10
376.1669091666666
 20
379.9361280555556
 30
0.0
 10
375.4119647222221
 20
379.9572947222222
 30
0.0
 10
374.4912147222222
 20
379.9572947222222
 30
0.0
 10
373.524603611111
 20
379.9572947222222
 30
0.0
 10
372.8331591666666
 20
379.9043780555555
 30
0.0
 10
372.7414369444444
 20
379.9043780555555
 30
0.0
 10
371.5749184259259
 20
379.9043780555555
 30
0.0
 10
370.4083999074073
 20
379.9043780555555
 30
0.0
 10
369.2418813888889
 20
379.9043780555555
 30
0.0
 10
369.2418813888889
 20
380.9050910185185
 30
0.0
 10
369.2418813888889
 20
381.9058039814815
 30
0.0
 10
369.2418813888889
 20
382.9065169444444
 30
0.0
 10
370.4083999074074
 20
382.9065169444444
 30
0.0
 10
371.5749184259259
 20
382.9065169444444
 30
0.0
 10
372.7414369444444
 20
382.9065169444444
 30
0.0
 10
372.8331591666666
 20
382.9065169444444
 30
0.0
 10
373.524603611111
 20
382.8571280555556
 30
0.0
 10
374.4912147222222
 20
382.8571280555556
 30
0.0
 10
375.4578258333333
 20
382.8571280555556
 30
0.0
 10
376.2409924999999
 20
382.8782947222222
 30
0.0
 10
376.2409924999999
 20
382.9065169444444
 30
0.0
 10
376.2409924999999
 20
383.4363891666666
 30
0.0
 10
376.2409924999999
 20
383.9662613888889
 30
0.0
 10
376.2409924999999
 20
384.4961336111111
 30
0.0
 10
376.2409924999999
 20
384.7614224999999
 30
0.0
 10
376.1355119444444
 20
385.0157752777777
 30
0.0
 10
375.9481869444444
 20
385.2031002777777
 30
0.0
  0
POLYLINE
  5
A9
330
1F
100
AcDbEntity
  8
DEFAULT
 62
     1
100
AcDb2dPolyline
 66
     1
 10
0.0
 20
0.0
 30
0.0
 70
     1
  0
VERTEX
  5
AA
330
A9
100
AcDbEntity
  8
DEFAULT
 62
     1
100
AcDbVertex
100
AcDb2dVertex
 10
371.2244924999999
 20
355.3263502777777
 30
0.0
  0
VERTEX
  5
AB
330
A9
100
AcDbEntity
  8
DEFAULT
 62
     1
100
AcDbVertex
100
AcDb2dVertex
 10
362.4756036111111
 20
360.3746002777777
 30
0.0
  0
VERTEX
  5
AC
330
A9
100
AcDbEntity
  8
DEFAULT
 62
     1
100
AcDbVertex
100
AcDb2dVertex
 10
364.0772147222222
 20
363.1509613888888
 30
0.0
  0
VERTEX
  5
AD
330
A9
100
AcDbEntity
  8
DEFAULT
 62
     1
100
AcDbVertex
100
AcDb2dVertex
 10
372.8225758333333
 20
358.0956558333333
 30
0.0
  0
SEQEND
  5
AE
330
A9
100
AcDbEntity
  8
DEFAULT
 62
     1
  0
SPLINE
  5
AF
330
1F
100
AcDbEntity
  8
DEFAULT
 62
     1
100
AcDbSpline
210
0.0
220
0.0
230
1.0
 70
    11
 71
     3
 72
   221
 73
   217
 74
     0
 42
0.000000001
 43
0.0000000001
 40
1.0
 40
1.0
 40
1.0
 40
1.0
 40
23.45799999999997
 40
23.45799999999997
 40
23.45799999999997
 40
24.45799999999997
 40
24.45799999999997
 40
24.45799999999997
 40
27.78140187157678
 40
27.78140187157678
 40
27.78140187157678
 40
28.78140187157678
 40
28.78140187157678
 40
28.78140187157678
 40
33.27740187157676
 40
33.27740187157676
 40
33.27740187157676
 40
34.27740187157676
 40
34.27740187157676
 40
34.27740187157676
 40
35.27740187157676
 40
35.27740187157676
 40
35.27740187157676
 40
45.19740187157672
 40
45.19740187157672
 40
45.19740187157672
 40
53.70740187157671
 40
53.70740187157671
 40
53.70740187157671
 40
63.62740187157667
 40
63.62740187157667
 40
63.62740187157667
 40
64.62740187157667
 40
64.62740187157667
 40
64.62740187157667
 40
65.62740187157667
 40
65.62740187157667
 40
65.62740187157667
 40
80.45940187157666
 40
80.45940187157666
 40
80.45940187157666
 40
81.45940187157666
 40
81.45940187157666
 40
81.45940187157666
 40
85.43192776828263
 40
85.43192776828263
 40
85.43192776828263
 40
86.43192776828263
 40
86.43192776828263
 40
86.43192776828263
 40
110.2649277682826
 40
110.2649277682826
 40
110.2649277682826
 40
111.2649277682826
 40
111.2649277682826
 40
111.2649277682826
 40
117.9244594334976
 40
117.9244594334976
 40
117.9244594334976
 40
118.9244594334976
 40
118.9244594334976
 40
118.9244594334976
 40
139.1394594334975
 40
139.1394594334975
 40
139.1394594334975
 40
140.1394594334975
 40
140.1394594334975
 40
140.1394594334975
 40
163.7095772100382
 40
163.7095772100382
 40
163.7095772100382
 40
164.7095772100382
 40
164.7095772100382
 40
164.7095772100382
 40
168.8695772100381
 40
168.8695772100381
 40
168.8695772100381
 40
169.8695772100381
 40
169.8695772100381
 40
169.8695772100381
 40
191.2227877883094
 40
191.2227877883094
 40
191.2227877883094
 40
192.2227877883094
 40
192.2227877883094
 40
192.2227877883094
 40
211.7307877883095
 40
211.7307877883095
 40
211.7307877883095
 40
212.7307877883095
 40
212.7307877883095
 40
212.7307877883095
 40
219.5293118928486
 40
219.5293118928486
 40
219.5293118928486
 40
220.5293118928486
 40
220.5293118928486
 40
220.5293118928486
 40
224.4424408199349
 40
224.4424408199349
 40
224.4424408199349
 40
225.4424408199349
 40
225.4424408199349
 40
225.4424408199349
 40
229.938440819935
 40
229.938440819935
 40
229.938440819935
 40
230.938440819935
 40
230.938440819935
 40
230.938440819935
 40
231.938440819935
 40
231.938440819935
 40
231.938440819935
 40
241.8584408199351
 40
241.8584408199351
 40
241.8584408199351
 40
250.368440819935
 40
250.368440819935
 40
250.368440819935
 40
260.2884408199351
 40
260.2884408199351
 40
260.2884408199351
 40
261.2884408199351
 40
261.2884408199351
 40
261.2884408199351
 40
262.2884408199351
 40
262.2884408199351
 40
262.2884408199351
 40
266.7744408199351
 40
266.7744408199351
 40
266.7744408199351
 40
267.7744408199351
 40
267.7744408199351
 40
267.7744408199351
 40
271.0978426915117
 40
271.0978426915117
 40
271.0978426915117
 40
272.0978426915117
 40
272.0978426915117
 40
272.0978426915117
 40
289.4158426915117
 40
289.4158426915117
 40
289.4158426915117
 40
290.4158426915117
 40
290.4158426915117
 40
290.4158426915117
 40
310.2049335245945
 40
310.2049335245945
 40
310.2049335245945
 40
311.2049335245945
 40
311.2049335245945
 40
311.2049335245945
 40
321.4439335245945
 40
321.4439335245945
 40
321.4439335245945
 40
322.4439335245945
 40
322.4439335245945
 40
322.4439335245945
 40
325.7588528297964
 40
325.7588528297964
 40
325.7588528297964
 40
326.7588528297964
 40
326.7588528297964
 40
326.7588528297964
 40
331.2568528297964
 40
331.2568528297964
 40
331.2568528297964
 40
332.2568528297964
 40
332.2568528297964
 40
332.2568528297964
 40
333.2568528297964
 40
333.2568528297964
 40
333.2568528297964
 40
343.1768528297964
 40
343.1768528297964
 40
343.1768528297964
 40
351.6868528297964
 40
351.6868528297964
 40
351.6868528297964
 40
361.6068528297964
 40
361.6068528297964
 40
361.6068528297964
 40
362.6068528297964
 40
362.6068528297964
 40
362.6068528297964
 40
363.6068528297964
 40
363.6068528297964
 40
363.6068528297964
 40
368.1148528297965
 40
368.1148528297965
 40
368.1148528297965
 40
369.1148528297965
 40
369.1148528297965
 40
369.1148528297965
 40
372.4297721349983
 40
372.4297721349983
 40
372.4297721349983
 40
373.4297721349983
 40
373.4297721349983
 40
373.4297721349983
 40
375.0887721349984
 40
375.0887721349984
 40
375.0887721349984
 40
376.0887721349984
 40
376.0887721349984
 40
376.0887721349984
 40
397.3617721349984
 40
397.3617721349984
 40
397.3617721349984
 40
398.3617721349984
 40
398.3617721349984
 40
398.3617721349984
 40
407.8631659801139
 40
407.8631659801139
 40
407.8631659801139
 40
408.8631659801139
 40
408.8631659801139
 40
408.8631659801139
 40
408.8631659801139
 10
127.7661627777778
 20
237.1246633333333
 30
0.0
 10
127.7661627777778
 20
234.4837688888889
 30
0.0
 10
127.7661627777778
 20
231.8428744444444
 30
0.0
 10
127.7661627777778
 20
229.20198
 30
0.0
 10
127.7661627777778
 20
228.9366911111111
 30
0.0
 10
127.6606822222222
 20
228.6823383333333
 30
0.0
 10
127.4733572222222
 20
228.4950133333333
 30
0.0
 10
127.1970146296296
 20
228.2186707407407
 30
0.0
 10
126.920672037037
 20
227.9423281481481
 30
0.0
 10
126.6443294444444
 20
227.6659855555555
 30
0.0
 10
126.4570044444444
 20
227.4786605555555
 30
0.0
 10
126.2026516666667
 20
227.37318
 30
0.0
 10
125.9373627777778
 20
227.37318
 30
0.0
 10
125.4086664814815
 20
227.37318
 30
0.0
 10
124.8799701851852
 20
227.37318
 30
0.0
 10
124.3512738888889
 20
227.37318
 30
0.0
 10
124.3230516666667
 20
227.4578466666666
 30
0.0
 10
124.3054127777778
 20
228.2057355555555
 30
0.0
 10
124.3054127777778
 20
229.1159022222222
 30
0.0
 10
124.3054127777778
 20
230.0825133333333
 30
0.0
 10
124.3548016666667
 20
230.7739577777778
 30
0.0
 10
124.3548016666667
 20
230.86568
 30
0.0
 10
124.3548016666667
 20
232.0321985185185
 30
0.0
 10
124.3548016666667
 20
233.198717037037
 30
0.0
 10
124.3548016666667
 20
234.3652355555555
 30
0.0
 10
123.3540887037037
 20
234.3652355555555
 30
0.0
 10
122.3533757407407
 20
234.3652355555555
 30
0.0
 10
121.3526627777778
 20
234.3652355555555
 30
0.0
 10
121.3526627777778
 20
233.198717037037
 30
0.0
 10
121.3526627777778
 20
232.0321985185185
 30
0.0
 10
121.3526627777778
 20
230.86568
 30
0.0
 10
121.3526627777778
 20
230.7739577777778
 30
0.0
 10
121.4055794444444
 20
230.0825133333333
 30
0.0
 10
121.4055794444444
 20
229.1159022222222
 30
0.0
 10
121.4055794444444
 20
228.2057355555555
 30
0.0
 10
121.3844127777778
 20
227.4578466666666
 30
0.0
 10
121.3561905555555
 20
227.37318
 30
0.0
 10
119.6120572222222
 20
227.37318
 30
0.0
 10
117.8679238888889
 20
227.37318
 30
0.0
 10
116.1237905555555
 20
227.37318
 30
0.0
 10
115.5935655555556
 20
227.37318
 30
0.0
 10
115.08486
 20
227.5837883333333
 30
0.0
 10
114.7095044444444
 20
227.9591438888889
 30
0.0
 10
114.3791868518518
 20
228.2894614814815
 30
0.0
 10
114.0488692592593
 20
228.619779074074
 30
0.0
 10
113.7185516666667
 20
228.9500966666666
 30
0.0
 10
113.3435488888889
 20
229.3250994444444
 30
0.0
 10
113.1329405555555
 20
229.833805
 30
0.0
 10
113.1329405555555
 20
230.3643827777778
 30
0.0
 10
113.1329405555555
 20
233.166967037037
 30
0.0
 10
113.1329405555555
 20
235.9695512962962
 30
0.0
 10
113.1329405555555
 20
238.7721355555555
 30
0.0
 10
113.1329405555555
 20
239.3027133333333
 30
0.0
 10
113.3435488888889
 20
239.8114188888889
 30
0.0
 10
113.7185516666667
 20
240.1864216666666
 30
0.0
 10
114.2722951851852
 20
240.7401651851852
 30
0.0
 10
114.8260387037037
 20
241.2939087037037
 30
0.0
 10
115.3797822222222
 20
241.8476522222222
 30
0.0
 10
115.7551377777778
 20
242.222655
 30
0.0
 10
115.9657461111111
 20
242.7313605555555
 30
0.0
 10
115.9657461111111
 20
243.2619383333333
 30
0.0
 10
115.9657461111111
 20
245.6390725925926
 30
0.0
 10
115.9657461111111
 20
248.0162068518518
 30
0.0
 10
115.9657461111111
 20
250.3933411111111
 30
0.0
 10
115.9657461111111
 20
251.4643744444444
 30
0.0
 10
115.3945988888889
 20
252.4542688888889
 30
0.0
 10
114.4671461111111
 20
252.9904911111111
 30
0.0
 10
112.0675516666667
 20
254.3776133333333
 30
0.0
 10
109.6679572222222
 20
255.7647355555555
 30
0.0
 10
107.2683627777778
 20
257.1518577777778
 30
0.0
 10
106.9593294444444
 20
257.3303633333333
 30
0.0
 10
106.7688294444444
 20
257.6605633333333
 30
0.0
 10
106.7688294444444
 20
258.0175744444444
 30
0.0
 10
106.7688294444444
 20
258.5067596296296
 30
0.0
 10
106.7688294444444
 20
258.9959448148148
 30
0.0
 10
106.7688294444444
 20
259.48513
 30
0.0
 10
106.7688294444444
 20
259.7504188888889
 30
0.0
 10
106.6633488888889
 20
260.0047716666666
 30
0.0
 10
106.4760238888889
 20
260.1920966666667
 30
0.0
 10
104.7004933333333
 20
261.9676272222222
 30
0.0
 10
102.9249627777778
 20
263.7431577777778
 30
0.0
 10
101.1494322222222
 20
265.5186883333333
 30
0.0
 10
100.3994266666667
 20
266.2690466666667
 30
0.0
 10
99.97785722222223
 20
267.2864577777778
 30
0.0
 10
99.97785722222223
 20
268.3472605555555
 30
0.0
 10
99.97785722222223
 20
270.6412568518518
 30
0.0
 10
99.97785722222223
 20
272.9352531481481
 30
0.0
 10
99.97785722222223
 20
275.2292494444444
 30
0.0
 10
99.97785722222223
 20
275.9305716666667
 30
0.0
 10
100.16236
 20
276.6198994444445
 30
0.0
 10
100.5130211111111
 20
277.2277355555555
 30
0.0
 10
100.9124831481482
 20
277.9202383333333
 30
0.0
 10
101.3119451851852
 20
278.6127411111111
 30
0.0
 10
101.7114072222222
 20
279.3052438888889
 30
0.0
 10
102.0398433333333
 20
279.87498
 30
0.0
 10
102.8194822222222
 20
279.9776383333333
 30
0.0
 10
103.2844433333333
 20
279.5126772222222
 30
0.0
 10
103.609822037037
 20
279.1872985185185
 30
0.0
 10
103.9352007407407
 20
278.8619198148148
 30
0.0
 10
104.2605794444444
 20
278.5365411111111
 30
0.0
 10
104.4479044444444
 20
278.349216111111
 30
0.0
 10
104.7022572222222
 20
278.2437355555555
 30
0.0
 10
104.9675461111111
 20
278.2437355555555
 30
0.0
 10
105.4962424074074
 20
278.2437355555555
 30
0.0
 10
106.0249387037037
 20
278.2437355555555
 30
0.0
 10
106.553635
 20
278.2437355555555
 30
0.0
 10
106.5818572222222
 20
278.2437355555555
 30
0.0
 10
106.6030238888889
 20
277.4605688888889
 30
0.0
 10
106.6030238888889
 20
276.4939577777777
 30
0.0
 10
106.6030238888889
 20
275.5273466666667
 30
0.0
 10
106.553635
 20
274.8359022222222
 30
0.0
 10
106.553635
 20
274.74418
 30
0.0
 10
106.553635
 20
273.5776614814815
 30
0.0
 10
106.553635
 20
272.411142962963
 30
0.0
 10
106.553635
 20
271.2446244444444
 30
0.0
 10
107.554347962963
 20
271.2446244444444
 30
0.0
 10
108.5550609259259
 20
271.2446244444444
 30
0.0
 10
109.5557738888889
 20
271.2446244444444
 30
0.0
 10
109.5557738888889
 20
272.411142962963
 30
0.0
 10
109.5557738888889
 20
273.5776614814815
 30
0.0
 10
109.5557738888889
 20
274.74418
 30
0.0
 10
109.5557738888889
 20
274.8359022222222
 30
0.0
 10
109.5028572222222
 20
275.5273466666667
 30
0.0
 10
109.5028572222222
 20
276.4939577777777
 30
0.0
 10
109.5028572222222
 20
277.4605688888889
 30
0.0
 10
109.5275516666667
 20
278.2437355555555
 30
0.0
 10
109.5557738888889
 20
278.2437355555555
 30
0.0
 10
110.0832942592593
 20
278.2437355555555
 30
0.0
 10
110.6108146296296
 20
278.2437355555555
 30
0.0
 10
111.138335
 20
278.2437355555555
 30
0.0
 10
111.4036238888889
 20
278.2437355555555
 30
0.0
 10
111.6579766666667
 20
278.1386077777777
 30
0.0
 10
111.8453016666667
 20
277.95093
 30
0.0
 10
112.1216442592593
 20
277.6745874074074
 30
0.0
 10
112.3979868518518
 20
277.3982448148147
 30
0.0
 10
112.6743294444444
 20
277.1219022222222
 30
0.0
 10
112.8616544444444
 20
276.9345772222222
 30
0.0
 10
112.967135
 20
276.6802244444444
 30
0.0
 10
112.967135
 20
276.4149355555555
 30
0.0
 10
112.967135
 20
274.378467037037
 30
0.0
 10
112.967135
 20
272.3419985185185
 30
0.0
 10
112.967135
 20
270.30553
 30
0.0
 10
112.967135
 20
269.2443744444444
 30
0.0
 10
113.3887044444444
 20
268.2266105555555
 30
0.0
 10
114.1394155555555
 20
267.476605
 30
0.0
 10
115.7852414814815
 20
265.8314846296296
 30
0.0
 10
117.4310674074074
 20
264.1863642592593
 30
0.0
 10
119.0768933333333
 20
262.5412438888889
 30
0.0
 10
119.8272516666667
 20
261.7915911111111
 30
0.0
 10
120.84431
 20
261.3703744444444
 30
0.0
 10
121.90476
 20
261.3703744444444
 30
0.0
 10
123.1087905555556
 20
261.3703744444444
 30
0.0
 10
124.3128211111111
 20
261.3703744444444
 30
0.0
 10
125.5168516666667
 20
261.3703744444444
 30
0.0
 10
125.7824933333333
 20
261.3703744444444
 30
0.0
 10
126.0371988888889
 20
261.2648938888889
 30
0.0
 10
126.2248766666667
 20
261.0765105555555
 30
0.0
 10
126.5001609259259
 20
260.8005207407407
 30
0.0
 10
126.7754451851852
 20
260.5245309259259
 30
0.0
 10
127.0507294444444
 20
260.2485411111111
 30
0.0
 10
127.2377016666667
 20
260.0612161111111
 30
0.0
 10
127.3428294444444
 20
259.8072161111111
 30
0.0
 10
127.3428294444444
 20
259.54228
 30
0.0
 10
127.3428294444445
 20
259.0133485185185
 30
0.0
 10
127.3428294444445
 20
258.4844170370371
 30
0.0
 10
127.3428294444444
 20
257.9554855555555
 30
0.0
 10
127.2722738888889
 20
257.9237355555555
 30
0.0
 10
126.5173294444444
 20
257.9060966666667
 30
0.0
 10
125.5965794444444
 20
257.9060966666667
 30
0.0
 10
124.6299683333333
 20
257.9060966666667
 30
0.0
 10
123.9385238888889
 20
257.9554855555555
 30
0.0
 10
123.8468016666667
 20
257.9554855555555
 30
0.0
 10
122.6802831481481
 20
257.9554855555555
 30
0.0
 10
121.5137646296296
 20
257.9554855555555
 30
0.0
 10
120.3472461111111
 20
257.9554855555555
 30
0.0
 10
120.3472461111111
 20
256.9547725925925
 30
0.0
 10
120.3472461111111
 20
255.9540596296296
 30
0.0
 10
120.3472461111111
 20
254.9533466666666
 30
0.0
 10
121.5137646296296
 20
254.9533466666666
 30
0.0
 10
122.6802831481481
 20
254.9533466666666
 30
0.0
 10
123.8468016666667
 20
254.9533466666666
 30
0.0
 10
123.9385238888889
 20
254.9533466666666
 30
0.0
 10
124.6299683333333
 20
255.0062633333333
 30
0.0
 10
125.5965794444444
 20
255.0062633333333
 30
0.0
 10
126.5173294444444
 20
255.0062633333333
 30
0.0
 10
127.2722738888889
 20
254.9850966666667
 30
0.0
 10
127.3428294444444
 20
254.9533466666666
 30
0.0
 10
127.3428294444445
 20
254.4232392592592
 30
0.0
 10
127.3428294444445
 20
253.8931318518518
 30
0.0
 10
127.3428294444444
 20
253.3630244444444
 30
0.0
 10
127.3428294444444
 20
253.0984411111111
 30
0.0
 10
127.2377016666667
 20
252.8444411111111
 30
0.0
 10
127.0507294444444
 20
252.6567633333333
 30
0.0
 10
126.7754451851852
 20
252.3807735185185
 30
0.0
 10
126.5001609259259
 20
252.1047837037037
 30
0.0
 10
126.2248766666667
 20
251.8287938888889
 30
0.0
 10
126.0371988888889
 20
251.6407633333333
 30
0.0
 10
125.7824933333333
 20
251.53493
 30
0.0
 10
125.5168516666667
 20
251.53493
 30
0.0
 10
125.3217655555555
 20
251.5349299999999
 30
0.0
 10
125.1266794444444
 20
251.5349299999999
 30
0.0
 10
124.9315933333333
 20
251.53493
 30
0.0
 10
124.3791433333333
 20
251.53493
 30
0.0
 10
123.9314683333333
 20
251.087255
 30
0.0
 10
123.9314683333333
 20
250.5351577777778
 30
0.0
 10
123.9314683333333
 20
248.0336105555556
 30
0.0
 10
123.9314683333333
 20
245.5320633333333
 30
0.0
 10
123.9314683333333
 20
243.0305161111111
 30
0.0
 10
123.9314683333333
 20
242.2346494444444
 30
0.0
 10
124.2475572222222
 20
241.4715911111111
 30
0.0
 10
124.8102377777778
 20
240.9089105555555
 30
0.0
 10
125.6003424074074
 20
240.1189235185185
 30
0.0
 10
126.390447037037
 20
239.3289364814815
 30
0.0
 10
127.1805516666667
 20
238.5389494444444
 30
0.0
 10
127.5555544444445
 20
238.1639466666666
 30
0.0
 10
127.7661627777778
 20
237.6552411111111
 30
0.0
 10
127.7661627777778
 20
237.1246633333333
 30
0.0
  0
SPLINE
  5
B0
330
1F
100
AcDbEntity
  8
DEFAULT
 62
     1
100
AcDbSpline
210
0.0
220
0.0
230
1.0
 70
    11
 71
     3
 72
   245
 73
   241
 74
     0
 42
0.000000001
 43
0.0000000001
 40
9.920000000000016
 40
9.920000000000016
 40
9.920000000000016
 40
9.920000000000016
 40
18.43000000000001
 40
18.43000000000001
 40
18.43000000000001
 40
28.35000000000002
 40
28.35000000000002
 40
28.35000000000002
 40
29.35000000000002
 40
29.35000000000002
 40
29.35000000000002
 40
30.35000000000002
 40
30.35000000000002
 40
30.35000000000002
 40
34.85000000000002
 40
34.85000000000002
 40
34.85000000000002
 40
35.85000000000002
 40
35.85000000000002
 40
35.85000000000002
 40
47.1778506346085
 40
47.1778506346085
 40
47.1778506346085
 40
48.1778506346085
 40
48.1778506346085
 40
48.1778506346085
 40
51.4978506346085
 40
51.4978506346085
 40
51.4978506346085
 40
52.4978506346085
 40
52.4978506346085
 40
52.4978506346085
 40
55.89904160249019
 40
55.89904160249019
 40
55.89904160249019
 40
56.89904160249019
 40
56.89904160249019
 40
56.89904160249019
 40
69.7790416024902
 40
69.7790416024902
 40
69.7790416024902
 40
70.7790416024902
 40
70.7790416024902
 40
70.7790416024902
 40
74.08830133844324
 40
74.08830133844324
 40
74.08830133844324
 40
75.08830133844324
 40
75.08830133844324
 40
75.08830133844324
 40
85.0083013384432
 40
85.0083013384432
 40
85.0083013384432
 40
86.0083013384432
 40
86.0083013384432
 40
86.0083013384432
 40
89.33170321001997
 40
89.33170321001997
 40
89.33170321001997
 40
90.33170321001997
 40
90.33170321001997
 40
90.33170321001997
 40
92.00170321001998
 40
92.00170321001998
 40
92.00170321001998
 40
93.00170321001998
 40
93.00170321001998
 40
93.00170321001998
 40
94.67170321002006
 40
94.67170321002006
 40
94.67170321002006
 40
95.67170321002006
 40
95.67170321002006
 40
95.67170321002006
 40
98.99510508159673
 40
98.99510508159673
 40
98.99510508159673
 40
99.99510508159673
 40
99.99510508159673
 40
99.99510508159673
 40
104.4951050815967
 40
104.4951050815967
 40
104.4951050815967
 40
105.4951050815967
 40
105.4951050815967
 40
105.4951050815967
 40
106.4951050815967
 40
106.4951050815967
 40
106.4951050815967
 40
116.4151050815968
 40
116.4151050815968
 40
116.4151050815968
 40
124.9251050815968
 40
124.9251050815968
 40
124.9251050815968
 40
134.8451050815969
 40
134.8451050815969
 40
134.8451050815969
 40
135.8451050815969
 40
135.8451050815969
 40
135.8451050815969
 40
136.8592472172206
 40
136.8592472172206
 40
136.8592472172206
 40
141.3492472172206
 40
141.3492472172206
 40
141.3492472172206
 40
142.3492472172206
 40
142.3492472172206
 40
142.3492472172206
 40
145.6655855594287
 40
145.6655855594287
 40
145.6655855594287
 40
146.6655855594287
 40
146.6655855594287
 40
146.6655855594287
 40
169.1455855594287
 40
169.1455855594287
 40
169.1455855594287
 40
170.1455855594287
 40
170.1455855594287
 40
170.1455855594287
 40
185.9423510511363
 40
185.9423510511363
 40
185.9423510511363
 40
186.9423510511363
 40
186.9423510511363
 40
186.9423510511363
 40
187.9423510511363
 40
187.9423510511363
 40
187.9423510511363
 40
188.9423510511363
 40
188.9423510511363
 40
188.9423510511363
 40
197.1730739841477
 40
197.1730739841477
 40
197.1730739841477
 40
198.1730739841477
 40
198.1730739841477
 40
198.1730739841477
 40
206.8830739841476
 40
206.8830739841476
 40
206.8830739841476
 40
207.8830739841476
 40
207.8830739841476
 40
207.8830739841476
 40
209.8530739841476
 40
209.8530739841476
 40
209.8530739841476
 40
210.8530739841476
 40
210.8530739841476
 40
210.8530739841476
 40
214.8768502609224
 40
214.8768502609224
 40
214.8768502609224
 40
215.8768502609224
 40
215.8768502609224
 40
215.8768502609224
 40
216.8768502609224
 40
216.8768502609224
 40
216.8768502609224
 40
226.7960084913369
 40
226.7960084913369
 40
226.7960084913369
 40
235.3122811501941
 40
235.3122811501941
 40
235.3122811501941
 40
245.2264427385484
 40
245.2264427385484
 40
245.2264427385484
 40
246.2264427385484
 40
246.2264427385484
 40
246.2264427385484
 40
247.2405848741721
 40
247.2405848741721
 40
247.2405848741721
 40
251.738095296617
 40
251.738095296617
 40
251.738095296617
 40
252.738095296617
 40
252.738095296617
 40
252.738095296617
 40
255.5955767051305
 40
255.5955767051305
 40
255.5955767051305
 40
256.5955767051305
 40
256.5955767051305
 40
256.5955767051305
 40
280.1574972550347
 40
280.1574972550347
 40
280.1574972550347
 40
281.1574972550347
 40
281.1574972550347
 40
281.1574972550347
 40
301.3674972550348
 40
301.3674972550348
 40
301.3674972550348
 40
302.3674972550348
 40
302.3674972550348
 40
302.3674972550348
 40
309.0284431338121
 40
309.0284431338121
 40
309.0284431338121
 40
310.0284431338121
 40
310.0284431338121
 40
310.0284431338121
 40
333.8584431338122
 40
333.8584431338122
 40
333.8584431338122
 40
334.8584431338122
 40
334.8584431338122
 40
334.8584431338122
 40
338.8323832440805
 40
338.8323832440805
 40
338.8323832440805
 40
339.8323832440805
 40
339.8323832440805
 40
339.8323832440805
 40
346.4623832440805
 40
346.4623832440805
 40
346.4623832440805
 40
347.4623832440805
 40
347.4623832440805
 40
347.4623832440805
 40
350.799927251281
 40
350.799927251281
 40
350.799927251281
 40
351.799927251281
 40
351.799927251281
 40
351.799927251281
 40
356.299927251281
 40
356.299927251281
 40
356.299927251281
 40
357.299927251281
 40
357.299927251281
 40
357.299927251281
 40
358.299927251281
 40
358.299927251281
 40
358.299927251281
 40
368.219927251281
 40
368.219927251281
 40
368.219927251281
 40
368.219927251281
 10
108.2377961111111
 20
222.95485
 30
0.0
 10
108.2377961111111
 20
221.954137037037
 30
0.0
 10
108.2377961111111
 20
220.9534240740741
 30
0.0
 10
108.2377961111111
 20
219.9527111111111
 30
0.0
 10
109.4043146296296
 20
219.9527111111111
 30
0.0
 10
110.5708331481482
 20
219.9527111111111
 30
0.0
 10
111.7373516666667
 20
219.9527111111111
 30
0.0
 10
111.8290738888889
 20
219.9527111111111
 30
0.0
 10
112.5205183333333
 20
220.0056277777778
 30
0.0
 10
113.4871294444444
 20
220.0056277777778
 30
0.0
 10
114.4537405555556
 20
220.0056277777778
 30
0.0
 10
115.2369072222222
 20
219.9809333333334
 30
0.0
 10
115.2369072222222
 20
219.9527111111111
 30
0.0
 10
115.2369072222222
 20
219.4235444444444
 30
0.0
 10
115.2369072222222
 20
218.8943777777778
 30
0.0
 10
115.2369072222222
 20
218.3652111111111
 30
0.0
 10
115.2369072222222
 20
218.1006277777778
 30
0.0
 10
115.1310738888889
 20
217.8466277777778
 30
0.0
 10
114.9441016666667
 20
217.6596555555556
 30
0.0
 10
114.002185
 20
216.7177388888889
 30
0.0
 10
113.0602683333333
 20
215.7758222222222
 30
0.0
 10
112.1183516666667
 20
214.8339055555556
 30
0.0
 10
111.9313794444444
 20
214.6469333333334
 30
0.0
 10
111.6773794444444
 20
214.5411
 30
0.0
 10
111.4127961111111
 20
214.5411
 30
0.0
 10
111.0223887037037
 20
214.5411
 30
0.0
 10
110.6319812962963
 20
214.5411
 30
0.0
 10
110.2415738888889
 20
214.5411
 30
0.0
 10
109.9734627777778
 20
214.5411
 30
0.0
 10
109.7194627777778
 20
214.6469333333334
 30
0.0
 10
109.5324905555556
 20
214.8339055555556
 30
0.0
 10
109.2502683333333
 20
215.1173037037037
 30
0.0
 10
108.9680461111111
 20
215.4007018518519
 30
0.0
 10
108.6858238888889
 20
215.6841
 30
0.0
 10
108.4988516666667
 20
215.8710722222222
 30
0.0
 10
108.2448516666667
 20
215.9769055555556
 30
0.0
 10
107.9767405555556
 20
215.9769055555556
 30
0.0
 10
106.4621479629629
 20
215.9769055555556
 30
0.0
 10
104.9475553703704
 20
215.9769055555556
 30
0.0
 10
103.4329627777778
 20
215.9769055555556
 30
0.0
 10
103.1683794444444
 20
215.9769055555556
 30
0.0
 10
102.9143794444444
 20
215.8710722222222
 30
0.0
 10
102.7274072222222
 20
215.6841
 30
0.0
 10
102.4522405555555
 20
215.4089333333333
 30
0.0
 10
102.1770738888889
 20
215.1337666666667
 30
0.0
 10
101.9019072222222
 20
214.8586
 30
0.0
 10
101.714935
 20
214.6716277777778
 30
0.0
 10
101.6091016666667
 20
214.4176277777778
 30
0.0
 10
101.6091016666667
 20
214.1530444444444
 30
0.0
 10
101.6091016666667
 20
212.9865259259259
 30
0.0
 10
101.6091016666667
 20
211.8200074074074
 30
0.0
 10
101.6091016666667
 20
210.6534888888889
 30
0.0
 10
101.6091016666667
 20
210.3889055555555
 30
0.0
 10
101.5032683333333
 20
210.1349055555555
 30
0.0
 10
101.3162961111111
 20
209.9479333333333
 30
0.0
 10
101.0399535185185
 20
209.6715907407408
 30
0.0
 10
100.7636109259259
 20
209.3952481481482
 30
0.0
 10
100.4872683333333
 20
209.1189055555556
 30
0.0
 10
100.3002961111111
 20
208.9319333333333
 30
0.0
 10
100.0462961111111
 20
208.8261
 30
0.0
 10
99.78171277777778
 20
208.8261
 30
0.0
 10
99.58533314814815
 20
208.8261
 30
0.0
 10
99.38895351851852
 20
208.8261
 30
0.0
 10
99.19257388888889
 20
208.8261
 30
0.0
 10
98.64224055555556
 20
208.8261
 30
0.0
 10
98.19421277777779
 20
209.2741277777778
 30
0.0
 10
98.19421277777779
 20
209.8244611111111
 30
0.0
 10
98.19421277777779
 20
210.0208407407407
 30
0.0
 10
98.19421277777779
 20
210.2172203703704
 30
0.0
 10
98.19421277777779
 20
210.4136
 30
0.0
 10
98.19421277777779
 20
210.6781833333334
 30
0.0
 10
98.08837944444446
 20
210.9321833333333
 30
0.0
 10
97.90140722222222
 20
211.1191555555556
 30
0.0
 10
97.62506462962965
 20
211.3954981481482
 30
0.0
 10
97.34872203703704
 20
211.6718407407407
 30
0.0
 10
97.07237944444445
 20
211.9481833333333
 30
0.0
 10
96.88540722222221
 20
212.1351555555556
 30
0.0
 10
96.63140722222224
 20
212.2409888888889
 30
0.0
 10
96.3668238888889
 20
212.2409888888889
 30
0.0
 10
95.83765722222223
 20
212.2409888888889
 30
0.0
 10
95.30849055555557
 20
212.2409888888889
 30
0.0
 10
94.7793238888889
 20
212.2409888888889
 30
0.0
 10
94.75110166666666
 20
212.3115444444445
 30
0.0
 10
94.73346277777777
 20
213.0664888888889
 30
0.0
 10
94.73346277777777
 20
213.9872388888889
 30
0.0
 10
94.73346277777777
 20
214.95385
 30
0.0
 10
94.78285166666667
 20
215.6452944444444
 30
0.0
 10
94.78285166666667
 20
215.7370166666666
 30
0.0
 10
94.78285166666667
 20
216.9035351851852
 30
0.0
 10
94.78285166666667
 20
218.0700537037037
 30
0.0
 10
94.78285166666667
 20
219.2365722222222
 30
0.0
 10
93.78213870370371
 20
219.2365722222222
 30
0.0
 10
92.78142574074074
 20
219.2365722222222
 30
0.0
 10
91.78071277777778
 20
219.2365722222222
 30
0.0
 10
91.78071277777777
 20
218.0700537037037
 30
0.0
 10
91.78071277777777
 20
216.9035351851852
 30
0.0
 10
91.78071277777778
 20
215.7370166666666
 30
0.0
 10
91.78071277777778
 20
215.6452944444444
 30
0.0
 10
91.83362944444444
 20
214.95385
 30
0.0
 10
91.83362944444444
 20
213.9872388888889
 30
0.0
 10
91.83362944444444
 20
213.0206277777778
 30
0.0
 10
91.808935
 20
212.2374611111111
 30
0.0
 10
91.77718499999999
 20
212.2339333333333
 30
0.0
 10
91.24919425925924
 20
212.2339333333333
 30
0.0
 10
90.72120351851851
 20
212.2339333333333
 30
0.0
 10
90.19321277777777
 20
212.2339333333333
 30
0.0
 10
89.92510166666666
 20
212.2339333333333
 30
0.0
 10
89.67110166666667
 20
212.3397666666667
 30
0.0
 10
89.48412944444445
 20
212.5267388888889
 30
0.0
 10
89.20896277777778
 20
212.8030814814815
 30
0.0
 10
88.93379611111112
 20
213.0794240740741
 30
0.0
 10
88.65862944444444
 20
213.3557666666667
 30
0.0
 10
88.47165722222222
 20
213.5427388888889
 30
0.0
 10
88.3658238888889
 20
213.7967388888889
 30
0.0
 10
88.3658238888889
 20
214.0613222222222
 30
0.0
 10
88.3658238888889
 20
216.7048037037037
 30
0.0
 10
88.3658238888889
 20
219.3482851851852
 30
0.0
 10
88.3658238888889
 20
221.9917666666666
 30
0.0
 10
88.3658238888889
 20
222.5244611111111
 30
0.0
 10
88.57749055555556
 20
223.0324611111111
 30
0.0
 10
88.95143499999999
 20
223.4064055555556
 30
0.0
 10
90.26494425925925
 20
224.7199148148148
 30
0.0
 10
91.57845351851851
 20
226.0334240740741
 30
0.0
 10
92.89196277777778
 20
227.3469333333333
 30
0.0
 10
92.99779611111111
 20
227.4527666666667
 30
0.0
 10
93.1283238888889
 20
227.5303777777778
 30
0.0
 10
93.27296277777778
 20
227.5797666666667
 30
0.0
 10
94.507685
 20
228.0066277777778
 30
0.0
 10
95.66479611111112
 20
228.7121833333333
 30
0.0
 10
96.6490461111111
 20
229.6999611111111
 30
0.0
 10
100.1344905555556
 20
233.1818777777778
 30
0.0
 10
100.1344905555556
 20
238.8333777777778
 30
0.0
 10
96.6490461111111
 20
242.3152944444444
 30
0.0
 10
95.96465722222221
 20
242.9996833333333
 30
0.0
 10
95.28026833333331
 20
243.6840722222222
 30
0.0
 10
94.59587944444444
 20
244.3684611111111
 30
0.0
 10
94.22193499999999
 20
244.7424055555555
 30
0.0
 10
94.01026833333334
 20
245.2504055555556
 30
0.0
 10
94.01026833333334
 20
245.7831
 30
0.0
 10
94.01026833333334
 20
246.8073314814815
 30
0.0
 10
94.01026833333334
 20
247.8315629629629
 30
0.0
 10
94.01026833333334
 20
248.8557944444444
 30
0.0
 10
94.01026833333334
 20
249.4061277777778
 30
0.0
 10
94.45829611111111
 20
249.8541555555555
 30
0.0
 10
95.00862944444444
 20
249.8541555555555
 30
0.0
 10
95.24028685185185
 20
249.8541555555555
 30
0.0
 10
95.47194425925926
 20
249.8541555555555
 30
0.0
 10
95.70360166666666
 20
249.8541555555555
 30
0.0
 10
96.05990722222222
 20
249.8541555555555
 30
0.0
 10
96.39151833333334
 20
250.0446555555556
 30
0.0
 10
96.57143500000001
 20
250.3551
 30
0.0
 10
96.8066201851852
 20
250.7643222222222
 30
0.0
 10
97.04180537037037
 20
251.1735444444444
 30
0.0
 10
97.28051833333333
 20
251.5827666666667
 30
0.0
 10
97.333435
 20
251.5827666666667
 30
0.0
 10
98.00724055555555
 20
251.2194055555555
 30
0.0
 10
98.81862944444445
 20
250.7502111111111
 30
0.0
 10
99.65471277777779
 20
250.2704333333334
 30
0.0
 10
100.2297405555556
 20
249.8823777777778
 30
0.0
 10
100.3108794444445
 20
249.8365166666667
 30
0.0
 10
101.3209998148148
 20
249.2532574074074
 30
0.0
 10
102.3311201851852
 20
248.6699981481481
 30
0.0
 10
103.3412405555556
 20
248.0867388888889
 30
0.0
 10
103.8410090740741
 20
248.9545722222222
 30
0.0
 10
104.3407775925926
 20
249.8224055555555
 30
0.0
 10
104.8405461111111
 20
250.6902388888889
 30
0.0
 10
103.8304257407407
 20
251.2723222222222
 30
0.0
 10
102.8203053703704
 20
251.8544055555556
 30
0.0
 10
101.810185
 20
252.4364888888889
 30
0.0
 10
101.7290461111111
 20
252.48235
 30
0.0
 10
101.1046294444445
 20
252.7822111111111
 30
0.0
 10
100.2650183333333
 20
253.2655166666667
 30
0.0
 10
99.43599055555556
 20
253.7417666666666
 30
0.0
 10
98.77629611111111
 20
254.1509888888889
 30
0.0
 10
98.77982388888888
 20
254.1862666666667
 30
0.0
 10
99.0432312962963
 20
254.6448777777778
 30
0.0
 10
99.3066387037037
 20
255.1034888888889
 30
0.0
 10
99.57004611111111
 20
255.5621
 30
0.0
 10
99.70410166666667
 20
255.7914055555556
 30
0.0
 10
99.92282388888889
 20
255.9607388888889
 30
0.0
 10
100.1803516666667
 20
256.0312944444444
 30
0.0
 10
100.5049072222222
 20
256.118312962963
 30
0.0
 10
100.8294627777778
 20
256.2053314814815
 30
0.0
 10
101.1540183333333
 20
256.29235
 30
0.0
 10
101.5103238888889
 20
256.3876
 30
0.0
 10
101.8913238888889
 20
256.3382111111111
 30
0.0
 10
102.2123516666667
 20
256.1512388888889
 30
0.0
 10
104.6112405555556
 20
254.7648222222222
 30
0.0
 10
107.0101294444444
 20
253.3784055555555
 30
0.0
 10
109.4090183333333
 20
251.9919888888889
 30
0.0
 10
110.3368238888889
 20
251.4557666666666
 30
0.0
 10
110.9083238888889
 20
250.4644611111111
 30
0.0
 10
110.9083238888889
 20
249.3920166666667
 30
0.0
 10
110.9083238888889
 20
247.0154703703704
 30
0.0
 10
110.9083238888889
 20
244.6389240740741
 30
0.0
 10
110.9083238888889
 20
242.2623777777778
 30
0.0
 10
110.9083238888889
 20
241.7296833333333
 30
0.0
 10
110.6966572222222
 20
241.2216833333333
 30
0.0
 10
110.3227127777778
 20
240.8477388888889
 30
0.0
 10
109.7688516666667
 20
240.2938777777778
 30
0.0
 10
109.2149905555556
 20
239.7400166666667
 30
0.0
 10
108.6611294444444
 20
239.1861555555556
 30
0.0
 10
108.287185
 20
238.8122111111111
 30
0.0
 10
108.0755183333333
 20
238.3042111111111
 30
0.0
 10
108.0755183333333
 20
237.7715166666667
 30
0.0
 10
108.0755183333333
 20
234.9692851851852
 30
0.0
 10
108.0755183333333
 20
232.1670537037037
 30
0.0
 10
108.0755183333333
 20
229.3648222222222
 30
0.0
 10
108.0755183333333
 20
228.8321277777778
 30
0.0
 10
108.287185
 20
228.3241277777778
 30
0.0
 10
108.6611294444444
 20
227.9501833333333
 30
0.0
 10
108.9915646296296
 20
227.6197481481481
 30
0.0
 10
109.3219998148148
 20
227.289312962963
 30
0.0
 10
109.652435
 20
226.9588777777778
 30
0.0
 10
110.0263794444444
 20
226.5849333333333
 30
0.0
 10
110.5343794444444
 20
226.3732666666667
 30
0.0
 10
111.0670738888889
 20
226.3732666666667
 30
0.0
 10
111.8467127777778
 20
226.3732666666667
 30
0.0
 10
112.6263516666667
 20
226.3732666666667
 30
0.0
 10
113.4059905555555
 20
226.3732666666667
 30
0.0
 10
113.6705738888889
 20
226.3732666666667
 30
0.0
 10
113.9245738888889
 20
226.2674333333333
 30
0.0
 10
114.1115461111111
 20
226.0804611111111
 30
0.0
 10
114.3890646296296
 20
225.8029425925926
 30
0.0
 10
114.6665831481481
 20
225.5254240740741
 30
0.0
 10
114.9441016666667
 20
225.2479055555555
 30
0.0
 10
115.1310738888889
 20
225.0609333333333
 30
0.0
 10
115.2369072222222
 20
224.8069333333333
 30
0.0
 10
115.2369072222222
 20
224.54235
 30
0.0
 10
115.2369072222222
 20
224.0131833333333
 30
0.0
 10
115.2369072222222
 20
223.4840166666667
 30
0.0
 10
115.2369072222222
 20
222.95485
 30
0.0
 10
115.2369072222222
 20
222.9266277777778
 30
0.0
 10
114.4537405555556
 20
222.9054611111111
 30
0.0
 10
113.4871294444444
 20
222.9054611111111
 30
0.0
 10
112.5205183333333
 20
222.9054611111111
 30
0.0
 10
111.8290738888889
 20
222.95485
 30
0.0
 10
111.7373516666667
 20
222.95485
 30
0.0
 10
110.5708331481482
 20
222.95485
 30
0.0
 10
109.4043146296296
 20
222.95485
 30
0.0
 10
108.2377961111111
 20
222.95485
 30
0.0
  0
SPLINE
  5
B1
330
1F
100
AcDbEntity
  8
DEFAULT
 62
     1
100
AcDbSpline
210
0.0
220
0.0
230
1.0
 70
    11
 71
     3
 72
   167
 73
   163
 74
     0
 42
0.000000001
 43
0.0000000001
 40
0.0
 40
0.0
 40
0.0
 40
0.0
 40
8.128899556520496
 40
8.128899556520496
 40
8.128899556520496
 40
9.128899556520496
 40
9.128899556520496
 40
9.128899556520496
 40
24.73389955652051
 40
24.73389955652051
 40
24.73389955652051
 40
25.73389955652051
 40
25.73389955652051
 40
25.73389955652051
 40
45.53854709188452
 40
45.53854709188452
 40
45.53854709188452
 40
46.53854709188452
 40
46.53854709188452
 40
46.53854709188452
 40
54.84154709188451
 40
54.84154709188451
 40
54.84154709188451
 40
55.84154709188451
 40
55.84154709188451
 40
55.84154709188451
 40
71.25435361762798
 40
71.25435361762798
 40
71.25435361762798
 40
72.25435361762798
 40
72.25435361762798
 40
72.25435361762798
 40
113.068353617628
 40
113.068353617628
 40
113.068353617628
 40
114.068353617628
 40
114.068353617628
 40
114.068353617628
 40
117.3917554892048
 40
117.3917554892048
 40
117.3917554892048
 40
118.3917554892048
 40
118.3917554892048
 40
118.3917554892048
 40
122.8877554892047
 40
122.8877554892047
 40
122.8877554892047
 40
123.8877554892047
 40
123.8877554892047
 40
123.8877554892047
 40
124.8877554892047
 40
124.8877554892047
 40
124.8877554892047
 40
134.8077554892048
 40
134.8077554892048
 40
134.8077554892048
 40
143.3177554892048
 40
143.3177554892048
 40
143.3177554892048
 40
153.2377554892048
 40
153.2377554892048
 40
153.2377554892048
 40
154.2377554892048
 40
154.2377554892048
 40
154.2377554892048
 40
155.2377554892048
 40
155.2377554892048
 40
155.2377554892048
 40
159.7367626018909
 40
159.7367626018909
 40
159.7367626018909
 40
160.7367626018909
 40
160.7367626018909
 40
160.7367626018909
 40
174.8039460442151
 40
174.8039460442151
 40
174.8039460442151
 40
175.8039460442151
 40
175.8039460442151
 40
175.8039460442151
 40
181.4009460442151
 40
181.4009460442151
 40
181.4009460442151
 40
182.4009460442151
 40
182.4009460442151
 40
182.4009460442151
 40
185.2564936274291
 40
185.2564936274291
 40
185.2564936274291
 40
186.2564936274291
 40
186.2564936274291
 40
186.2564936274291
 40
189.5729388629185
 40
189.5729388629185
 40
189.5729388629185
 40
190.5729388629185
 40
190.5729388629185
 40
190.5729388629185
 40
195.0755801142649
 40
195.0755801142649
 40
195.0755801142649
 40
203.5836730385381
 40
203.5836730385381
 40
203.5836730385381
 40
208.0771110318791
 40
208.0771110318791
 40
208.0771110318791
 40
209.0771110318791
 40
209.0771110318791
 40
209.0771110318791
 40
212.3916247216985
 40
212.3916247216985
 40
212.3916247216985
 40
213.3916247216985
 40
213.3916247216985
 40
213.3916247216985
 40
218.7848294276224
 40
218.7848294276224
 40
218.7848294276224
 40
219.7848294276224
 40
219.7848294276224
 40
219.7848294276224
 40
223.6979583547088
 40
223.6979583547088
 40
223.6979583547088
 40
224.6979583547088
 40
224.6979583547088
 40
224.6979583547088
 40
242.1899583547089
 40
242.1899583547089
 40
242.1899583547089
 40
243.1899583547089
 40
243.1899583547089
 40
243.1899583547089
 40
246.5133602262857
 40
246.5133602262857
 40
246.5133602262857
 40
247.5133602262857
 40
247.5133602262857
 40
247.5133602262857
 40
264.8313602262857
 40
264.8313602262857
 40
264.8313602262857
 40
265.8313602262857
 40
265.8313602262857
 40
265.8313602262857
 40
285.6204510593684
 40
285.6204510593684
 40
285.6204510593684
 40
286.6204510593684
 40
286.6204510593684
 40
286.6204510593684
 40
296.8594510593684
 40
296.8594510593684
 40
296.8594510593684
 40
297.8594510593684
 40
297.8594510593684
 40
297.8594510593684
 40
298.8594510593684
 40
298.8594510593684
 40
298.8594510593684
 40
299.8594510593684
 40
299.8594510593684
 40
299.8594510593684
 40
299.8594510593684
 10
128.7840325000001
 20
284.7656088888889
 30
0.0
 10
128.1081102777779
 20
285.4415311111111
 30
0.0
 10
127.4321880555556
 20
286.1174533333334
 30
0.0
 10
126.7562658333334
 20
286.7933755555556
 30
0.0
 10
126.3812630555556
 20
287.1683783333333
 30
0.0
 10
125.8725575
 20
287.3789866666666
 30
0.0
 10
125.3423325
 20
287.3789866666666
 30
0.0
 10
123.5073000925926
 20
287.3789866666666
 30
0.0
 10
121.6722676851852
 20
287.3789866666666
 30
0.0
 10
119.8372352777778
 20
287.3789866666666
 30
0.0
 10
119.3070102777778
 20
287.3789866666666
 30
0.0
 10
118.7986575
 20
287.5895949999999
 30
0.0
 10
118.4236547222222
 20
287.9642449999999
 30
0.0
 10
116.7764176851852
 20
289.6105412962963
 30
0.0
 10
115.1291806481482
 20
291.2568375925925
 30
0.0
 10
113.4819436111111
 20
292.9031338888888
 30
0.0
 10
113.1065880555556
 20
293.2784894444444
 30
0.0
 10
112.8956269444444
 20
293.787195
 30
0.0
 10
112.8956269444444
 20
294.3177727777777
 30
0.0
 10
112.8956269444445
 20
295.294144074074
 30
0.0
 10
112.8956269444445
 20
296.2705153703703
 30
0.0
 10
112.8956269444444
 20
297.2468866666666
 30
0.0
 10
112.8956269444444
 20
297.7771116666666
 30
0.0
 10
112.6850186111111
 20
298.2858172222222
 30
0.0
 10
112.3096630555556
 20
298.6608199999999
 30
0.0
 10
111.0281389814815
 20
299.9424616666666
 30
0.0
 10
109.7466149074074
 20
301.2241033333333
 30
0.0
 10
108.4650908333333
 20
302.5057449999999
 30
0.0
 10
107.9024102777778
 20
303.0684255555555
 30
0.0
 10
107.1393519444444
 20
303.3845144444444
 30
0.0
 10
106.3438380555556
 20
303.3845144444444
 30
0.0
 10
101.5444139814815
 20
303.3845144444444
 30
0.0
 10
96.7449899074074
 20
303.3845144444444
 30
0.0
 10
91.94556583333333
 20
303.3845144444444
 30
0.0
 10
91.68027694444444
 20
303.3845144444444
 30
0.0
 10
91.42592416666666
 20
303.2790338888888
 30
0.0
 10
91.23859916666666
 20
303.0917088888889
 30
0.0
 10
90.96225657407406
 20
302.8153662962963
 30
0.0
 10
90.68591398148148
 20
302.5390237037037
 30
0.0
 10
90.40957138888889
 20
302.2626811111111
 30
0.0
 10
90.22224638888889
 20
302.075356111111
 30
0.0
 10
90.11676583333333
 20
301.8210033333333
 30
0.0
 10
90.11676583333333
 20
301.5557144444444
 30
0.0
 10
90.11676583333333
 20
301.0270181481481
 30
0.0
 10
90.11676583333333
 20
300.4983218518518
 30
0.0
 10
90.11676583333333
 20
299.9696255555555
 30
0.0
 10
90.11676583333333
 20
299.9414033333333
 30
0.0
 10
90.89993249999999
 20
299.9167088888889
 30
0.0
 10
91.86654361111111
 20
299.9167088888889
 30
0.0
 10
92.83315472222222
 20
299.9167088888889
 30
0.0
 10
93.52459916666666
 20
299.9696255555555
 30
0.0
 10
93.61632138888888
 20
299.9696255555555
 30
0.0
 10
94.78283990740739
 20
299.9696255555555
 30
0.0
 10
95.94935842592592
 20
299.9696255555555
 30
0.0
 10
97.11587694444444
 20
299.9696255555555
 30
0.0
 10
97.11587694444444
 20
298.9689125925925
 30
0.0
 10
97.11587694444444
 20
297.9681996296296
 30
0.0
 10
97.11587694444444
 20
296.9674866666666
 30
0.0
 10
95.94935842592592
 20
296.9674866666666
 30
0.0
 10
94.78283990740739
 20
296.9674866666666
 30
0.0
 10
93.61632138888888
 20
296.9674866666666
 30
0.0
 10
93.52459916666666
 20
296.9674866666666
 30
0.0
 10
92.83315472222222
 20
297.0168755555555
 30
0.0
 10
91.86654361111111
 20
297.0168755555555
 30
0.0
 10
90.89993249999999
 20
297.0168755555555
 30
0.0
 10
90.11676583333333
 20
296.9957088888888
 30
0.0
 10
90.11676583333333
 20
296.9674866666666
 30
0.0
 10
90.11770657407408
 20
296.4384375925926
 30
0.0
 10
90.11864731481482
 20
295.9093885185185
 30
0.0
 10
90.11958805555555
 20
295.3803394444444
 30
0.0
 10
90.11994083333333
 20
295.1157561111111
 30
0.0
 10
90.2250686111111
 20
294.8621088888888
 30
0.0
 10
90.41204083333334
 20
294.6751366666666
 30
0.0
 10
91.58126398148148
 20
293.5049727777777
 30
0.0
 10
92.75048712962963
 20
292.3348088888889
 30
0.0
 10
93.91971027777778
 20
291.164645
 30
0.0
 10
94.10703527777778
 20
290.9769672222222
 30
0.0
 10
94.36174083333333
 20
290.8714866666666
 30
0.0
 10
94.62702972222222
 20
290.8714866666666
 30
0.0
 10
95.28519546296296
 20
290.8714866666666
 30
0.0
 10
95.94336120370367
 20
290.8714866666666
 30
0.0
 10
96.60152694444443
 20
290.8714866666666
 30
0.0
 10
96.95889083333333
 20
290.8714866666666
 30
0.0
 10
97.28944361111111
 20
291.0623394444444
 30
0.0
 10
97.46794916666666
 20
291.3720783333333
 30
0.0
 10
97.6356362037037
 20
291.6630024074074
 30
0.0
 10
97.80332324074074
 20
291.9539264814815
 30
0.0
 10
97.9710102777778
 20
292.2448505555555
 30
0.0
 10
98.10330194444445
 20
292.4745088888889
 30
0.0
 10
98.32167138888889
 20
292.6424311111111
 30
0.0
 10
98.57778805555556
 20
292.7112227777777
 30
0.0
 10
98.95443712962964
 20
292.8123524074073
 30
0.0
 10
99.3310862037037
 20
292.913482037037
 30
0.0
 10
99.70773527777777
 20
293.0146116666666
 30
0.0
 10
99.96385194444443
 20
293.0837561111111
 30
0.0
 10
100.2365491666667
 20
293.0477727777778
 30
0.0
 10
100.4662075
 20
292.9158338888889
 30
0.0
 10
100.922819537037
 20
292.6530144444444
 30
0.0
 10
101.3794315740741
 20
292.3901949999999
 30
0.0
 10
101.8430991666667
 20
292.1238477777778
 30
0.0
 10
102.7085806481481
 20
291.6252551851852
 30
0.0
 10
103.5740621296296
 20
291.1266625925925
 30
0.0
 10
104.4430713888889
 20
290.6245422222222
 30
0.0
 10
104.9008593518518
 20
290.3606644444444
 30
0.0
 10
105.3586473148148
 20
290.0967866666666
 30
0.0
 10
105.8164352777778
 20
289.8329088888888
 30
0.0
 10
106.0460936111111
 20
289.7006172222221
 30
0.0
 10
106.2140158333333
 20
289.4822477777777
 30
0.0
 10
106.2828075
 20
289.226131111111
 30
0.0
 10
106.3839371296296
 20
288.8497172222222
 30
0.0
 10
106.4850667592593
 20
288.4733033333333
 30
0.0
 10
106.5861963888889
 20
288.0968894444444
 30
0.0
 10
106.6549880555556
 20
287.8404199999999
 30
0.0
 10
106.6193575
 20
287.5673699999999
 30
0.0
 10
106.4867130555556
 20
287.3373588888888
 30
0.0
 10
106.1696834259259
 20
286.7880838888888
 30
0.0
 10
105.8526537962963
 20
286.2388088888889
 30
0.0
 10
105.5356241666667
 20
285.6895338888888
 30
0.0
 10
105.1514491666667
 20
285.0234894444444
 30
0.0
 10
105.2622213888889
 20
284.1821144444444
 30
0.0
 10
105.8058519444444
 20
283.6384838888889
 30
0.0
 10
106.1312306481481
 20
283.3131051851851
 30
0.0
 10
106.4566093518519
 20
282.9877264814814
 30
0.0
 10
106.7819880555556
 20
282.6623477777777
 30
0.0
 10
106.9693130555555
 20
282.4750227777777
 30
0.0
 10
107.2236658333333
 20
282.3695422222222
 30
0.0
 10
107.4889547222222
 20
282.3695422222222
 30
0.0
 10
109.5458843518519
 20
282.3695422222222
 30
0.0
 10
111.6028139814815
 20
282.3695422222222
 30
0.0
 10
113.6597436111111
 20
282.3695422222222
 30
0.0
 10
113.9246797222222
 20
282.3695422222222
 30
0.0
 10
114.1790325
 20
282.2640616666666
 30
0.0
 10
114.3667102777778
 20
282.0767366666666
 30
0.0
 10
114.6430528703704
 20
281.8003940740741
 30
0.0
 10
114.919395462963
 20
281.5240514814814
 30
0.0
 10
115.1957380555556
 20
281.2477088888888
 30
0.0
 10
115.3830630555556
 20
281.0603838888889
 30
0.0
 10
115.4885436111111
 20
280.8060311111111
 30
0.0
 10
115.4885436111111
 20
280.5407422222221
 30
0.0
 10
115.4885436111111
 20
278.5042737037036
 30
0.0
 10
115.4885436111111
 20
276.4678051851851
 30
0.0
 10
115.4885436111111
 20
274.4313366666666
 30
0.0
 10
115.4885436111111
 20
273.3701811111111
 30
0.0
 10
115.9101130555555
 20
272.3524172222222
 30
0.0
 10
116.6608241666667
 20
271.6024116666666
 30
0.0
 10
118.3066500925926
 20
269.9572912962962
 30
0.0
 10
119.9524760185185
 20
268.3121709259258
 30
0.0
 10
121.5983019444444
 20
266.6670505555555
 30
0.0
 10
122.3486602777778
 20
265.9173977777778
 30
0.0
 10
123.3657186111111
 20
265.4961811111111
 30
0.0
 10
124.4261686111111
 20
265.4961811111111
 30
0.0
 10
125.6301991666667
 20
265.4961811111111
 30
0.0
 10
126.8342297222222
 20
265.4961811111111
 30
0.0
 10
128.0382602777778
 20
265.4961811111111
 30
0.0
 10
132.9453991666667
 20
265.4961811111111
 30
0.0
 10
137.7064880555556
 20
269.0027922222222
 30
0.0
 10
138.0063491666667
 20
273.9769588888888
 30
0.0
 10
138.2684630555555
 20
278.32812
 30
0.0
 10
135.4046130555556
 20
282.1430588888888
 30
0.0
 10
131.3575463888889
 20
283.2352588888888
 30
0.0
 10
130.3789408333333
 20
283.4991366666666
 30
0.0
 10
129.5008769444445
 20
284.0487644444444
 30
0.0
 10
128.7840325000001
 20
284.7656088888889
 30
0.0
  0
SPLINE
  5
B2
330
1F
100
AcDbEntity
  8
DEFAULT
 62
     1
100
AcDbSpline
210
0.0
220
0.0
230
1.0
 70
    11
 71
     3
 72
    17
 73
    13
 74
     0
 42
0.000000001
 43
0.0000000001
 40
1.0
 40
1.0
 40
1.0
 40
1.0
 40
2.0
 40
2.0
 40
2.0
 40
3.0
 40
3.0
 40
3.0
 40
4.0
 40
4.0
 40
4.0
 40
5.0
 40
5.0
 40
5.0
 40
5.0
 10
126.1706547222222
 20
268.1208477777778
 30
0.0
 10
125.3416269444444
 20
268.1208477777778
 30
0.0
 10
124.6678213888889
 20
268.7946533333333
 30
0.0
 10
124.6678213888889
 20
269.6236811111111
 30
0.0
 10
124.6678213888889
 20
270.4527088888888
 30
0.0
 10
125.3416269444444
 20
271.1229866666666
 30
0.0
 10
126.1706547222222
 20
271.1229866666666
 30
0.0
 10
126.9996825
 20
271.1229866666666
 30
0.0
 10
127.6699602777778
 20
270.4527088888888
 30
0.0
 10
127.6699602777778
 20
269.6236811111111
 30
0.0
 10
127.6699602777778
 20
268.7946533333333
 30
0.0
 10
126.9996825
 20
268.1208477777778
 30
0.0
 10
126.1706547222222
 20
268.1208477777778
 30
0.0
  0
POLYLINE
  5
B3
330
1F
100
AcDbEntity
  8
DEFAULT
 62
     1
100
AcDb2dPolyline
 66
     1
 10
0.0
 20
0.0
 30
0.0
 70
     1
  0
VERTEX
  5
B4
330
B3
100
AcDbEntity
  8
DEFAULT
 62
     1
100
AcDbVertex
100
AcDb2dVertex
 10
132.5700436111111
 20
270.6114588888888
 30
0.0
  0
VERTEX
  5
B5
330
B3
100
AcDbEntity
  8
DEFAULT
 62
     1
100
AcDbVertex
100
AcDb2dVertex
 10
123.8211547222222
 20
275.6597088888888
 30
0.0
  0
VERTEX
  5
B6
330
B3
100
AcDbEntity
  8
DEFAULT
 62
     1
100
AcDbVertex
100
AcDb2dVertex
 10
125.4227658333333
 20
278.4325422222221
 30
0.0
  0
VERTEX
  5
B7
330
B3
100
AcDbEntity
  8
DEFAULT
 62
     1
100
AcDbVertex
100
AcDb2dVertex
 10
134.1681269444444
 20
273.3807644444444
 30
0.0
  0
SEQEND
  5
B8
330
B3
100
AcDbEntity
  8
DEFAULT
 62
     1
  0
SPLINE
  5
B9
330
1F
100
AcDbEntity
  8
DEFAULT
 62
     1
100
AcDbSpline
210
0.0
220
0.0
230
1.0
 70
    11
 71
     3
 72
   215
 73
   211
 74
     0
 42
0.000000001
 43
0.0000000001
 40
0.0
 40
0.0
 40
0.0
 40
0.0
 40
8.230722933011464
 40
8.230722933011464
 40
8.230722933011464
 40
9.230722933011464
 40
9.230722933011464
 40
9.230722933011464
 40
17.9407229330115
 40
17.9407229330115
 40
17.9407229330115
 40
18.9407229330115
 40
18.9407229330115
 40
18.9407229330115
 40
20.9107229330115
 40
20.9107229330115
 40
20.9107229330115
 40
21.9107229330115
 40
21.9107229330115
 40
21.9107229330115
 40
25.94449920978628
 40
25.94449920978628
 40
25.94449920978628
 40
34.45210756936655
 40
34.45210756936655
 40
34.45210756936655
 40
35.45210756936655
 40
35.45210756936655
 40
35.45210756936655
 40
41.01310756936647
 40
41.01310756936647
 40
41.01310756936647
 40
42.01310756936647
 40
42.01310756936647
 40
42.01310756936647
 40
43.01310756936647
 40
43.01310756936647
 40
43.01310756936647
 40
52.93310756936648
 40
52.93310756936648
 40
52.93310756936648
 40
61.44310756936659
 40
61.44310756936659
 40
61.44310756936659
 40
71.3631075693666
 40
71.3631075693666
 40
71.3631075693666
 40
72.3631075693666
 40
72.3631075693666
 40
72.3631075693666
 40
73.3631075693666
 40
73.3631075693666
 40
73.3631075693666
 40
77.86910756936658
 40
77.86910756936658
 40
77.86910756936658
 40
78.86910756936658
 40
78.86910756936658
 40
78.86910756936658
 40
89.0754868490132
 40
89.0754868490132
 40
89.0754868490132
 40
90.0754868490132
 40
90.0754868490132
 40
90.0754868490132
 40
109.5754868490132
 40
109.5754868490132
 40
109.5754868490132
 40
110.5754868490132
 40
110.5754868490132
 40
110.5754868490132
 40
130.1532803916982
 40
130.1532803916982
 40
130.1532803916982
 40
131.1532803916982
 40
131.1532803916982
 40
131.1532803916982
 40
134.4764866747928
 40
134.4764866747928
 40
134.4764866747928
 40
135.4764866747928
 40
135.4764866747928
 40
135.4764866747928
 40
139.9794705318409
 40
139.9794705318409
 40
139.9794705318409
 40
140.9794705318409
 40
140.9794705318409
 40
140.9794705318409
 40
141.9794705318409
 40
141.9794705318409
 40
141.9794705318409
 40
151.9022977499274
 40
151.9022977499274
 40
151.9022977499274
 40
160.4099061095076
 40
160.4099061095076
 40
160.4099061095076
 40
170.3327333275942
 40
170.3327333275942
 40
170.3327333275942
 40
171.3327333275942
 40
171.3327333275942
 40
171.3327333275942
 40
172.3327333275942
 40
172.3327333275942
 40
172.3327333275942
 40
176.8079204745189
 40
176.8079204745189
 40
176.8079204745189
 40
177.8079204745189
 40
177.8079204745189
 40
177.8079204745189
 40
181.1337286469786
 40
181.1337286469786
 40
181.1337286469786
 40
182.1337286469786
 40
182.1337286469786
 40
182.1337286469786
 40
206.2363426131027
 40
206.2363426131027
 40
206.2363426131027
 40
207.2363426131027
 40
207.2363426131027
 40
207.2363426131027
 40
228.3013016683679
 40
228.3013016683679
 40
228.3013016683679
 40
229.3013016683679
 40
229.3013016683679
 40
229.3013016683679
 40
232.6238609229186
 40
232.6238609229186
 40
232.6238609229186
 40
233.6238609229186
 40
233.6238609229186
 40
233.6238609229186
 40
238.1416826179172
 40
238.1416826179172
 40
238.1416826179172
 40
239.1416826179172
 40
239.1416826179172
 40
239.1416826179172
 40
240.1416826179172
 40
240.1416826179172
 40
240.1416826179172
 40
250.059913306906
 40
250.059913306906
 40
250.059913306906
 40
258.5621777111691
 40
258.5621777111691
 40
258.5621777111691
 40
268.4894985984982
 40
268.4894985984982
 40
268.4894985984982
 40
269.4894985984982
 40
269.4894985984982
 40
269.4894985984982
 40
270.4994985984982
 40
270.4994985984982
 40
270.4994985984982
 40
274.9973202934968
 40
274.9973202934968
 40
274.9973202934968
 40
275.9973202934968
 40
275.9973202934968
 40
275.9973202934968
 40
279.3198795480474
 40
279.3198795480474
 40
279.3198795480474
 40
280.3198795480474
 40
280.3198795480474
 40
280.3198795480474
 40
300.0186612362635
 40
300.0186612362635
 40
300.0186612362635
 40
301.0186612362635
 40
301.0186612362635
 40
301.0186612362635
 40
329.4584959755865
 40
329.4584959755865
 40
329.4584959755865
 40
330.4584959755865
 40
330.4584959755865
 40
330.4584959755865
 40
344.0284959755864
 40
344.0284959755864
 40
344.0284959755864
 40
345.0284959755864
 40
345.0284959755864
 40
345.0284959755864
 40
350.7984873100687
 40
350.7984873100687
 40
350.7984873100687
 40
351.7984873100687
 40
351.7984873100687
 40
351.7984873100687
 40
364.1888424300803
 40
364.1888424300803
 40
364.1888424300803
 40
365.1888424300803
 40
365.1888424300803
 40
365.1888424300803
 40
366.1888424300803
 40
366.1888424300803
 40
366.1888424300803
 40
367.1888424300803
 40
367.1888424300803
 40
367.1888424300803
 40
368.1888424300803
 40
368.1888424300803
 40
368.1888424300803
 40
368.1888424300803
 10
89.99992583333334
 20
243.3153136111111
 30
0.0
 10
89.31553694444445
 20
243.9997025
 30
0.0
 10
88.63114805555556
 20
244.6840913888889
 30
0.0
 10
87.94675916666667
 20
245.3684802777778
 30
0.0
 10
87.57281472222222
 20
245.7424247222222
 30
0.0
 10
87.36114805555555
 20
246.2504247222222
 30
0.0
 10
87.36114805555555
 20
246.7831191666666
 30
0.0
 10
87.36114805555555
 20
247.8073506481481
 30
0.0
 10
87.36114805555555
 20
248.8315821296296
 30
0.0
 10
87.36114805555555
 20
249.8558136111111
 30
0.0
 10
87.36114805555555
 20
250.4072052777778
 30
0.0
 10
87.8081175
 20
250.8541747222222
 30
0.0
 10
88.35950916666665
 20
250.8541747222222
 30
0.0
 10
88.59116657407407
 20
250.8541747222222
 30
0.0
 10
88.82282398148146
 20
250.8541747222222
 30
0.0
 10
89.05448138888887
 20
250.8541747222222
 30
0.0
 10
89.41078694444444
 20
250.8541747222222
 30
0.0
 10
89.74239805555555
 20
251.0446747222222
 30
0.0
 10
89.92231472222221
 20
251.3551191666666
 30
0.0
 10
90.1574999074074
 20
251.7643413888889
 30
0.0
 10
90.39268509259257
 20
252.1735636111111
 30
0.0
 10
90.63139805555554
 20
252.5863136111111
 30
0.0
 10
91.13116657407404
 20
253.4529710185185
 30
0.0
 10
91.63093509259257
 20
254.3196284259259
 30
0.0
 10
92.1307036111111
 20
255.1862858333333
 30
0.0
 10
92.21819249999999
 20
255.3383330555556
 30
0.0
 10
92.27887027777777
 20
255.5362413888889
 30
0.0
 10
92.27887027777777
 20
255.7115719444444
 30
0.0
 10
92.27887027777778
 20
256.3655043518518
 30
0.0
 10
92.27887027777778
 20
257.0194367592592
 30
0.0
 10
92.27887027777777
 20
257.6733691666666
 30
0.0
 10
92.20831472222221
 20
257.7051191666666
 30
0.0
 10
91.45337027777776
 20
257.7262858333333
 30
0.0
 10
90.53262027777777
 20
257.7262858333333
 30
0.0
 10
89.56600916666666
 20
257.7262858333333
 30
0.0
 10
88.87456472222222
 20
257.6733691666666
 30
0.0
 10
88.78284249999999
 20
257.6733691666666
 30
0.0
 10
87.61632398148147
 20
257.6733691666666
 30
0.0
 10
86.44980546296294
 20
257.6733691666666
 30
0.0
 10
85.28328694444443
 20
257.6733691666666
 30
0.0
 10
85.28328694444443
 20
258.6740821296296
 30
0.0
 10
85.28328694444443
 20
259.6747950925926
 30
0.0
 10
85.28328694444443
 20
260.6755080555556
 30
0.0
 10
86.44980546296294
 20
260.6755080555556
 30
0.0
 10
87.61632398148147
 20
260.6755080555556
 30
0.0
 10
88.78284249999999
 20
260.6755080555556
 30
0.0
 10
88.87456472222222
 20
260.6755080555556
 30
0.0
 10
89.56600916666666
 20
260.6261191666666
 30
0.0
 10
90.53262027777777
 20
260.6261191666666
 30
0.0
 10
91.49923138888887
 20
260.6261191666666
 30
0.0
 10
92.28239805555555
 20
260.6472858333333
 30
0.0
 10
92.28239805555555
 20
260.6755080555556
 30
0.0
 10
92.28239805555556
 20
261.2053802777777
 30
0.0
 10
92.28239805555556
 20
261.7352524999999
 30
0.0
 10
92.28239805555555
 20
262.2651247222222
 30
0.0
 10
92.28239805555555
 20
262.5304136111111
 30
0.0
 10
92.1769175
 20
262.7847663888888
 30
0.0
 10
91.9895925
 20
262.9720913888889
 30
0.0
 10
91.14092675925927
 20
263.8207571296296
 30
0.0
 10
90.29226101851852
 20
264.6694228703704
 30
0.0
 10
89.44359527777777
 20
265.5180886111111
 30
0.0
 10
88.69323694444444
 20
266.2687997222222
 30
0.0
 10
88.27131472222221
 20
267.2869163888889
 30
0.0
 10
88.27131472222221
 20
268.3484247222222
 30
0.0
 10
88.27131472222221
 20
270.6414802777778
 30
0.0
 10
88.27131472222221
 20
272.9345358333333
 30
0.0
 10
88.27131472222221
 20
275.2275913888889
 30
0.0
 10
88.27131472222221
 20
275.9296191666666
 30
0.0
 10
88.45475916666666
 20
276.6210636111111
 30
0.0
 10
88.80753694444444
 20
277.2278413888889
 30
0.0
 10
89.95759249999999
 20
279.2222117592592
 30
0.0
 10
91.10764805555554
 20
281.2165821296296
 30
0.0
 10
92.2577036111111
 20
283.2109525
 30
0.0
 10
92.39175916666666
 20
283.4402580555555
 30
0.0
 10
92.42703694444444
 20
283.7154247222222
 30
0.0
 10
92.35648138888887
 20
283.9694247222222
 30
0.0
 10
92.25535175925926
 20
284.3468969444444
 30
0.0
 10
92.15422212962962
 20
284.7243691666666
 30
0.0
 10
92.05309249999999
 20
285.1018413888888
 30
0.0
 10
91.98606472222222
 20
285.3558413888888
 30
0.0
 10
91.81673138888888
 20
285.5745636111111
 30
0.0
 10
91.58742583333331
 20
285.7086191666667
 30
0.0
 10
91.12999064814812
 20
285.9720265740741
 30
0.0
 10
90.67255546296293
 20
286.2354339814815
 30
0.0
 10
90.21159249999998
 20
286.5023691666667
 30
0.0
 10
90.17984249999999
 20
286.5023691666667
 30
0.0
 10
89.77062027777777
 20
285.8426747222222
 30
0.0
 10
89.2908425
 20
285.0136469444444
 30
0.0
 10
88.80753694444444
 20
284.1775636111111
 30
0.0
 10
88.50767583333332
 20
283.5496191666666
 30
0.0
 10
88.4618147222222
 20
283.4720080555555
 30
0.0
 10
87.87973138888886
 20
282.4607117592593
 30
0.0
 10
87.29764805555554
 20
281.4494154629629
 30
0.0
 10
86.71556472222221
 20
280.4381191666666
 30
0.0
 10
85.84890731481481
 20
280.9378876851852
 30
0.0
 10
84.9822499074074
 20
281.4376562037037
 30
0.0
 10
84.11559249999999
 20
281.9374247222222
 30
0.0
 10
84.69767583333332
 20
282.9487210185185
 30
0.0
 10
85.27975916666666
 20
283.9600173148148
 30
0.0
 10
85.8618425
 20
284.9713136111111
 30
0.0
 10
85.9077036111111
 20
285.0489247222222
 30
0.0
 10
86.29575916666666
 20
285.6239525
 30
0.0
 10
86.77906472222222
 20
286.4600358333333
 30
0.0
 10
87.26237027777778
 20
287.2996469444444
 30
0.0
 10
87.63278694444443
 20
287.9875636111111
 30
0.0
 10
87.60809249999998
 20
288.0016747222222
 30
0.0
 10
87.15183324074074
 20
288.2639062037037
 30
0.0
 10
86.69557398148147
 20
288.5261376851852
 30
0.0
 10
86.23931472222222
 20
288.7883691666667
 30
0.0
 10
86.01000916666665
 20
288.9224247222222
 30
0.0
 10
85.73484249999998
 20
288.9577025
 30
0.0
 10
85.4808425
 20
288.8906747222222
 30
0.0
 10
85.10337027777777
 20
288.7883691666666
 30
0.0
 10
84.72589805555555
 20
288.686063611111
 30
0.0
 10
84.34842583333332
 20
288.5837580555555
 30
0.0
 10
84.09442583333332
 20
288.5167302777778
 30
0.0
 10
83.8757036111111
 20
288.3473969444444
 30
0.0
 10
83.74164805555554
 20
288.1180913888889
 30
0.0
 10
82.32583324074072
 20
285.6627580555555
 30
0.0
 10
80.91001842592591
 20
283.2074247222222
 30
0.0
 10
79.4942036111111
 20
280.7520913888889
 30
0.0
 10
79.06028694444444
 20
280.0006747222222
 30
0.0
 10
78.79570361111111
 20
279.1610636111111
 30
0.0
 10
78.7145647222222
 20
278.2932302777778
 30
0.0
 10
78.49231472222222
 20
275.8261376851852
 30
0.0
 10
78.27006472222222
 20
273.3590450925926
 30
0.0
 10
78.04781472222221
 20
270.8919525
 30
0.0
 10
78.02664805555554
 20
270.6273691666667
 30
0.0
 10
77.89964805555555
 20
270.3839525
 30
0.0
 10
77.69503694444444
 20
270.2146191666666
 30
0.0
 10
77.39517583333333
 20
269.9641469444444
 30
0.0
 10
77.09531472222221
 20
269.7136747222222
 30
0.0
 10
76.7954536111111
 20
269.4632025
 30
0.0
 10
76.5908425
 20
269.2938691666666
 30
0.0
 10
76.32978694444444
 20
269.2127302777778
 30
0.0
 10
76.0652036111111
 20
269.2374247222222
 30
0.0
 10
75.53838879629627
 20
269.2844617592593
 30
0.0
 10
75.01157398148148
 20
269.3314987962963
 30
0.0
 10
74.4777036111111
 20
269.3785358333333
 30
0.0
 10
74.4459536111111
 20
269.2903413888889
 30
0.0
 10
74.35775916666665
 20
268.5530358333333
 30
0.0
 10
74.28014805555554
 20
267.6499247222222
 30
0.0
 10
74.19548138888888
 20
266.6868413888889
 30
0.0
 10
74.18489805555554
 20
265.9918691666667
 30
0.0
 10
74.1778425
 20
265.9001469444444
 30
0.0
 10
74.07553694444444
 20
264.7383321296297
 30
0.0
 10
73.97323138888889
 20
263.5765173148148
 30
0.0
 10
73.87092583333333
 20
262.4147025
 30
0.0
 10
72.87491657407406
 20
262.5017210185185
 30
0.0
 10
71.8789073148148
 20
262.588739537037
 30
0.0
 10
70.88289805555554
 20
262.6757580555555
 30
0.0
 10
70.98402768518518
 20
263.8387487962963
 30
0.0
 10
71.08515731481481
 20
265.0017395370371
 30
0.0
 10
71.18628694444443
 20
266.1647302777778
 30
0.0
 10
71.19687027777778
 20
266.2564525
 30
0.0
 10
71.30623138888888
 20
266.9408413888889
 30
0.0
 10
71.39089805555555
 20
267.9039247222222
 30
0.0
 10
71.47203694444443
 20
268.8140913888889
 30
0.0
 10
71.51789805555553
 20
269.5690358333333
 30
0.0
 10
71.4932036111111
 20
269.6431191666667
 30
0.0
 10
70.96638879629627
 20
269.6901562037037
 30
0.0
 10
70.43957398148147
 20
269.7371932407407
 30
0.0
 10
69.91275916666666
 20
269.7842302777777
 30
0.0
 10
69.64817583333333
 20
269.8089247222222
 30
0.0
 10
69.38712027777777
 20
269.7277858333333
 30
0.0
 10
69.18250916666666
 20
269.5584525
 30
0.0
 10
68.88264805555555
 20
269.3079802777777
 30
0.0
 10
68.58278694444444
 20
269.0575080555556
 30
0.0
 10
68.28292583333332
 20
268.8070358333333
 30
0.0
 10
68.0783147222222
 20
268.6377025
 30
0.0
 10
67.95131472222221
 20
268.3942858333333
 30
0.0
 10
67.92662027777777
 20
268.1297025
 30
0.0
 10
67.71965731481481
 20
265.8225358333333
 30
0.0
 10
67.51269435185185
 20
263.5153691666667
 30
0.0
 10
67.30573138888887
 20
261.2082025
 30
0.0
 10
67.17167583333332
 20
259.7300636111111
 30
0.0
 10
67.7008425
 20
258.2695636111111
 30
0.0
 10
68.74859249999999
 20
257.2218136111111
 30
0.0
 10
71.11337953703702
 20
254.8570265740741
 30
0.0
 10
73.47816657407405
 20
252.492239537037
 30
0.0
 10
75.8429536111111
 20
250.1274525
 30
0.0
 10
76.21689805555555
 20
249.7535080555556
 30
0.0
 10
76.42856472222222
 20
249.2455080555555
 30
0.0
 10
76.42856472222222
 20
248.7128136111111
 30
0.0
 10
76.42856472222222
 20
247.1170821296296
 30
0.0
 10
76.42856472222222
 20
245.5213506481482
 30
0.0
 10
76.42856472222222
 20
243.9256191666667
 30
0.0
 10
76.42856472222222
 20
243.3929247222222
 30
0.0
 10
76.21689805555555
 20
242.8849247222222
 30
0.0
 10
75.8429536111111
 20
242.5109802777778
 30
0.0
 10
75.36317583333333
 20
242.0312025
 30
0.0
 10
74.88339805555553
 20
241.5514247222222
 30
0.0
 10
74.40362027777776
 20
241.0716469444444
 30
0.0
 10
73.89914805555554
 20
240.5671747222222
 30
0.0
 10
73.70159249999999
 20
239.8333969444444
 30
0.0
 10
73.88856472222221
 20
239.1419525
 30
0.0
 10
74.26486101851852
 20
237.7343691666667
 30
0.0
 10
74.6411573148148
 20
236.3267858333333
 30
0.0
 10
75.01745361111111
 20
234.9192025
 30
0.0
 10
75.38787027777778
 20
233.3740358333333
 30
0.0
 10
76.17809249999999
 20
231.9064802777777
 30
0.0
 10
77.3845925
 20
230.6999802777778
 30
0.0
 10
79.82228694444444
 20
228.2587580555555
 30
0.0
 10
83.54762027777777
 20
227.5990636111111
 30
0.0
 10
86.6238425
 20
228.5797858333333
 30
0.0
 10
87.85856472222221
 20
229.0066469444444
 30
0.0
 10
89.01567583333332
 20
229.7122025
 30
0.0
 10
89.99992583333332
 20
230.6999802777778
 30
0.0
 10
93.48536944678305
 20
234.1818961142908
 30
0.0
 10
93.48537027777758
 20
239.8333942495994
 30
0.0
 10
89.99992583333334
 20
243.3153136111111
 30
0.0
  0
POLYLINE
  5
BA
330
1F
100
AcDbEntity
  8
DEFAULT
 62
     1
100
AcDb2dPolyline
 66
     1
 10
0.0
 20
0.0
 30
0.0
 70
     1
  0
VERTEX
  5
BB
330
BA
100
AcDbEntity
  8
DEFAULT
 62
     1
100
AcDbVertex
100
AcDb2dVertex
 10
87.26589805555551
 20
233.0953413888888
 30
0.0
  0
VERTEX
  5
BC
330
BA
100
AcDbEntity
  8
DEFAULT
 62
     1
100
AcDbVertex
100
AcDb2dVertex
 10
78.51700916666663
 20
238.1435913888888
 30
0.0
  0
VERTEX
  5
BD
330
BA
100
AcDbEntity
  8
DEFAULT
 62
     1
100
AcDbVertex
100
AcDb2dVertex
 10
80.11862027777777
 20
240.9199525
 30
0.0
  0
VERTEX
  5
BE
330
BA
100
AcDbEntity
  8
DEFAULT
 62
     1
100
AcDbVertex
100
AcDb2dVertex
 10
88.86398138888887
 20
235.8646469444444
 30
0.0
  0
SEQEND
  5
BF
330
BA
100
AcDbEntity
  8
DEFAULT
 62
     1
  0
SPLINE
  5
C0
330
1F
100
AcDbEntity
  8
DEFAULT
 62
     1
100
AcDbSpline
210
0.0
220
0.0
230
1.0
 70
    11
 71
     3
 72
   125
 73
   121
 74
     0
 42
0.000000001
 43
0.0000000001
 40
1.0
 40
1.0
 40
1.0
 40
1.0
 40
13.21173615830279
 40
13.21173615830279
 40
13.21173615830279
 40
14.21173615830279
 40
14.21173615830279
 40
14.21173615830279
 40
26.41173615830283
 40
26.41173615830283
 40
26.41173615830283
 40
27.41173615830283
 40
27.41173615830283
 40
27.41173615830283
 40
39.72458818372733
 40
39.72458818372733
 40
39.72458818372733
 40
40.72458818372733
 40
40.72458818372733
 40
40.72458818372733
 40
48.16658818372733
 40
48.16658818372733
 40
48.16658818372733
 40
49.16658818372733
 40
49.16658818372733
 40
49.16658818372733
 40
69.03558164087059
 40
69.03558164087059
 40
69.03558164087059
 40
70.03558164087059
 40
70.03558164087059
 40
70.03558164087059
 40
73.35758164087059
 40
73.35758164087059
 40
73.35758164087059
 40
74.35758164087059
 40
74.35758164087059
 40
74.35758164087059
 40
94.21172584302646
 40
94.21172584302646
 40
94.21172584302646
 40
95.21172584302646
 40
95.21172584302646
 40
95.21172584302646
 40
113.4257258430264
 40
113.4257258430264
 40
113.4257258430264
 40
114.4257258430264
 40
114.4257258430264
 40
114.4257258430264
 40
125.8652993490623
 40
125.8652993490623
 40
125.8652993490623
 40
126.8652993490623
 40
126.8652993490623
 40
126.8652993490623
 40
131.3712993490624
 40
131.3712993490624
 40
131.3712993490624
 40
132.3712993490624
 40
132.3712993490624
 40
132.3712993490624
 40
133.3712993490624
 40
133.3712993490624
 40
133.3712993490624
 40
143.2912993490624
 40
143.2912993490624
 40
143.2912993490624
 40
151.8012993490624
 40
151.8012993490624
 40
151.8012993490624
 40
161.7212993490625
 40
161.7212993490625
 40
161.7212993490625
 40
162.7212993490625
 40
162.7212993490625
 40
162.7212993490625
 40
163.7212993490625
 40
163.7212993490625
 40
163.7212993490625
 40
171.0272993490625
 40
171.0272993490625
 40
171.0272993490625
 40
172.0272993490625
 40
172.0272993490625
 40
172.0272993490625
 40
186.2260035152884
 40
186.2260035152884
 40
186.2260035152884
 40
187.2260035152884
 40
187.2260035152884
 40
187.2260035152884
 40
190.4080035152884
 40
190.4080035152884
 40
190.4080035152884
 40
191.4080035152884
 40
191.4080035152884
 40
191.4080035152884
 40
195.4526543036754
 40
195.4526543036754
 40
195.4526543036754
 40
196.4526543036754
 40
196.4526543036754
 40
196.4526543036754
 40
198.5836543036754
 40
198.5836543036754
 40
198.5836543036754
 40
199.5836543036754
 40
199.5836543036754
 40
199.5836543036754
 40
243.4589234310552
 40
243.4589234310552
 40
243.4589234310552
 40
244.4589234310552
 40
244.4589234310552
 40
244.4589234310552
 40
258.7789234310551
 40
258.7789234310551
 40
258.7789234310551
 40
259.7789234310551
 40
259.7789234310551
 40
259.7789234310551
 40
259.7789234310551
 10
198.7240613888889
 20
346.0575022222222
 30
0.0
 10
197.7080613888889
 20
347.0723262962962
 30
0.0
 10
196.6920613888889
 20
348.0871503703704
 30
0.0
 10
195.6760613888889
 20
349.1019744444444
 30
0.0
 10
195.4890891666666
 20
349.2889466666666
 30
0.0
 10
195.2350891666667
 20
349.39478
 30
0.0
 10
194.9669780555556
 20
349.39478
 30
0.0
 10
193.532348425926
 20
349.3947799999999
 30
0.0
 10
192.0977187962963
 20
349.3947799999999
 30
0.0
 10
190.6630891666667
 20
349.39478
 30
0.0
 10
190.3985058333333
 20
349.39478
 30
0.0
 10
190.1445058333333
 20
349.2889466666666
 30
0.0
 10
189.9610613888889
 20
349.1019744444444
 30
0.0
 10
188.9367123148148
 20
348.0786837037037
 30
0.0
 10
187.9123632407407
 20
347.055392962963
 30
0.0
 10
186.8880141666667
 20
346.0321022222222
 30
0.0
 10
186.7006891666667
 20
345.84513
 30
0.0
 10
186.5955613888889
 20
345.5918355555555
 30
0.0
 10
186.5955613888889
 20
345.3272522222222
 30
0.0
 10
186.5955613888889
 20
344.4521281481481
 30
0.0
 10
186.5955613888889
 20
343.577004074074
 30
0.0
 10
186.5955613888889
 20
342.70188
 30
0.0
 10
186.5955613888889
 20
342.1716549999999
 30
0.0
 10
186.3849530555556
 20
341.6629494444444
 30
0.0
 10
186.0099502777778
 20
341.2875938888889
 30
0.0
 10
184.3577743518518
 20
339.6355355555555
 30
0.0
 10
182.7055984259259
 20
337.9834772222222
 30
0.0
 10
181.0534225
 20
336.3314188888888
 30
0.0
 10
180.8660975
 20
336.1440938888888
 30
0.0
 10
180.6117447222222
 20
336.0386133333333
 30
0.0
 10
180.3464558333333
 20
336.0386133333333
 30
0.0
 10
179.9558132407407
 20
336.0386133333333
 30
0.0
 10
179.5651706481482
 20
336.0386133333333
 30
0.0
 10
179.1745280555556
 20
336.0386133333333
 30
0.0
 10
178.9092391666667
 20
336.0386133333333
 30
0.0
 10
178.6552391666667
 20
335.9331327777778
 30
0.0
 10
178.4675613888889
 20
335.7458077777777
 30
0.0
 10
176.8166789814815
 20
334.0949253703703
 30
0.0
 10
175.1657965740741
 20
332.4440429629629
 30
0.0
 10
173.5149141666667
 20
330.7931605555555
 30
0.0
 10
173.1395586111111
 20
330.417805
 30
0.0
 10
172.9289502777778
 20
329.9090994444444
 30
0.0
 10
172.9289502777778
 20
329.3788744444444
 30
0.0
 10
172.9289502777778
 20
327.2370429629629
 30
0.0
 10
172.9289502777778
 20
325.0952114814814
 30
0.0
 10
172.9289502777778
 20
322.95338
 30
0.0
 10
172.9289502777778
 20
322.423155
 30
0.0
 10
173.1395586111111
 20
321.9144494444444
 30
0.0
 10
173.5149141666667
 20
321.5390938888888
 30
0.0
 10
174.4661206481481
 20
320.5878874074074
 30
0.0
 10
175.4173271296296
 20
319.6366809259259
 30
0.0
 10
176.3685336111111
 20
318.6854744444444
 30
0.0
 10
176.5562113888889
 20
318.4981494444444
 30
0.0
 10
176.8105641666667
 20
318.3926688888889
 30
0.0
 10
177.0755002777778
 20
318.3926688888889
 30
0.0
 10
177.6053725
 20
318.3926688888889
 30
0.0
 10
178.1352447222222
 20
318.3926688888889
 30
0.0
 10
178.6651169444444
 20
318.3926688888889
 30
0.0
 10
178.6933391666666
 20
318.3926688888889
 30
0.0
 10
178.7180336111111
 20
319.1758355555555
 30
0.0
 10
178.7180336111111
 20
320.1424466666667
 30
0.0
 10
178.7180336111111
 20
321.1090577777778
 30
0.0
 10
178.6651169444444
 20
321.8005022222222
 30
0.0
 10
178.6651169444444
 20
321.8922244444444
 30
0.0
 10
178.6651169444444
 20
323.058742962963
 30
0.0
 10
178.6651169444444
 20
324.2252614814815
 30
0.0
 10
178.6651169444444
 20
325.39178
 30
0.0
 10
179.6658299074074
 20
325.39178
 30
0.0
 10
180.6665428703704
 20
325.39178
 30
0.0
 10
181.6672558333333
 20
325.39178
 30
0.0
 10
181.6672558333333
 20
324.2252614814815
 30
0.0
 10
181.6672558333333
 20
323.058742962963
 30
0.0
 10
181.6672558333333
 20
321.8922244444444
 30
0.0
 10
181.6672558333333
 20
321.8005022222222
 30
0.0
 10
181.6178669444444
 20
321.1090577777778
 30
0.0
 10
181.6178669444444
 20
320.1424466666667
 30
0.0
 10
181.6178669444444
 20
319.1758355555555
 30
0.0
 10
181.6390336111111
 20
318.3926688888889
 30
0.0
 10
181.6672558333333
 20
318.3926688888889
 30
0.0
 10
182.5263873148148
 20
318.3926688888889
 30
0.0
 10
183.3855187962963
 20
318.3926688888889
 30
0.0
 10
184.2446502777778
 20
318.3926688888889
 30
0.0
 10
184.5099391666667
 20
318.3926688888889
 30
0.0
 10
184.7642919444444
 20
318.4981494444444
 30
0.0
 10
184.9516169444445
 20
318.6854744444444
 30
0.0
 10
186.1322465740741
 20
319.866104074074
 30
0.0
 10
187.3128762037037
 20
321.0467337037036
 30
0.0
 10
188.4935058333333
 20
322.2273633333333
 30
0.0
 10
188.6811836111111
 20
322.4146883333333
 30
0.0
 10
188.7863113888889
 20
322.6690411111111
 30
0.0
 10
188.7863113888889
 20
322.93433
 30
0.0
 10
188.7863113888889
 20
323.3085096296297
 30
0.0
 10
188.7863113888889
 20
323.6826892592592
 30
0.0
 10
188.7863113888889
 20
324.0568688888889
 30
0.0
 10
188.7863113888889
 20
324.3221577777778
 30
0.0
 10
188.6808308333333
 20
324.5765105555555
 30
0.0
 10
188.4935058333333
 20
324.7638355555555
 30
0.0
 10
188.1571910185185
 20
325.1001503703703
 30
0.0
 10
187.8208762037037
 20
325.4364651851851
 30
0.0
 10
187.4845613888889
 20
325.77278
 30
0.0
 10
187.2972363888889
 20
325.960105
 30
0.0
 10
187.1917558333333
 20
326.2144577777777
 30
0.0
 10
187.1917558333333
 20
326.4797466666666
 30
0.0
 10
187.1917558333333
 20
326.7303364814814
 30
0.0
 10
187.1917558333333
 20
326.9809262962962
 30
0.0
 10
187.1917558333333
 20
327.231516111111
 30
0.0
 10
187.1917558333333
 20
327.496805
 30
0.0
 10
187.2972363888889
 20
327.7515105555555
 30
0.0
 10
187.4849141666666
 20
327.9388355555555
 30
0.0
 10
191.1336947222222
 20
331.5865577777777
 30
0.0
 10
194.7824752777778
 20
335.23428
 30
0.0
 10
198.4312558333333
 20
338.8820022222222
 30
0.0
 10
198.8052002777778
 20
339.2559466666666
 30
0.0
 10
199.0168669444444
 20
339.7674744444444
 30
0.0
 10
199.0168669444444
 20
340.2966411111111
 30
0.0
 10
199.0168669444444
 20
341.980567037037
 30
0.0
 10
199.0168669444444
 20
343.6644929629629
 30
0.0
 10
199.0168669444444
 20
345.3484188888888
 30
0.0
 10
199.0168669444444
 20
345.61653
 30
0.0
 10
198.9110336111111
 20
345.87053
 30
0.0
 10
198.7240613888889
 20
346.0575022222222
 30
0.0
  0
SPLINE
  5
C1
330
1F
100
AcDbEntity
  8
DEFAULT
 62
     1
100
AcDbSpline
210
0.0
220
0.0
230
1.0
 70
    11
 71
     3
 72
    17
 73
    13
 74
     0
 42
0.000000001
 43
0.0000000001
 40
1.0
 40
1.0
 40
1.0
 40
1.0
 40
2.0
 40
2.0
 40
2.0
 40
3.0
 40
3.0
 40
3.0
 40
4.0
 40
4.0
 40
4.0
 40
5.0
 40
5.0
 40
5.0
 40
5.0
 10
192.8220891666667
 20
340.3989466666666
 30
0.0
 10
191.2769225
 20
340.3989466666666
 30
0.0
 10
190.0245613888889
 20
341.6513077777777
 30
0.0
 10
190.0245613888889
 20
343.1964744444444
 30
0.0
 10
190.0245613888889
 20
344.7416411111111
 30
0.0
 10
191.2769225
 20
345.9904744444444
 30
0.0
 10
192.8220891666667
 20
345.9904744444444
 30
0.0
 10
194.3672558333333
 20
345.9904744444444
 30
0.0
 10
195.6160891666667
 20
344.7416411111111
 30
0.0
 10
195.6160891666667
 20
343.1964744444444
 30
0.0
 10
195.6160891666667
 20
341.6513077777777
 30
0.0
 10
194.3672558333333
 20
340.3989466666666
 30
0.0
 10
192.8220891666667
 20
340.3989466666666
 30
0.0
  0
SPLINE
  5
C2
330
1F
100
AcDbEntity
  8
DEFAULT
 62
     1
100
AcDbSpline
210
0.0
220
0.0
230
1.0
 70
    11
 71
     3
 72
   305
 73
   301
 74
     0
 42
0.000000001
 43
0.0000000001
 40
1.0
 40
1.0
 40
1.0
 40
1.0
 40
31.16999999999996
 40
31.16999999999996
 40
31.16999999999996
 40
32.16999999999996
 40
32.16999999999996
 40
32.16999999999996
 40
32.60133513652368
 40
32.60133513652368
 40
32.60133513652368
 40
33.60133513652368
 40
33.60133513652368
 40
33.60133513652368
 40
40.40133513652363
 40
40.40133513652363
 40
40.40133513652363
 40
41.40133513652363
 40
41.40133513652363
 40
41.40133513652363
 40
42.40133513652363
 40
42.40133513652363
 40
42.40133513652363
 40
52.32133513652359
 40
52.32133513652359
 40
52.32133513652359
 40
60.83134101196233
 40
60.83134101196233
 40
60.83134101196233
 40
70.7513410119623
 40
70.7513410119623
 40
70.7513410119623
 40
71.7513410119623
 40
71.7513410119623
 40
71.7513410119623
 40
72.7513410119623
 40
72.7513410119623
 40
72.7513410119623
 40
77.24734101196228
 40
77.24734101196228
 40
77.24734101196228
 40
78.24734101196228
 40
78.24734101196228
 40
78.24734101196228
 40
81.570742883539
 40
81.570742883539
 40
81.570742883539
 40
82.570742883539
 40
82.570742883539
 40
82.570742883539
 40
108.528742883539
 40
108.528742883539
 40
108.528742883539
 40
109.528742883539
 40
109.528742883539
 40
109.528742883539
 40
128.2090898289252
 40
128.2090898289252
 40
128.2090898289252
 40
129.2090898289252
 40
129.2090898289252
 40
129.2090898289252
 40
150.4520898289252
 40
150.4520898289252
 40
150.4520898289252
 40
151.4520898289252
 40
151.4520898289252
 40
151.4520898289252
 40
163.6129122517714
 40
163.6129122517714
 40
163.6129122517714
 40
164.6129122517714
 40
164.6129122517714
 40
164.6129122517714
 40
181.5349122517714
 40
181.5349122517714
 40
181.5349122517714
 40
182.5349122517714
 40
182.5349122517714
 40
182.5349122517714
 40
183.5349122517714
 40
183.5349122517714
 40
183.5349122517714
 40
193.4549122517714
 40
193.4549122517714
 40
193.4549122517714
 40
201.9649122517714
 40
201.9649122517714
 40
201.9649122517714
 40
207.9159122517713
 40
207.9159122517713
 40
207.9159122517713
 40
208.9159122517713
 40
208.9159122517713
 40
208.9159122517713
 40
209.9159122517713
 40
209.9159122517713
 40
209.9159122517713
 40
245.3259122517712
 40
245.3259122517712
 40
245.3259122517712
 40
246.3259122517712
 40
246.3259122517712
 40
246.3259122517712
 40
247.3259122517712
 40
247.3259122517712
 40
247.3259122517712
 40
253.2769122517711
 40
253.2769122517711
 40
253.2769122517711
 40
261.7869122517711
 40
261.7869122517711
 40
261.7869122517711
 40
271.7069122517711
 40
271.7069122517711
 40
271.7069122517711
 40
272.7069122517711
 40
272.7069122517711
 40
272.7069122517711
 40
273.7069122517711
 40
273.7069122517711
 40
273.7069122517711
 40
290.6389122517711
 40
290.6389122517711
 40
290.6389122517711
 40
291.6389122517711
 40
291.6389122517711
 40
291.6389122517711
 40
303.7990275883951
 40
303.7990275883951
 40
303.7990275883951
 40
304.7990275883951
 40
304.7990275883951
 40
304.7990275883951
 40
326.0420275883952
 40
326.0420275883952
 40
326.0420275883952
 40
327.0420275883952
 40
327.0420275883952
 40
327.0420275883952
 40
345.7223745337814
 40
345.7223745337814
 40
345.7223745337814
 40
346.7223745337814
 40
346.7223745337814
 40
346.7223745337814
 40
372.6803745337813
 40
372.6803745337813
 40
372.6803745337813
 40
373.6803745337813
 40
373.6803745337813
 40
373.6803745337813
 40
377.0037764053581
 40
377.0037764053581
 40
377.0037764053581
 40
378.0037764053581
 40
378.0037764053581
 40
378.0037764053581
 40
382.4997764053581
 40
382.4997764053581
 40
382.4997764053581
 40
383.4997764053581
 40
383.4997764053581
 40
383.4997764053581
 40
384.4997764053581
 40
384.4997764053581
 40
384.4997764053581
 40
394.4197764053581
 40
394.4197764053581
 40
394.4197764053581
 40
402.9297822807967
 40
402.9297822807967
 40
402.9297822807967
 40
412.8497822807967
 40
412.8497822807967
 40
412.8497822807967
 40
413.8497822807967
 40
413.8497822807967
 40
413.8497822807967
 40
414.8497822807967
 40
414.8497822807967
 40
414.8497822807967
 40
421.6197822807967
 40
421.6197822807967
 40
421.6197822807967
 40
422.6197822807967
 40
422.6197822807967
 40
422.6197822807967
 40
423.0440463495086
 40
423.0440463495086
 40
423.0440463495086
 40
424.0440463495086
 40
424.0440463495086
 40
424.0440463495086
 40
454.2100463495087
 40
454.2100463495087
 40
454.2100463495087
 40
455.2100463495087
 40
455.2100463495087
 40
455.2100463495087
 40
486.1681874435732
 40
486.1681874435732
 40
486.1681874435732
 40
528.7281874435731
 40
528.7281874435731
 40
528.7281874435731
 40
529.7281874435731
 40
529.7281874435731
 40
529.7281874435731
 40
530.1524515122851
 40
530.1524515122851
 40
530.1524515122851
 40
531.1524515122851
 40
531.1524515122851
 40
531.1524515122851
 40
537.9224515122851
 40
537.9224515122851
 40
537.9224515122851
 40
538.9224515122851
 40
538.9224515122851
 40
538.9224515122851
 40
539.9224515122851
 40
539.9224515122851
 40
539.9224515122851
 40
549.8424565526063
 40
549.8424565526063
 40
549.8424565526063
 40
558.3424565526063
 40
558.3424565526063
 40
558.3424565526063
 40
568.2624565526063
 40
568.2624565526063
 40
568.2624565526063
 40
569.2624565526063
 40
569.2624565526063
 40
569.2624565526063
 40
570.2624565526063
 40
570.2624565526063
 40
570.2624565526063
 40
575.7624565526063
 40
575.7624565526063
 40
575.7624565526063
 40
593.807821608487
 40
593.807821608487
 40
593.807821608487
 40
594.807821608487
 40
594.807821608487
 40
594.807821608487
 40
675.5078216084869
 40
675.5078216084869
 40
675.5078216084869
 40
676.5078216084869
 40
676.5078216084869
 40
676.5078216084869
 40
694.558843518617
 40
694.558843518617
 40
694.558843518617
 40
700.048843518617
 40
700.048843518617
 40
700.048843518617
 40
701.048843518617
 40
701.048843518617
 40
701.048843518617
 40
702.048843518617
 40
702.048843518617
 40
702.048843518617
 40
711.968843518617
 40
711.968843518617
 40
711.968843518617
 40
720.468843518617
 40
720.468843518617
 40
720.468843518617
 40
730.3888485589382
 40
730.3888485589382
 40
730.3888485589382
 40
731.3888485589382
 40
731.3888485589382
 40
731.3888485589382
 40
732.3888485589382
 40
732.3888485589382
 40
732.3888485589382
 40
739.1758485589381
 40
739.1758485589381
 40
739.1758485589381
 40
740.1758485589381
 40
740.1758485589381
 40
740.1758485589381
 40
740.6001126276501
 40
740.6001126276501
 40
740.6001126276501
 40
741.6001126276501
 40
741.6001126276501
 40
741.6001126276501
 40
784.16011262765
 40
784.16011262765
 40
784.16011262765
 40
815.1182537217145
 40
815.1182537217145
 40
815.1182537217145
 40
816.1182537217145
 40
816.1182537217145
 40
816.1182537217145
 40
816.1182537217145
 10
223.4665894444445
 20
333.5479316666666
 30
0.0
 10
223.4665894444445
 20
330.0001631481481
 30
0.0
 10
223.4665894444445
 20
326.4523946296296
 30
0.0
 10
223.4665894444445
 20
322.9046261111111
 30
0.0
 10
223.4665894444445
 20
322.6403955555555
 30
0.0
 10
223.3614616666667
 20
322.3871011111111
 30
0.0
 10
223.1748422222222
 20
322.2001288888889
 30
0.0
 10
223.1389764814815
 20
322.1642631481481
 30
0.0
 10
223.1031107407408
 20
322.1283974074074
 30
0.0
 10
223.067245
 20
322.0925316666666
 30
0.0
 10
222.8802727777778
 20
321.9055594444444
 30
0.0
 10
222.6266255555556
 20
321.8004316666666
 30
0.0
 10
222.362395
 20
321.8004316666666
 30
0.0
 10
221.5627653703704
 20
321.8004316666666
 30
0.0
 10
220.7631357407407
 20
321.8004316666666
 30
0.0
 10
219.9635061111111
 20
321.8004316666666
 30
0.0
 10
219.9352838888889
 20
321.8004316666666
 30
0.0
 10
219.9141172222222
 20
322.5835983333333
 30
0.0
 10
219.9141172222222
 20
323.5466816666666
 30
0.0
 10
219.9141172222222
 20
324.5132927777777
 30
0.0
 10
219.9635061111111
 20
324.9613205555555
 30
0.0
 10
219.9635061111111
 20
325.2999872222222
 30
0.0
 10
219.9635061111111
 20
326.4665057407407
 30
0.0
 10
219.9635061111111
 20
327.6330242592592
 30
0.0
 10
219.9635061111111
 20
328.7995427777777
 30
0.0
 10
218.9627931481482
 20
328.7983668518518
 30
0.0
 10
217.9620801851852
 20
328.7971909259259
 30
0.0
 10
216.9613672222222
 20
328.796015
 30
0.0
 10
216.9613672222222
 20
327.6294964814815
 30
0.0
 10
216.9613672222222
 20
326.462977962963
 30
0.0
 10
216.9613672222222
 20
325.2964594444444
 30
0.0
 10
216.9613672222222
 20
324.9613205555555
 30
0.0
 10
217.0107561111111
 20
324.5132927777777
 30
0.0
 10
217.0107561111111
 20
323.5466816666666
 30
0.0
 10
217.0107561111111
 20
322.5800705555555
 30
0.0
 10
216.9895894444444
 20
321.7969038888889
 30
0.0
 10
216.9613672222222
 20
321.7969038888889
 30
0.0
 10
216.4326709259259
 20
321.7969038888889
 30
0.0
 10
215.9039746296296
 20
321.7969038888889
 30
0.0
 10
215.3752783333333
 20
321.7969038888889
 30
0.0
 10
215.1099894444444
 20
321.7969038888889
 30
0.0
 10
214.8556366666667
 20
321.9023844444444
 30
0.0
 10
214.6683116666667
 20
322.0897094444444
 30
0.0
 10
214.3919690740741
 20
322.366052037037
 30
0.0
 10
214.1156264814815
 20
322.6423946296296
 30
0.0
 10
213.8392838888889
 20
322.9187372222222
 30
0.0
 10
213.6519588888889
 20
323.106415
 30
0.0
 10
213.5464783333333
 20
323.3604149999999
 30
0.0
 10
213.5464783333333
 20
323.6257038888888
 30
0.0
 10
213.5464783333333
 20
326.6781724074074
 30
0.0
 10
213.5464783333333
 20
329.7306409259259
 30
0.0
 10
213.5464783333333
 20
332.7831094444444
 30
0.0
 10
213.5464783333333
 20
333.3136872222222
 30
0.0
 10
213.33587
 20
333.8223927777777
 30
0.0
 10
212.9605144444445
 20
334.1973955555555
 30
0.0
 10
211.4072338888889
 20
335.750676111111
 30
0.0
 10
209.8539533333334
 20
337.3039566666666
 30
0.0
 10
208.3006727777778
 20
338.8572372222222
 30
0.0
 10
207.92567
 20
339.23224
 30
0.0
 10
207.7150616666667
 20
339.7409455555555
 30
0.0
 10
207.7150616666667
 20
340.2715233333333
 30
0.0
 10
207.7150616666667
 20
342.7695427777778
 30
0.0
 10
207.7150616666667
 20
345.2675622222221
 30
0.0
 10
207.7150616666667
 20
347.7655816666666
 30
0.0
 10
207.7150616666667
 20
348.2958066666666
 30
0.0
 10
207.5044533333333
 20
348.8045122222222
 30
0.0
 10
207.1290977777778
 20
349.1798677777778
 30
0.0
 10
206.1179190740741
 20
350.1910464814814
 30
0.0
 10
205.1067403703704
 20
351.2022251851851
 30
0.0
 10
204.0955616666667
 20
352.2134038888888
 30
0.0
 10
203.7205588888889
 20
352.5884066666666
 30
0.0
 10
203.2118533333334
 20
352.799015
 30
0.0
 10
202.6816283333333
 20
352.799015
 30
0.0
 10
200.6917264814815
 20
352.799015
 30
0.0
 10
198.7018246296296
 20
352.799015
 30
0.0
 10
196.7119227777778
 20
352.799015
 30
0.0
 10
196.6837005555556
 20
352.799015
 30
0.0
 10
196.6625338888889
 20
353.5821816666666
 30
0.0
 10
196.6625338888889
 20
354.5487927777777
 30
0.0
 10
196.6625338888889
 20
355.5154038888888
 30
0.0
 10
196.7119227777778
 20
355.9634316666666
 30
0.0
 10
196.7119227777778
 20
356.2985705555555
 30
0.0
 10
196.7119227777778
 20
357.465089074074
 30
0.0
 10
196.7119227777778
 20
358.6316075925925
 30
0.0
 10
196.7119227777778
 20
359.7981261111111
 30
0.0
 10
195.7112098148148
 20
359.7981261111111
 30
0.0
 10
194.7104968518518
 20
359.7981261111111
 30
0.0
 10
193.7097838888889
 20
359.7981261111111
 30
0.0
 10
193.7097838888889
 20
359.0983325925925
 30
0.0
 10
193.7097838888889
 20
358.3985390740741
 30
0.0
 10
193.7097838888889
 20
357.6987455555555
 30
0.0
 10
193.7097838888889
 20
357.3636066666666
 30
0.0
 10
193.7591727777778
 20
356.9155788888888
 30
0.0
 10
193.7591727777778
 20
355.9489677777777
 30
0.0
 10
193.7591727777778
 20
354.9823566666666
 30
0.0
 10
193.7380061111111
 20
354.1991899999999
 30
0.0
 10
193.7097838888889
 20
354.1991899999999
 30
0.0
 10
189.5458301851852
 20
354.19919
 30
0.0
 10
185.3818764814815
 20
354.19919
 30
0.0
 10
181.2179227777778
 20
354.1991899999999
 30
0.0
 10
181.1897005555556
 20
354.1991899999999
 30
0.0
 10
181.1685338888889
 20
354.9823566666666
 30
0.0
 10
181.1685338888889
 20
355.9489677777777
 30
0.0
 10
181.1685338888889
 20
356.9155788888888
 30
0.0
 10
181.2179227777778
 20
357.3636066666666
 30
0.0
 10
181.2179227777778
 20
357.6987455555555
 30
0.0
 10
181.2179227777778
 20
358.3985390740741
 30
0.0
 10
181.2179227777778
 20
359.0983325925926
 30
0.0
 10
181.2179227777778
 20
359.7981261111111
 30
0.0
 10
180.2172098148148
 20
359.7981261111111
 30
0.0
 10
179.2164968518518
 20
359.7981261111111
 30
0.0
 10
178.2157838888889
 20
359.7981261111111
 30
0.0
 10
178.2157838888889
 20
358.6316075925925
 30
0.0
 10
178.2157838888889
 20
357.465089074074
 30
0.0
 10
178.2157838888889
 20
356.2985705555555
 30
0.0
 10
178.2157838888889
 20
355.9634316666666
 30
0.0
 10
178.2651727777778
 20
355.5154038888888
 30
0.0
 10
178.2651727777778
 20
354.5487927777777
 30
0.0
 10
178.2651727777778
 20
353.5821816666666
 30
0.0
 10
178.2440061111111
 20
352.799015
 30
0.0
 10
178.2157838888889
 20
352.799015
 30
0.0
 10
176.2247061111111
 20
352.799015
 30
0.0
 10
174.2336283333334
 20
352.799015
 30
0.0
 10
172.2425505555556
 20
352.799015
 30
0.0
 10
171.7123255555555
 20
352.799015
 30
0.0
 10
171.20362
 20
352.5884066666666
 30
0.0
 10
170.8282644444444
 20
352.2134038888888
 30
0.0
 10
169.8172033333334
 20
351.2022251851851
 30
0.0
 10
168.8061422222222
 20
350.1910464814814
 30
0.0
 10
167.7950811111111
 20
349.1798677777778
 30
0.0
 10
167.4197255555556
 20
348.8045122222222
 30
0.0
 10
167.2091172222222
 20
348.2958066666666
 30
0.0
 10
167.2091172222222
 20
347.7655816666666
 30
0.0
 10
167.2091172222222
 20
345.2675622222221
 30
0.0
 10
167.2091172222222
 20
342.7695427777778
 30
0.0
 10
167.2091172222222
 20
340.2715233333333
 30
0.0
 10
167.2091172222222
 20
339.7409455555555
 30
0.0
 10
166.9985088888889
 20
339.23224
 30
0.0
 10
166.6235061111111
 20
338.8572372222222
 30
0.0
 10
165.0702255555555
 20
337.3039566666666
 30
0.0
 10
163.516945
 20
335.7506761111111
 30
0.0
 10
161.9636644444444
 20
334.1973955555555
 30
0.0
 10
161.5883088888889
 20
333.8223927777777
 30
0.0
 10
161.3777005555555
 20
333.3136872222222
 30
0.0
 10
161.3777005555555
 20
332.7831094444444
 30
0.0
 10
161.3777005555555
 20
329.7306409259259
 30
0.0
 10
161.3777005555555
 20
326.6781724074073
 30
0.0
 10
161.3777005555555
 20
323.6257038888888
 30
0.0
 10
161.3777005555555
 20
323.3604149999999
 30
0.0
 10
161.27222
 20
323.106415
 30
0.0
 10
161.084895
 20
322.9187372222222
 30
0.0
 10
160.8085524074074
 20
322.6423946296296
 30
0.0
 10
160.5322098148148
 20
322.366052037037
 30
0.0
 10
160.2558672222222
 20
322.0897094444444
 30
0.0
 10
160.0685422222222
 20
321.9023844444444
 30
0.0
 10
159.8141894444445
 20
321.7969038888889
 30
0.0
 10
159.5489005555556
 20
321.7969038888889
 30
0.0
 10
159.0202042592593
 20
321.7969038888889
 30
0.0
 10
158.491507962963
 20
321.7969038888889
 30
0.0
 10
157.9628116666667
 20
321.7969038888889
 30
0.0
 10
157.9345894444444
 20
321.7969038888889
 30
0.0
 10
157.9134227777778
 20
322.5800705555555
 30
0.0
 10
157.9134227777778
 20
323.5466816666666
 30
0.0
 10
157.9134227777778
 20
324.5132927777777
 30
0.0
 10
157.9628116666667
 20
324.9613205555555
 30
0.0
 10
157.9628116666667
 20
325.2964594444444
 30
0.0
 10
157.9628116666667
 20
326.462977962963
 30
0.0
 10
157.9628116666667
 20
327.6294964814815
 30
0.0
 10
157.9628116666667
 20
328.796015
 30
0.0
 10
156.9620987037037
 20
328.7971909259259
 30
0.0
 10
155.9613857407408
 20
328.7983668518518
 30
0.0
 10
154.9606727777778
 20
328.7995427777777
 30
0.0
 10
154.9606727777778
 20
327.6330242592592
 30
0.0
 10
154.9606727777778
 20
326.4665057407407
 30
0.0
 10
154.9606727777778
 20
325.2999872222222
 30
0.0
 10
154.9606727777778
 20
324.9613205555555
 30
0.0
 10
155.0100616666667
 20
324.5132927777777
 30
0.0
 10
155.0100616666667
 20
323.5466816666666
 30
0.0
 10
155.0100616666667
 20
322.5835983333333
 30
0.0
 10
154.988895
 20
321.8004316666666
 30
0.0
 10
154.9606727777778
 20
321.8004316666666
 30
0.0
 10
154.1645709259259
 20
321.8004316666666
 30
0.0
 10
153.3684690740741
 20
321.8004316666666
 30
0.0
 10
152.5723672222222
 20
321.8004316666666
 30
0.0
 10
152.3042561111111
 20
321.8004316666666
 30
0.0
 10
152.0502561111111
 20
321.906265
 30
0.0
 10
151.8632838888889
 20
322.0932372222222
 30
0.0
 10
151.8280061111111
 20
322.1285149999999
 30
0.0
 10
151.7927283333333
 20
322.1637927777778
 30
0.0
 10
151.7574505555556
 20
322.1990705555555
 30
0.0
 10
151.5701255555556
 20
322.3867483333333
 30
0.0
 10
151.464645
 20
322.6407483333333
 30
0.0
 10
151.464645
 20
322.9060372222222
 30
0.0
 10
151.464645
 20
326.4533353703703
 30
0.0
 10
151.464645
 20
330.0006335185184
 30
0.0
 10
151.464645
 20
333.5479316666666
 30
0.0
 10
151.464645
 20
334.2499594444444
 30
0.0
 10
151.6516172222222
 20
334.9378761111111
 30
0.0
 10
152.0008672222222
 20
335.5481816666666
 30
0.0
 10
153.8212005555555
 20
338.7008390740741
 30
0.0
 10
155.6415338888889
 20
341.8534964814814
 30
0.0
 10
157.4618672222222
 20
345.0061538888888
 30
0.0
 10
157.4618672222222
 20
350.0108946296295
 30
0.0
 10
157.4618672222222
 20
355.0156353703703
 30
0.0
 10
157.4618672222222
 20
360.020376111111
 30
0.0
 10
157.4618672222222
 20
360.2884872222222
 30
0.0
 10
157.5677005555555
 20
360.5424872222222
 30
0.0
 10
157.7546727777778
 20
360.7294594444444
 30
0.0
 10
157.7899505555555
 20
360.7647372222221
 30
0.0
 10
157.8252283333333
 20
360.800015
 30
0.0
 10
157.8605061111111
 20
360.8352927777777
 30
0.0
 10
158.0474783333333
 20
361.0222649999999
 30
0.0
 10
158.3014783333333
 20
361.1280983333333
 30
0.0
 10
158.5695894444444
 20
361.1280983333333
 30
0.0
 10
159.3656912962963
 20
361.1280983333333
 30
0.0
 10
160.1617931481481
 20
361.1280983333333
 30
0.0
 10
160.957895
 20
361.1280983333333
 30
0.0
 10
160.9861172222222
 20
361.117515
 30
0.0
 10
161.0072838888889
 20
360.3378761111111
 30
0.0
 10
161.0072838888889
 20
359.3783205555555
 30
0.0
 10
161.0072838888889
 20
358.4117094444444
 30
0.0
 10
160.957895
 20
357.9636816666666
 30
0.0
 10
160.957895
 20
357.6285427777777
 30
0.0
 10
160.9590709259259
 20
356.4620242592592
 30
0.0
 10
160.9602468518518
 20
355.2955057407407
 30
0.0
 10
160.9614227777778
 20
354.1289872222222
 30
0.0
 10
161.9609598148148
 20
354.1289872222222
 30
0.0
 10
162.9604968518519
 20
354.1289872222222
 30
0.0
 10
163.9600338888889
 20
354.1289872222222
 30
0.0
 10
163.9600338888889
 20
355.2955057407407
 30
0.0
 10
163.9600338888889
 20
356.4620242592592
 30
0.0
 10
163.9600338888889
 20
357.6285427777777
 30
0.0
 10
163.9600338888889
 20
357.9636816666666
 30
0.0
 10
163.910645
 20
358.4117094444444
 30
0.0
 10
163.910645
 20
359.3783205555555
 30
0.0
 10
163.910645
 20
360.3484594444444
 30
0.0
 10
163.9318116666667
 20
361.1280983333333
 30
0.0
 10
163.9600338888889
 20
361.1280983333333
 30
0.0
 10
164.6067931481482
 20
361.1280983333333
 30
0.0
 10
165.2535524074074
 20
361.1280983333333
 30
0.0
 10
165.9003116666667
 20
361.1280983333333
 30
0.0
 10
167.4007931481482
 20
362.6285798148148
 30
0.0
 10
168.9012746296296
 20
364.1290612962964
 30
0.0
 10
170.4017561111111
 20
365.6295427777778
 30
0.0
 10
171.1531727777778
 20
366.3774316666666
 30
0.0
 10
172.1691727777778
 20
366.800765
 30
0.0
 10
173.2310338888889
 20
366.800765
 30
0.0
 10
182.7207561111111
 20
366.800765
 30
0.0
 10
192.2104783333333
 20
366.800765
 30
0.0
 10
201.7002005555555
 20
366.800765
 30
0.0
 10
202.7595922222222
 20
366.800765
 30
0.0
 10
203.7755922222222
 20
366.3799011111111
 30
0.0
 10
204.5245394444445
 20
365.6309538888888
 30
0.0
 10
206.0254912962963
 20
364.130002037037
 30
0.0
 10
207.5264431481482
 20
362.6290501851852
 30
0.0
 10
209.027395
 20
361.1280983333333
 30
0.0
 10
209.6729783333334
 20
361.1280983333333
 30
0.0
 10
210.3185616666667
 20
361.1280983333333
 30
0.0
 10
210.964145
 20
361.1280983333333
 30
0.0
 10
210.995895
 20
361.1280983333333
 30
0.0
 10
211.0170616666667
 20
360.3484594444444
 30
0.0
 10
211.0170616666667
 20
359.3783205555555
 30
0.0
 10
211.0170616666667
 20
358.4117094444444
 30
0.0
 10
210.9676727777778
 20
357.9636816666666
 30
0.0
 10
210.9676727777778
 20
357.6285427777777
 30
0.0
 10
210.9676727777778
 20
356.4620242592592
 30
0.0
 10
210.9676727777778
 20
355.2955057407407
 30
0.0
 10
210.9676727777778
 20
354.1289872222222
 30
0.0
 10
211.9672098148149
 20
354.1289872222222
 30
0.0
 10
212.9667468518519
 20
354.1289872222222
 30
0.0
 10
213.9662838888889
 20
354.1289872222222
 30
0.0
 10
213.9674598148148
 20
355.2955057407407
 30
0.0
 10
213.9686357407408
 20
356.4620242592592
 30
0.0
 10
213.9698116666667
 20
357.6285427777777
 30
0.0
 10
213.9698116666667
 20
357.9636816666666
 30
0.0
 10
213.9204227777778
 20
358.4117094444444
 30
0.0
 10
213.916895
 20
359.3783205555555
 30
0.0
 10
213.9204227777778
 20
360.3378761111111
 30
0.0
 10
213.9415894444444
 20
361.117515
 30
0.0
 10
213.9698116666667
 20
361.1280983333333
 30
0.0
 10
214.7679125925926
 20
361.1280983333333
 30
0.0
 10
215.5660135185185
 20
361.1280983333333
 30
0.0
 10
216.3641144444444
 20
361.1280983333333
 30
0.0
 10
216.6290505555556
 20
361.1280983333333
 30
0.0
 10
216.8834033333333
 20
361.0229705555555
 30
0.0
 10
217.0707283333333
 20
360.8352927777777
 30
0.0
 10
217.1060061111111
 20
360.800015
 30
0.0
 10
217.1412838888889
 20
360.7647372222221
 30
0.0
 10
217.1765616666667
 20
360.7294594444444
 30
0.0
 10
217.3635338888889
 20
360.5424872222222
 30
0.0
 10
217.4693672222222
 20
360.2884872222222
 30
0.0
 10
217.4693672222222
 20
360.020376111111
 30
0.0
 10
217.4693672222222
 20
355.0156353703703
 30
0.0
 10
217.4693672222222
 20
350.0108946296295
 30
0.0
 10
217.4693672222222
 20
345.0061538888888
 30
0.0
 10
219.2897005555556
 20
341.8534964814814
 30
0.0
 10
221.1100338888889
 20
338.7008390740741
 30
0.0
 10
222.9303672222222
 20
335.5481816666666
 30
0.0
 10
223.283145
 20
334.9378761111111
 30
0.0
 10
223.4665894444445
 20
334.2499594444444
 30
0.0
 10
223.4665894444445
 20
333.5479316666666
 30
0.0
  0
SPLINE
  5
C3
330
1F
100
AcDbEntity
  8
DEFAULT
 62
     1
100
AcDbSpline
210
0.0
220
0.0
230
1.0
 70
    11
 71
     3
 72
   149
 73
   145
 74
     0
 42
0.000000001
 43
0.0000000001
 40
9.919999999999959
 40
9.919999999999959
 40
9.919999999999959
 40
9.919999999999959
 40
18.42999999999995
 40
18.42999999999995
 40
18.42999999999995
 40
28.34999999999991
 40
28.34999999999991
 40
28.34999999999991
 40
29.34999999999991
 40
29.34999999999991
 40
29.34999999999991
 40
30.34999999999991
 40
30.34999999999991
 40
30.34999999999991
 40
34.84999999999991
 40
34.84999999999991
 40
34.84999999999991
 40
35.84999999999991
 40
35.84999999999991
 40
35.84999999999991
 40
39.17340187157671
 40
39.17340187157671
 40
39.17340187157671
 40
40.17340187157671
 40
40.17340187157671
 40
40.17340187157671
 40
66.65340187157673
 40
66.65340187157673
 40
66.65340187157673
 40
67.65340187157673
 40
67.65340187157673
 40
67.65340187157673
 40
74.97902812466937
 40
74.97902812466937
 40
74.97902812466937
 40
75.97902812466937
 40
75.97902812466937
 40
75.97902812466937
 40
77.89902812466933
 40
77.89902812466933
 40
77.89902812466933
 40
78.89902812466933
 40
78.89902812466933
 40
78.89902812466933
 40
85.3690590364966
 40
85.3690590364966
 40
85.3690590364966
 40
86.3690590364966
 40
86.3690590364966
 40
86.3690590364966
 40
107.4490590364966
 40
107.4490590364966
 40
107.4490590364966
 40
108.4490590364966
 40
108.4490590364966
 40
108.4490590364966
 40
111.7724609080734
 40
111.7724609080734
 40
111.7724609080734
 40
112.7724609080734
 40
112.7724609080734
 40
112.7724609080734
 40
117.2724609080734
 40
117.2724609080734
 40
117.2724609080734
 40
118.2724609080734
 40
118.2724609080734
 40
118.2724609080734
 40
119.2724609080734
 40
119.2724609080734
 40
119.2724609080734
 40
129.1924609080734
 40
129.1924609080734
 40
129.1924609080734
 40
137.7024609080734
 40
137.7024609080734
 40
137.7024609080734
 40
147.6224609080734
 40
147.6224609080734
 40
147.6224609080734
 40
148.6224609080734
 40
148.6224609080734
 40
148.6224609080734
 40
149.6224609080734
 40
149.6224609080734
 40
149.6224609080734
 40
154.1124609080734
 40
154.1124609080734
 40
154.1124609080734
 40
155.1124609080734
 40
155.1124609080734
 40
155.1124609080734
 40
158.4358627796502
 40
158.4358627796502
 40
158.4358627796502
 40
159.4358627796502
 40
159.4358627796502
 40
159.4358627796502
 40
180.5158627796503
 40
180.5158627796503
 40
180.5158627796503
 40
181.5158627796503
 40
181.5158627796503
 40
181.5158627796503
 40
187.9858936914775
 40
187.9858936914775
 40
187.9858936914775
 40
188.9858936914775
 40
188.9858936914775
 40
188.9858936914775
 40
190.9058936914775
 40
190.9058936914775
 40
190.9058936914775
 40
191.9058936914775
 40
191.9058936914775
 40
191.9058936914775
 40
199.2315199445701
 40
199.2315199445701
 40
199.2315199445701
 40
200.2315199445701
 40
200.2315199445701
 40
200.2315199445701
 40
226.7115199445701
 40
226.7115199445701
 40
226.7115199445701
 40
227.7115199445701
 40
227.7115199445701
 40
227.7115199445701
 40
231.0349218161469
 40
231.0349218161469
 40
231.0349218161469
 40
232.0349218161469
 40
232.0349218161469
 40
232.0349218161469
 40
236.524921816147
 40
236.524921816147
 40
236.524921816147
 40
237.524921816147
 40
237.524921816147
 40
237.524921816147
 40
238.524921816147
 40
238.524921816147
 40
238.524921816147
 40
248.4449218161469
 40
248.4449218161469
 40
248.4449218161469
 40
248.4449218161469
 10
186.6749011111111
 20
237.5260891666666
 30
0.0
 10
186.6749011111111
 20
236.5253762037037
 30
0.0
 10
186.6749011111111
 20
235.5246632407407
 30
0.0
 10
186.6749011111111
 20
234.5239502777777
 30
0.0
 10
187.8414196296296
 20
234.5239502777777
 30
0.0
 10
189.0079381481481
 20
234.5239502777777
 30
0.0
 10
190.1744566666666
 20
234.5239502777777
 30
0.0
 10
190.5095955555555
 20
234.5239502777777
 30
0.0
 10
190.9576233333333
 20
234.5733391666666
 30
0.0
 10
191.9242344444444
 20
234.5733391666666
 30
0.0
 10
192.8908455555555
 20
234.5733391666666
 30
0.0
 10
193.6740122222222
 20
234.5521725
 30
0.0
 10
193.6740122222222
 20
234.5239502777777
 30
0.0
 10
193.6740122222222
 20
233.9947836111111
 30
0.0
 10
193.6740122222222
 20
233.4656169444444
 30
0.0
 10
193.6740122222222
 20
232.9364502777777
 30
0.0
 10
193.6740122222222
 20
232.6718669444444
 30
0.0
 10
193.5717066666666
 20
232.4178669444444
 30
0.0
 10
193.3812066666666
 20
232.2308947222222
 30
0.0
 10
193.104864074074
 20
231.9545521296296
 30
0.0
 10
192.8285214814814
 20
231.678209537037
 30
0.0
 10
192.5521788888888
 20
231.4018669444444
 30
0.0
 10
192.3652066666666
 20
231.2113669444444
 30
0.0
 10
192.1112066666666
 20
231.1090613888888
 30
0.0
 10
191.8466233333333
 20
231.1090613888888
 30
0.0
 10
188.7327714814814
 20
231.1090613888888
 30
0.0
 10
185.6189196296296
 20
231.1090613888888
 30
0.0
 10
182.5050677777778
 20
231.1090613888888
 30
0.0
 10
182.2404844444444
 20
231.1090613888888
 30
0.0
 10
181.9864844444444
 20
231.0032280555555
 30
0.0
 10
181.7959844444444
 20
230.8162558333333
 30
0.0
 10
181.1868548148148
 20
230.2071262037036
 30
0.0
 10
180.5777251851851
 20
229.597996574074
 30
0.0
 10
179.9685955555555
 20
228.9888669444444
 30
0.0
 10
179.7816233333333
 20
228.7983669444444
 30
0.0
 10
179.67579
 20
228.5443669444444
 30
0.0
 10
179.67579
 20
228.2797836111111
 30
0.0
 10
179.67579
 20
228.0540058333333
 30
0.0
 10
179.67579
 20
227.8282280555555
 30
0.0
 10
179.67579
 20
227.6024502777777
 30
0.0
 10
179.67579
 20
227.3378669444444
 30
0.0
 10
179.5734844444444
 20
227.0838669444444
 30
0.0
 10
179.3829844444444
 20
226.8968947222222
 30
0.0
 10
178.8455862962963
 20
226.3583206481481
 30
0.0
 10
178.3081881481481
 20
225.819746574074
 30
0.0
 10
177.77079
 20
225.2811724999999
 30
0.0
 10
177.0193733333333
 20
224.5297558333333
 30
0.0
 10
176.0033733333333
 20
224.1099502777778
 30
0.0
 10
174.9415122222222
 20
224.1099502777778
 30
0.0
 10
172.4626603703703
 20
224.1099502777778
 30
0.0
 10
169.9838085185185
 20
224.1099502777778
 30
0.0
 10
167.5049566666666
 20
224.1099502777778
 30
0.0
 10
167.2403733333333
 20
224.1099502777778
 30
0.0
 10
166.9863733333333
 20
224.2122558333333
 30
0.0
 10
166.7958733333333
 20
224.4027558333333
 30
0.0
 10
166.5195307407407
 20
224.6790984259259
 30
0.0
 10
166.2431881481482
 20
224.9554410185185
 30
0.0
 10
165.9668455555556
 20
225.2317836111111
 30
0.0
 10
165.7798733333333
 20
225.4187558333333
 30
0.0
 10
165.67404
 20
225.6727558333333
 30
0.0
 10
165.67404
 20
225.9373391666666
 30
0.0
 10
165.67404
 20
226.4665058333333
 30
0.0
 10
165.67404
 20
226.9956725
 30
0.0
 10
165.67404
 20
227.5248391666666
 30
0.0
 10
165.67404
 20
227.5530613888889
 30
0.0
 10
166.4572066666667
 20
227.5742280555555
 30
0.0
 10
167.4238177777778
 20
227.5742280555555
 30
0.0
 10
168.3904288888889
 20
227.5742280555555
 30
0.0
 10
168.8384566666666
 20
227.5248391666666
 30
0.0
 10
169.1735955555555
 20
227.5248391666666
 30
0.0
 10
170.340114074074
 20
227.5248391666666
 30
0.0
 10
171.5066325925926
 20
227.5248391666666
 30
0.0
 10
172.6731511111111
 20
227.5248391666666
 30
0.0
 10
172.6731511111111
 20
228.5255521296296
 30
0.0
 10
172.6731511111111
 20
229.5262650925925
 30
0.0
 10
172.6731511111111
 20
230.5269780555555
 30
0.0
 10
171.5066325925926
 20
230.5269780555555
 30
0.0
 10
170.340114074074
 20
230.5269780555555
 30
0.0
 10
169.1735955555555
 20
230.5269780555555
 30
0.0
 10
168.8384566666666
 20
230.5269780555555
 30
0.0
 10
168.3904288888889
 20
230.4775891666666
 30
0.0
 10
167.4238177777778
 20
230.4775891666666
 30
0.0
 10
166.4572066666667
 20
230.4775891666666
 30
0.0
 10
165.67404
 20
230.4987558333333
 30
0.0
 10
165.67404
 20
230.5269780555555
 30
0.0
 10
165.67404
 20
231.0549687962963
 30
0.0
 10
165.67404
 20
231.582959537037
 30
0.0
 10
165.67404
 20
232.1109502777777
 30
0.0
 10
165.67404
 20
232.3755336111111
 30
0.0
 10
165.7798733333333
 20
232.6295336111111
 30
0.0
 10
165.9668455555556
 20
232.8200336111111
 30
0.0
 10
166.2431881481481
 20
233.0963762037037
 30
0.0
 10
166.5195307407407
 20
233.3727187962963
 30
0.0
 10
166.7958733333333
 20
233.6490613888888
 30
0.0
 10
166.9863733333333
 20
233.836033611111
 30
0.0
 10
167.2403733333333
 20
233.9418669444444
 30
0.0
 10
167.5049566666666
 20
233.9418669444444
 30
0.0
 10
169.9838085185185
 20
233.9418669444444
 30
0.0
 10
172.4626603703703
 20
233.9418669444444
 30
0.0
 10
174.9415122222222
 20
233.9418669444444
 30
0.0
 10
176.0033733333333
 20
233.9418669444444
 30
0.0
 10
177.0193733333333
 20
234.3616724999999
 30
0.0
 10
177.77079
 20
235.1130891666666
 30
0.0
 10
178.3081881481481
 20
235.6516632407407
 30
0.0
 10
178.8455862962962
 20
236.1902373148148
 30
0.0
 10
179.3829844444444
 20
236.7288113888889
 30
0.0
 10
179.5734844444444
 20
236.9157836111111
 30
0.0
 10
179.67579
 20
237.1697836111111
 30
0.0
 10
179.67579
 20
237.4343669444444
 30
0.0
 10
179.67579
 20
237.6601447222222
 30
0.0
 10
179.67579
 20
237.8859225
 30
0.0
 10
179.67579
 20
238.1117002777777
 30
0.0
 10
179.67579
 20
238.3762836111111
 30
0.0
 10
179.7816233333333
 20
238.6302836111111
 30
0.0
 10
179.9685955555555
 20
238.8207836111111
 30
0.0
 10
180.5777251851852
 20
239.4299132407407
 30
0.0
 10
181.1868548148148
 20
240.0390428703703
 30
0.0
 10
181.7959844444444
 20
240.6481725
 30
0.0
 10
181.9864844444444
 20
240.8351447222222
 30
0.0
 10
182.2404844444444
 20
240.9409780555555
 30
0.0
 10
182.5050677777778
 20
240.9409780555555
 30
0.0
 10
185.6189196296296
 20
240.9409780555555
 30
0.0
 10
188.7327714814814
 20
240.9409780555555
 30
0.0
 10
191.8466233333333
 20
240.9409780555555
 30
0.0
 10
192.1112066666666
 20
240.9409780555555
 30
0.0
 10
192.3652066666666
 20
240.8351447222222
 30
0.0
 10
192.5521788888888
 20
240.6481725
 30
0.0
 10
192.8285214814814
 20
240.3718299074074
 30
0.0
 10
193.104864074074
 20
240.0954873148148
 30
0.0
 10
193.3812066666666
 20
239.8191447222222
 30
0.0
 10
193.5717066666666
 20
239.6286447222222
 30
0.0
 10
193.6740122222222
 20
239.3746447222222
 30
0.0
 10
193.6740122222222
 20
239.1100613888889
 30
0.0
 10
193.6740122222222
 20
238.5820706481481
 30
0.0
 10
193.6740122222222
 20
238.0540799074073
 30
0.0
 10
193.6740122222222
 20
237.5260891666666
 30
0.0
 10
193.6740122222222
 20
237.4978669444444
 30
0.0
 10
192.8908455555555
 20
237.4767002777778
 30
0.0
 10
191.9242344444444
 20
237.4767002777778
 30
0.0
 10
190.9576233333333
 20
237.4767002777778
 30
0.0
 10
190.5095955555555
 20
237.5260891666666
 30
0.0
 10
190.1744566666666
 20
237.5260891666666
 30
0.0
 10
189.0079381481481
 20
237.5260891666666
 30
0.0
 10
187.8414196296296
 20
237.5260891666666
 30
0.0
 10
186.6749011111111
 20
237.5260891666666
 30
0.0
  0
SPLINE
  5
C4
330
1F
100
AcDbEntity
  8
DEFAULT
 62
     1
100
AcDbSpline
210
0.0
220
0.0
230
1.0
 70
     8
 71
     3
 72
   122
 73
   118
 74
     0
 42
0.000000001
 43
0.0000000001
 40
0.0
 40
0.0
 40
0.0
 40
0.0
 40
1.0
 40
1.0
 40
1.0
 40
4.323401871576645
 40
4.323401871576645
 40
4.323401871576645
 40
5.323401871576645
 40
5.323401871576645
 40
5.323401871576645
 40
9.813401871576541
 40
9.813401871576541
 40
9.813401871576541
 40
10.81340187157654
 40
10.81340187157654
 40
10.81340187157654
 40
11.81340187157654
 40
11.81340187157654
 40
11.81340187157654
 40
21.73340187157661
 40
21.73340187157661
 40
21.73340187157661
 40
30.24340187157672
 40
30.24340187157672
 40
30.24340187157672
 40
40.1634018715768
 40
40.1634018715768
 40
40.1634018715768
 40
41.1634018715768
 40
41.1634018715768
 40
41.1634018715768
 40
42.1634018715768
 40
42.1634018715768
 40
42.1634018715768
 40
46.6634018715768
 40
46.6634018715768
 40
46.6634018715768
 40
47.6634018715768
 40
47.6634018715768
 40
47.6634018715768
 40
50.98680374315344
 40
50.98680374315344
 40
50.98680374315344
 40
51.98680374315344
 40
51.98680374315344
 40
51.98680374315344
 40
78.46680374315346
 40
78.46680374315346
 40
78.46680374315346
 40
79.46680374315346
 40
79.46680374315346
 40
79.46680374315346
 40
86.7924299962461
 40
86.7924299962461
 40
86.7924299962461
 40
87.7924299962461
 40
87.7924299962461
 40
87.7924299962461
 40
89.71242999624606
 40
89.71242999624606
 40
89.71242999624606
 40
90.71242999624606
 40
90.71242999624606
 40
90.71242999624606
 40
97.18246090807344
 40
97.18246090807344
 40
97.18246090807344
 40
98.18246090807344
 40
98.18246090807344
 40
98.18246090807344
 40
119.2624609080734
 40
119.2624609080734
 40
119.2624609080734
 40
120.2624609080734
 40
120.2624609080734
 40
120.2624609080734
 40
123.5858627796501
 40
123.5858627796501
 40
123.5858627796501
 40
124.5858627796501
 40
124.5858627796501
 40
124.5858627796501
 40
129.0858627796501
 40
129.0858627796501
 40
129.0858627796501
 40
130.0858627796501
 40
130.0858627796501
 40
130.0858627796501
 40
131.0858627796501
 40
131.0858627796501
 40
131.0858627796501
 40
141.0058627796502
 40
141.0058627796502
 40
141.0058627796502
 40
149.5158627796501
 40
149.5158627796501
 40
149.5158627796501
 40
159.4358627796502
 40
159.4358627796502
 40
159.4358627796502
 40
160.4358627796502
 40
160.4358627796502
 40
160.4358627796502
 40
161.4358627796502
 40
161.4358627796502
 40
161.4358627796502
 40
165.9258627796502
 40
165.9258627796502
 40
165.9258627796502
 40
166.9258627796502
 40
166.9258627796502
 40
166.9258627796502
 40
170.249264651227
 40
170.249264651227
 40
170.249264651227
 40
171.249264651227
 40
171.249264651227
 40
171.249264651227
 40
171.249264651227
 10
391.6712808333333
 20
248.9329116666667
 30
0.0
 10
391.9358641666666
 20
248.9329116666667
 30
0.0
 10
392.1898641666666
 20
248.8270783333333
 30
0.0
 10
392.3768363888888
 20
248.6401061111111
 30
0.0
 10
392.6531789814814
 20
248.3637635185185
 30
0.0
 10
392.929521574074
 20
248.0874209259259
 30
0.0
 10
393.2058641666666
 20
247.8110783333333
 30
0.0
 10
393.3963641666667
 20
247.6205783333333
 30
0.0
 10
393.4986697222222
 20
247.3665783333333
 30
0.0
 10
393.4986697222222
 20
247.101995
 30
0.0
 10
393.4986697222222
 20
246.5740042592593
 30
0.0
 10
393.4986697222222
 20
246.0460135185185
 30
0.0
 10
393.4986697222222
 20
245.5180227777778
 30
0.0
 10
393.4986697222222
 20
245.4898005555555
 30
0.0
 10
392.7155030555555
 20
245.4686338888889
 30
0.0
 10
391.7488919444444
 20
245.4686338888889
 30
0.0
 10
390.7822808333333
 20
245.4686338888889
 30
0.0
 10
390.3342530555555
 20
245.5180227777778
 30
0.0
 10
389.9991141666666
 20
245.5180227777778
 30
0.0
 10
388.8325956481481
 20
245.5180227777778
 30
0.0
 10
387.6660771296295
 20
245.5180227777778
 30
0.0
 10
386.499558611111
 20
245.5180227777778
 30
0.0
 10
386.499558611111
 20
244.5173098148148
 30
0.0
 10
386.499558611111
 20
243.5165968518519
 30
0.0
 10
386.499558611111
 20
242.5158838888889
 30
0.0
 10
387.6660771296295
 20
242.5158838888889
 30
0.0
 10
388.8325956481481
 20
242.5158838888889
 30
0.0
 10
389.9991141666666
 20
242.5158838888889
 30
0.0
 10
390.3342530555555
 20
242.5158838888889
 30
0.0
 10
390.7822808333333
 20
242.5652727777778
 30
0.0
 10
391.7488919444444
 20
242.5652727777778
 30
0.0
 10
392.7155030555555
 20
242.5652727777778
 30
0.0
 10
393.4986697222222
 20
242.5441061111111
 30
0.0
 10
393.4986697222222
 20
242.5158838888889
 30
0.0
 10
393.4986697222222
 20
241.9867172222222
 30
0.0
 10
393.4986697222222
 20
241.4575505555555
 30
0.0
 10
393.4986697222222
 20
240.9283838888889
 30
0.0
 10
393.4986697222222
 20
240.6638005555555
 30
0.0
 10
393.3963641666667
 20
240.4098005555556
 30
0.0
 10
393.2058641666666
 20
240.2228283333333
 30
0.0
 10
392.929521574074
 20
239.9464857407407
 30
0.0
 10
392.6531789814814
 20
239.6701431481481
 30
0.0
 10
392.3768363888888
 20
239.3938005555556
 30
0.0
 10
392.1898641666666
 20
239.2033005555555
 30
0.0
 10
391.9358641666666
 20
239.100995
 30
0.0
 10
391.6712808333333
 20
239.100995
 30
0.0
 10
388.5574289814815
 20
239.100995
 30
0.0
 10
385.4435771296296
 20
239.100995
 30
0.0
 10
382.3297252777777
 20
239.100995
 30
0.0
 10
382.0651419444444
 20
239.100995
 30
0.0
 10
381.8111419444444
 20
238.9951616666667
 30
0.0
 10
381.6206419444444
 20
238.8081894444444
 30
0.0
 10
381.0115123148148
 20
238.1990598148148
 30
0.0
 10
380.4023826851852
 20
237.5899301851852
 30
0.0
 10
379.7932530555555
 20
236.9808005555556
 30
0.0
 10
379.6062808333332
 20
236.7903005555556
 30
0.0
 10
379.5004475
 20
236.5363005555556
 30
0.0
 10
379.5004475
 20
236.2717172222222
 30
0.0
 10
379.5004474999999
 20
236.0459394444445
 30
0.0
 10
379.5004474999999
 20
235.8201616666667
 30
0.0
 10
379.5004475
 20
235.5943838888889
 30
0.0
 10
379.5004475
 20
235.3298005555556
 30
0.0
 10
379.3981419444444
 20
235.0758005555556
 30
0.0
 10
379.2076419444444
 20
234.8888283333334
 30
0.0
 10
378.6702437962963
 20
234.3502542592593
 30
0.0
 10
378.1328456481481
 20
233.8116801851852
 30
0.0
 10
377.5954474999999
 20
233.2731061111111
 30
0.0
 10
376.8440308333333
 20
232.5216894444444
 30
0.0
 10
375.8280308333332
 20
232.1018838888889
 30
0.0
 10
374.7661697222221
 20
232.1018838888889
 30
0.0
 10
372.2873178703703
 20
232.1018838888889
 30
0.0
 10
369.8084660185185
 20
232.1018838888889
 30
0.0
 10
367.3296141666666
 20
232.1018838888889
 30
0.0
 10
367.0650308333333
 20
232.1018838888889
 30
0.0
 10
366.8110308333333
 20
232.2041894444445
 30
0.0
 10
366.6205308333333
 20
232.3946894444445
 30
0.0
 10
366.3441882407407
 20
232.6710320370371
 30
0.0
 10
366.0678456481481
 20
232.9473746296296
 30
0.0
 10
365.7915030555556
 20
233.2237172222222
 30
0.0
 10
365.6045308333332
 20
233.4106894444444
 30
0.0
 10
365.4986974999999
 20
233.6646894444444
 30
0.0
 10
365.4986974999999
 20
233.9292727777778
 30
0.0
 10
365.4986974999999
 20
234.4584394444445
 30
0.0
 10
365.4986974999999
 20
234.9876061111111
 30
0.0
 10
365.4986974999999
 20
235.5167727777778
 30
0.0
 10
365.4986974999999
 20
235.544995
 30
0.0
 10
366.2818641666666
 20
235.5661616666667
 30
0.0
 10
367.2484752777777
 20
235.5661616666667
 30
0.0
 10
368.2150863888888
 20
235.5661616666667
 30
0.0
 10
368.6631141666666
 20
235.5167727777778
 30
0.0
 10
368.9982530555555
 20
235.5167727777778
 30
0.0
 10
370.164771574074
 20
235.5167727777778
 30
0.0
 10
371.3312900925926
 20
235.5167727777778
 30
0.0
 10
372.4978086111111
 20
235.5167727777778
 30
0.0
 10
372.4978086111111
 20
236.5174857407407
 30
0.0
 10
372.4978086111111
 20
237.5181987037037
 30
0.0
 10
372.4978086111111
 20
238.5189116666667
 30
0.0
 10
371.3312900925926
 20
238.5189116666667
 30
0.0
 10
370.164771574074
 20
238.5189116666667
 30
0.0
 10
368.9982530555555
 20
238.5189116666667
 30
0.0
 10
368.6631141666666
 20
238.5189116666667
 30
0.0
 10
368.2150863888888
 20
238.4695227777778
 30
0.0
 10
367.2484752777777
 20
238.4695227777778
 30
0.0
 10
366.2818641666666
 20
238.4695227777778
 30
0.0
 10
365.4986974999999
 20
238.4906894444444
 30
0.0
 10
365.4986974999999
 20
238.5189116666667
 30
0.0
 10
365.4986974999999
 20
239.0469024074074
 30
0.0
 10
365.4986974999999
 20
239.5748931481481
 30
0.0
 10
365.4986974999999
 20
240.1028838888889
 30
0.0
 10
365.4986974999999
 20
240.3674672222222
 30
0.0
 10
365.6045308333332
 20
240.6214672222222
 30
0.0
 10
365.7915030555556
 20
240.8119672222222
 30
0.0
 10
366.0678456481481
 20
241.0883098148148
 30
0.0
 10
366.3441882407407
 20
241.3646524074074
 30
0.0
 10
366.6205308333333
 20
241.640995
 30
0.0
 10
366.8110308333333
 20
241.8279672222222
 30
0.0
 10
367.0650308333333
 20
241.9338005555555
 30
0.0
 10
367.3296141666666
 20
241.9338005555555
 30
0.0
  0
SPLINE
  5
C5
330
1F
100
AcDbEntity
  8
DEFAULT
 62
     1
100
AcDbSpline
210
0.0
220
0.0
230
1.0
 70
    11
 71
     3
 72
   149
 73
   145
 74
     0
 42
0.000000001
 43
0.0000000001
 40
9.920000000000073
 40
9.920000000000073
 40
9.920000000000073
 40
9.920000000000073
 40
18.43000000000006
 40
18.43000000000006
 40
18.43000000000006
 40
28.35000000000014
 40
28.35000000000014
 40
28.35000000000014
 40
29.35000000000014
 40
29.35000000000014
 40
29.35000000000014
 40
30.35000000000014
 40
30.35000000000014
 40
30.35000000000014
 40
34.85000000000014
 40
34.85000000000014
 40
34.85000000000014
 40
35.85000000000014
 40
35.85000000000014
 40
35.85000000000014
 40
39.17340187157686
 40
39.17340187157686
 40
39.17340187157686
 40
40.17340187157686
 40
40.17340187157686
 40
40.17340187157686
 40
66.65340187157688
 40
66.65340187157688
 40
66.65340187157688
 40
67.65340187157688
 40
67.65340187157688
 40
67.65340187157688
 40
74.9790281246696
 40
74.9790281246696
 40
74.9790281246696
 40
75.9790281246696
 40
75.9790281246696
 40
75.9790281246696
 40
77.89902812466956
 40
77.89902812466956
 40
77.89902812466956
 40
78.89902812466956
 40
78.89902812466956
 40
78.89902812466956
 40
85.36905903649678
 40
85.36905903649678
 40
85.36905903649678
 40
86.36905903649678
 40
86.36905903649678
 40
86.36905903649678
 40
107.4490590364967
 40
107.4490590364967
 40
107.4490590364967
 40
108.4490590364967
 40
108.4490590364967
 40
108.4490590364967
 40
111.7724609080736
 40
111.7724609080736
 40
111.7724609080736
 40
112.7724609080736
 40
112.7724609080736
 40
112.7724609080736
 40
117.2724609080736
 40
117.2724609080736
 40
117.2724609080736
 40
118.2724609080736
 40
118.2724609080736
 40
118.2724609080736
 40
119.2724609080736
 40
119.2724609080736
 40
119.2724609080736
 40
129.1924609080734
 40
129.1924609080734
 40
129.1924609080734
 40
137.7024609080734
 40
137.7024609080734
 40
137.7024609080734
 40
147.6224609080733
 40
147.6224609080733
 40
147.6224609080733
 40
148.6224609080733
 40
148.6224609080733
 40
148.6224609080733
 40
149.6224609080733
 40
149.6224609080733
 40
149.6224609080733
 40
154.1124609080733
 40
154.1124609080733
 40
154.1124609080733
 40
155.1124609080733
 40
155.1124609080733
 40
155.1124609080733
 40
158.4358627796502
 40
158.4358627796502
 40
158.4358627796502
 40
159.4358627796502
 40
159.4358627796502
 40
159.4358627796502
 40
180.5158627796501
 40
180.5158627796501
 40
180.5158627796501
 40
181.5158627796501
 40
181.5158627796501
 40
181.5158627796501
 40
187.9858936914773
 40
187.9858936914773
 40
187.9858936914773
 40
188.9858936914773
 40
188.9858936914773
 40
188.9858936914773
 40
190.9058936914773
 40
190.9058936914773
 40
190.9058936914773
 40
191.9058936914773
 40
191.9058936914773
 40
191.9058936914773
 40
199.23151994457
 40
199.23151994457
 40
199.23151994457
 40
200.23151994457
 40
200.23151994457
 40
200.23151994457
 40
226.71151994457
 40
226.71151994457
 40
226.71151994457
 40
227.71151994457
 40
227.71151994457
 40
227.71151994457
 40
231.0349218161467
 40
231.0349218161467
 40
231.0349218161467
 40
232.0349218161467
 40
232.0349218161467
 40
232.0349218161467
 40
236.5249218161468
 40
236.5249218161468
 40
236.5249218161468
 40
237.5249218161468
 40
237.5249218161468
 40
237.5249218161468
 40
238.5249218161468
 40
238.5249218161468
 40
238.5249218161468
 40
248.4449218161468
 40
248.4449218161468
 40
248.4449218161468
 40
248.4449218161468
 10
386.4995233333333
 20
255.3499747222222
 30
0.0
 10
386.4995233333332
 20
254.3492617592592
 30
0.0
 10
386.4995233333332
 20
253.3485487962963
 30
0.0
 10
386.4995233333332
 20
252.3478358333333
 30
0.0
 10
387.6660418518518
 20
252.3478358333333
 30
0.0
 10
388.8325603703703
 20
252.3478358333333
 30
0.0
 10
389.9990788888888
 20
252.3478358333333
 30
0.0
 10
390.3342177777777
 20
252.3478358333333
 30
0.0
 10
390.7822455555555
 20
252.3972247222222
 30
0.0
 10
391.7488566666667
 20
252.3972247222222
 30
0.0
 10
392.7154677777777
 20
252.3972247222222
 30
0.0
 10
393.4986344444443
 20
252.3760580555555
 30
0.0
 10
393.4986344444443
 20
252.3478358333333
 30
0.0
 10
393.4986344444443
 20
251.8186691666666
 30
0.0
 10
393.4986344444443
 20
251.2895024999999
 30
0.0
 10
393.4986344444443
 20
250.7603358333333
 30
0.0
 10
393.4986344444443
 20
250.4957525
 30
0.0
 10
393.3963288888888
 20
250.2417525
 30
0.0
 10
393.2058288888888
 20
250.0547802777778
 30
0.0
 10
392.9294862962963
 20
249.7784376851851
 30
0.0
 10
392.6531437037036
 20
249.5020950925925
 30
0.0
 10
392.3768011111111
 20
249.2257525
 30
0.0
 10
392.1898288888888
 20
249.0352525
 30
0.0
 10
391.9358288888889
 20
248.9329469444444
 30
0.0
 10
391.6712455555555
 20
248.9329469444444
 30
0.0
 10
388.5573937037037
 20
248.9329469444444
 30
0.0
 10
385.4435418518518
 20
248.9329469444444
 30
0.0
 10
382.32969
 20
248.9329469444444
 30
0.0
 10
382.0651066666666
 20
248.9329469444444
 30
0.0
 10
381.8111066666666
 20
248.8271136111111
 30
0.0
 10
381.6206066666666
 20
248.6401413888888
 30
0.0
 10
381.011477037037
 20
248.0310117592592
 30
0.0
 10
380.4023474074074
 20
247.4218821296296
 30
0.0
 10
379.7932177777777
 20
246.8127525
 30
0.0
 10
379.6062455555555
 20
246.6222525
 30
0.0
 10
379.5004122222222
 20
246.3682525
 30
0.0
 10
379.5004122222222
 20
246.1036691666666
 30
0.0
 10
379.5004122222222
 20
245.8778913888889
 30
0.0
 10
379.5004122222222
 20
245.6521136111111
 30
0.0
 10
379.5004122222222
 20
245.4263358333333
 30
0.0
 10
379.5004122222222
 20
245.1617525
 30
0.0
 10
379.3981066666665
 20
244.9077525
 30
0.0
 10
379.2076066666665
 20
244.7207802777777
 30
0.0
 10
378.6702085185184
 20
244.1822062037037
 30
0.0
 10
378.1328103703702
 20
243.6436321296296
 30
0.0
 10
377.5954122222221
 20
243.1050580555555
 30
0.0
 10
376.8439955555555
 20
242.3536413888888
 30
0.0
 10
375.8279955555555
 20
241.9338358333333
 30
0.0
 10
374.7661344444444
 20
241.9338358333333
 30
0.0
 10
372.2872825925925
 20
241.9338358333333
 30
0.0
 10
369.8084307407407
 20
241.9338358333333
 30
0.0
 10
367.3295788888888
 20
241.9338358333333
 30
0.0
 10
367.0649955555555
 20
241.9338358333333
 30
0.0
 10
366.8109955555555
 20
242.0361413888888
 30
0.0
 10
366.6204955555555
 20
242.2266413888889
 30
0.0
 10
366.3441529629629
 20
242.5029839814814
 30
0.0
 10
366.0678103703704
 20
242.779326574074
 30
0.0
 10
365.7914677777777
 20
243.0556691666666
 30
0.0
 10
365.6044955555555
 20
243.2426413888888
 30
0.0
 10
365.4986622222222
 20
243.4966413888888
 30
0.0
 10
365.4986622222222
 20
243.7612247222222
 30
0.0
 10
365.4986622222221
 20
244.2903913888889
 30
0.0
 10
365.4986622222221
 20
244.8195580555555
 30
0.0
 10
365.4986622222222
 20
245.3487247222222
 30
0.0
 10
365.4986622222222
 20
245.3769469444444
 30
0.0
 10
366.2818288888888
 20
245.3981136111111
 30
0.0
 10
367.24844
 20
245.3981136111111
 30
0.0
 10
368.2150511111111
 20
245.3981136111111
 30
0.0
 10
368.6630788888888
 20
245.3487247222222
 30
0.0
 10
368.9982177777778
 20
245.3487247222222
 30
0.0
 10
370.1647362962963
 20
245.3487247222222
 30
0.0
 10
371.3312548148147
 20
245.3487247222222
 30
0.0
 10
372.4977733333332
 20
245.3487247222222
 30
0.0
 10
372.4977733333332
 20
246.3494376851852
 30
0.0
 10
372.4977733333332
 20
247.3501506481481
 30
0.0
 10
372.4977733333332
 20
248.3508636111111
 30
0.0
 10
371.3312548148147
 20
248.3508636111111
 30
0.0
 10
370.1647362962963
 20
248.3508636111111
 30
0.0
 10
368.9982177777778
 20
248.3508636111111
 30
0.0
 10
368.6630788888888
 20
248.3508636111111
 30
0.0
 10
368.2150511111111
 20
248.3014747222222
 30
0.0
 10
367.24844
 20
248.3014747222222
 30
0.0
 10
366.2818288888888
 20
248.3014747222222
 30
0.0
 10
365.4986622222222
 20
248.3226413888889
 30
0.0
 10
365.4986622222222
 20
248.3508636111111
 30
0.0
 10
365.4986622222221
 20
248.8788543518518
 30
0.0
 10
365.4986622222221
 20
249.4068450925926
 30
0.0
 10
365.4986622222222
 20
249.9348358333333
 30
0.0
 10
365.4986622222222
 20
250.1994191666666
 30
0.0
 10
365.6044955555555
 20
250.4534191666666
 30
0.0
 10
365.7914677777777
 20
250.6439191666666
 30
0.0
 10
366.0678103703704
 20
250.9202617592592
 30
0.0
 10
366.3441529629629
 20
251.1966043518518
 30
0.0
 10
366.6204955555555
 20
251.4729469444444
 30
0.0
 10
366.8109955555555
 20
251.6599191666666
 30
0.0
 10
367.0649955555555
 20
251.7657525
 30
0.0
 10
367.3295788888888
 20
251.7657525
 30
0.0
 10
369.8084307407407
 20
251.7657525
 30
0.0
 10
372.2872825925925
 20
251.7657525
 30
0.0
 10
374.7661344444444
 20
251.7657525
 30
0.0
 10
375.8279955555555
 20
251.7657525
 30
0.0
 10
376.8439955555555
 20
252.1855580555555
 30
0.0
 10
377.5954122222221
 20
252.9369747222222
 30
0.0
 10
378.1328103703702
 20
253.4755487962963
 30
0.0
 10
378.6702085185184
 20
254.0141228703703
 30
0.0
 10
379.2076066666665
 20
254.5526969444444
 30
0.0
 10
379.3981066666665
 20
254.7396691666666
 30
0.0
 10
379.5004122222222
 20
254.9936691666666
 30
0.0
 10
379.5004122222222
 20
255.2582525
 30
0.0
 10
379.5004122222222
 20
255.4840302777777
 30
0.0
 10
379.5004122222222
 20
255.7098080555555
 30
0.0
 10
379.5004122222222
 20
255.9355858333333
 30
0.0
 10
379.5004122222222
 20
256.2001691666666
 30
0.0
 10
379.6062455555555
 20
256.4541691666666
 30
0.0
 10
379.7932177777777
 20
256.6446691666666
 30
0.0
 10
380.4023474074074
 20
257.2537987962963
 30
0.0
 10
381.011477037037
 20
257.8629284259259
 30
0.0
 10
381.6206066666666
 20
258.4720580555555
 30
0.0
 10
381.8111066666666
 20
258.6590302777777
 30
0.0
 10
382.0651066666666
 20
258.7648636111111
 30
0.0
 10
382.32969
 20
258.7648636111111
 30
0.0
 10
385.4435418518519
 20
258.7648636111111
 30
0.0
 10
388.5573937037037
 20
258.7648636111111
 30
0.0
 10
391.6712455555555
 20
258.7648636111111
 30
0.0
 10
391.9358288888889
 20
258.7648636111111
 30
0.0
 10
392.1898288888888
 20
258.6590302777777
 30
0.0
 10
392.3768011111111
 20
258.4720580555555
 30
0.0
 10
392.6531437037036
 20
258.1957154629629
 30
0.0
 10
392.9294862962963
 20
257.9193728703703
 30
0.0
 10
393.2058288888888
 20
257.6430302777778
 30
0.0
 10
393.3963288888888
 20
257.4525302777777
 30
0.0
 10
393.4986344444443
 20
257.1985302777778
 30
0.0
 10
393.4986344444443
 20
256.9339469444444
 30
0.0
 10
393.4986344444443
 20
256.4059562037037
 30
0.0
 10
393.4986344444443
 20
255.8779654629629
 30
0.0
 10
393.4986344444443
 20
255.3499747222222
 30
0.0
 10
393.4986344444443
 20
255.3217524999999
 30
0.0
 10
392.7154677777777
 20
255.3005858333333
 30
0.0
 10
391.7488566666667
 20
255.3005858333333
 30
0.0
 10
390.7822455555555
 20
255.3005858333333
 30
0.0
 10
390.3342177777777
 20
255.3499747222222
 30
0.0
 10
389.9990788888888
 20
255.3499747222222
 30
0.0
 10
388.8325603703703
 20
255.3499747222222
 30
0.0
 10
387.6660418518518
 20
255.3499747222222
 30
0.0
 10
386.4995233333333
 20
255.3499747222222
 30
0.0
  0
SPLINE
  5
C6
330
1F
100
AcDbEntity
  8
DEFAULT
 62
     1
100
AcDbSpline
210
0.0
220
0.0
230
1.0
 70
    11
 71
     3
 72
   131
 73
   127
 74
     0
 42
0.000000001
 43
0.0000000001
 40
1.0
 40
1.0
 40
1.0
 40
1.0
 40
6.852999999999952
 40
6.852999999999952
 40
6.852999999999952
 40
7.852999999999952
 40
7.852999999999952
 40
7.852999999999952
 40
13.42429437384169
 40
13.42429437384169
 40
13.42429437384169
 40
14.42429437384169
 40
14.42429437384169
 40
14.42429437384169
 40
21.17229437384174
 40
21.17229437384174
 40
21.17229437384174
 40
22.17229437384174
 40
22.17229437384174
 40
22.17229437384174
 40
28.43160360090496
 40
28.43160360090496
 40
28.43160360090496
 40
29.43160360090496
 40
29.43160360090496
 40
29.43160360090496
 40
36.87743800679925
 40
36.87743800679925
 40
36.87743800679925
 40
37.87743800679925
 40
37.87743800679925
 40
37.87743800679925
 40
51.83643800679925
 40
51.83643800679925
 40
51.83643800679925
 40
52.83643800679925
 40
52.83643800679925
 40
52.83643800679925
 40
56.14783182209813
 40
56.14783182209813
 40
56.14783182209813
 40
57.14783182209813
 40
57.14783182209813
 40
57.14783182209813
 40
60.46783182209813
 40
60.46783182209813
 40
60.46783182209813
 40
61.46783182209813
 40
61.46783182209813
 40
61.46783182209813
 40
64.79123369367494
 40
64.79123369367494
 40
64.79123369367494
 40
65.79123369367494
 40
65.79123369367494
 40
65.79123369367494
 40
69.11323369367494
 40
69.11323369367494
 40
69.11323369367494
 40
70.11323369367494
 40
70.11323369367494
 40
70.11323369367494
 40
73.43663556525175
 40
73.43663556525175
 40
73.43663556525175
 40
74.43663556525175
 40
74.43663556525175
 40
74.43663556525175
 40
78.93263556525173
 40
78.93263556525173
 40
78.93263556525173
 40
79.93263556525173
 40
79.93263556525173
 40
79.93263556525173
 40
80.93263556525173
 40
80.93263556525173
 40
80.93263556525173
 40
90.85264060557299
 40
90.85264060557299
 40
90.85264060557299
 40
99.36264648101161
 40
99.36264648101161
 40
99.36264648101161
 40
109.2826515213329
 40
109.2826515213329
 40
109.2826515213329
 40
110.2826515213329
 40
110.2826515213329
 40
110.2826515213329
 40
111.2826515213329
 40
111.2826515213329
 40
111.2826515213329
 40
115.9186515213328
 40
115.9186515213328
 40
115.9186515213328
 40
116.9186515213328
 40
116.9186515213328
 40
116.9186515213328
 40
120.2366353971224
 40
120.2366353971224
 40
120.2366353971224
 40
121.2366353971224
 40
121.2366353971224
 40
121.2366353971224
 40
142.4546353971224
 40
142.4546353971224
 40
142.4546353971224
 40
143.4546353971224
 40
143.4546353971224
 40
143.4546353971224
 40
191.8893285932189
 40
191.8893285932189
 40
191.8893285932189
 40
192.8893285932189
 40
192.8893285932189
 40
192.8893285932189
 40
198.734328593219
 40
198.734328593219
 40
198.734328593219
 40
199.734328593219
 40
199.734328593219
 40
199.734328593219
 40
222.5653930449697
 40
222.5653930449697
 40
222.5653930449697
 40
223.5653930449697
 40
223.5653930449697
 40
223.5653930449697
 40
223.5653930449697
 10
184.6997688888889
 20
291.2978186111111
 30
0.0
 10
184.0114994444444
 20
291.2978186111111
 30
0.0
 10
183.32323
 20
291.2978186111111
 30
0.0
 10
182.6349605555556
 20
291.2978186111111
 30
0.0
 10
182.1047355555555
 20
291.2978186111111
 30
0.0
 10
181.59603
 20
291.0872102777777
 30
0.0
 10
181.2210272222222
 20
290.7118547222222
 30
0.0
 10
180.7577124074074
 20
290.2486575
 30
0.0
 10
180.2943975925926
 20
289.7854602777778
 30
0.0
 10
179.8310827777778
 20
289.3222630555555
 30
0.0
 10
179.45608
 20
288.9472602777777
 30
0.0
 10
179.2454716666666
 20
288.4385547222222
 30
0.0
 10
179.2454716666666
 20
287.9083297222222
 30
0.0
 10
179.2454716666666
 20
287.1148149074074
 30
0.0
 10
179.2454716666666
 20
286.3213000925926
 30
0.0
 10
179.2454716666666
 20
285.5277852777778
 30
0.0
 10
179.2454716666666
 20
285.2624963888888
 30
0.0
 10
179.3509522222222
 20
285.0081436111111
 30
0.0
 10
179.5382772222222
 20
284.8208186111111
 30
0.0
 10
180.058742037037
 20
284.3003537962963
 30
0.0
 10
180.5792068518518
 20
283.7798889814815
 30
0.0
 10
181.0996716666666
 20
283.2594241666666
 30
0.0
 10
181.4901966666667
 20
282.8688991666666
 30
0.0
 10
181.4901966666667
 20
282.2360158333333
 30
0.0
 10
181.0996716666666
 20
281.8454908333333
 30
0.0
 10
180.4805466666666
 20
281.2263658333333
 30
0.0
 10
179.8614216666666
 20
280.6072408333333
 30
0.0
 10
179.2422966666667
 20
279.9881158333333
 30
0.0
 10
178.6796161111111
 20
279.4254352777778
 30
0.0
 10
177.9165577777778
 20
279.1093463888889
 30
0.0
 10
177.1210438888889
 20
279.1093463888889
 30
0.0
 10
175.4795688888888
 20
279.1093463888889
 30
0.0
 10
173.8380938888889
 20
279.1093463888889
 30
0.0
 10
172.1966188888889
 20
279.1093463888889
 30
0.0
 10
171.9302716666666
 20
279.1093463888889
 30
0.0
 10
171.6752133333333
 20
279.2155324999999
 30
0.0
 10
171.4875355555556
 20
279.4042686111111
 30
0.0
 10
171.2129568518518
 20
279.6803760185185
 30
0.0
 10
170.9383781481481
 20
279.9564834259259
 30
0.0
 10
170.6637994444444
 20
280.2325908333333
 30
0.0
 10
170.4761216666666
 20
280.4213269444444
 30
0.0
 10
170.2207105555555
 20
280.5275130555555
 30
0.0
 10
169.9547161111111
 20
280.5275130555555
 30
0.0
 10
169.5643087037037
 20
280.5275130555555
 30
0.0
 10
169.1739012962963
 20
280.5275130555555
 30
0.0
 10
168.7834938888889
 20
280.5275130555555
 30
0.0
 10
168.518205
 20
280.5275130555555
 30
0.0
 10
168.264205
 20
280.4220325
 30
0.0
 10
168.0765272222222
 20
280.2347075
 30
0.0
 10
167.8001846296296
 20
279.9583649074074
 30
0.0
 10
167.523842037037
 20
279.6820223148148
 30
0.0
 10
167.2474994444444
 20
279.4056797222222
 30
0.0
 10
167.0601744444444
 20
279.2183547222222
 30
0.0
 10
166.9546938888889
 20
278.9640019444444
 30
0.0
 10
166.9546938888889
 20
278.6987130555555
 30
0.0
 10
166.9546938888889
 20
278.3080704629629
 30
0.0
 10
166.9546938888889
 20
277.9174278703703
 30
0.0
 10
166.9546938888889
 20
277.5267852777778
 30
0.0
 10
166.9546938888889
 20
277.2614963888889
 30
0.0
 10
167.0601744444444
 20
277.0071436111111
 30
0.0
 10
167.2474994444444
 20
276.8198186111111
 30
0.0
 10
167.523842037037
 20
276.5434760185185
 30
0.0
 10
167.8001846296296
 20
276.2671334259259
 30
0.0
 10
168.0765272222222
 20
275.9907908333333
 30
0.0
 10
168.264205
 20
275.8034658333333
 30
0.0
 10
168.3693327777778
 20
275.5491130555556
 30
0.0
 10
168.3693327777778
 20
275.2838241666666
 30
0.0
 10
168.3693327777778
 20
274.7551278703704
 30
0.0
 10
168.3693327777778
 20
274.2264315740741
 30
0.0
 10
168.3693327777778
 20
273.6977352777777
 30
0.0
 10
168.3693327777778
 20
273.6695130555555
 30
0.0
 10
169.1524994444444
 20
273.6448186111111
 30
0.0
 10
170.1191105555555
 20
273.6448186111111
 30
0.0
 10
171.0857216666666
 20
273.6412908333333
 30
0.0
 10
171.7771661111111
 20
273.6942074999999
 30
0.0
 10
171.8688883333333
 20
273.6942074999999
 30
0.0
 10
173.0354068518518
 20
273.693031574074
 30
0.0
 10
174.2019253703703
 20
273.6918556481481
 30
0.0
 10
175.3684438888889
 20
273.6906797222222
 30
0.0
 10
175.3672679629629
 20
272.6899667592592
 30
0.0
 10
175.366092037037
 20
271.6892537962963
 30
0.0
 10
175.3649161111111
 20
270.6885408333333
 30
0.0
 10
174.1983975925926
 20
270.6897167592592
 30
0.0
 10
173.0318790740741
 20
270.6908926851852
 30
0.0
 10
171.8653605555556
 20
270.6920686111111
 30
0.0
 10
171.7736383333333
 20
270.6920686111111
 30
0.0
 10
171.0821938888889
 20
270.7414575
 30
0.0
 10
170.1155827777778
 20
270.7449852777777
 30
0.0
 10
169.1489716666667
 20
270.7449852777777
 30
0.0
 10
168.365805
 20
270.7238186111111
 30
0.0
 10
168.365805
 20
270.6955963888889
 30
0.0
 10
168.365805
 20
270.1504371296296
 30
0.0
 10
168.365805
 20
269.6052778703703
 30
0.0
 10
168.365805
 20
269.0601186111111
 30
0.0
 10
168.365805
 20
268.8244630555556
 30
0.0
 10
168.4487077777778
 20
268.5965686111111
 30
0.0
 10
168.6004022222222
 20
268.4162991666666
 30
0.0
 10
168.85158
 20
268.1177315740741
 30
0.0
 10
169.1027577777778
 20
267.8191639814815
 30
0.0
 10
169.3539355555556
 20
267.5205963888889
 30
0.0
 10
169.54373
 20
267.2948186111111
 30
0.0
 10
169.8238355555555
 20
267.1642908333333
 30
0.0
 10
170.1191105555555
 20
267.1642908333333
 30
0.0
 10
172.6141901851852
 20
267.1642908333333
 30
0.0
 10
175.1092698148148
 20
267.1642908333333
 30
0.0
 10
177.6043494444444
 20
267.1642908333333
 30
0.0
 10
178.3998633333333
 20
267.1642908333333
 30
0.0
 10
179.1629216666666
 20
267.4803797222222
 30
0.0
 10
179.7256022222222
 20
268.0430602777777
 30
0.0
 10
183.7530309259259
 20
272.0703713888889
 30
0.0
 10
187.7804596296296
 20
276.0976825
 30
0.0
 10
191.8078883333333
 20
280.1249936111111
 30
0.0
 10
192.1828911111111
 20
280.5003491666666
 30
0.0
 10
192.3934994444444
 20
281.0090547222222
 30
0.0
 10
192.3934994444444
 20
281.5392797222221
 30
0.0
 10
192.3934994444444
 20
282.2266084259259
 30
0.0
 10
192.3934994444444
 20
282.9139371296296
 30
0.0
 10
192.3934994444444
 20
283.6012658333333
 30
0.0
 10
192.3934994444444
 20
284.1314908333333
 30
0.0
 10
192.1828911111111
 20
284.6398436111111
 30
0.0
 10
191.8082411111111
 20
285.0148463888889
 30
0.0
 10
189.9102966666667
 20
286.9137315740741
 30
0.0
 10
188.0123522222222
 20
288.8126167592592
 30
0.0
 10
186.1144077777778
 20
290.7115019444444
 30
0.0
 10
185.7390522222222
 20
291.0868575
 30
0.0
 10
185.2303466666667
 20
291.2978186111111
 30
0.0
 10
184.6997688888889
 20
291.2978186111111
 30
0.0
  0
SPLINE
  5
C7
330
1F
100
AcDbEntity
  8
DEFAULT
 62
     1
100
AcDbSpline
210
0.0
220
0.0
230
1.0
 70
    11
 71
     3
 72
    17
 73
    13
 74
     0
 42
0.000000001
 43
0.0000000001
 40
1.0
 40
1.0
 40
1.0
 40
1.0
 40
2.0
 40
2.0
 40
2.0
 40
3.0
 40
3.0
 40
3.0
 40
4.0
 40
4.0
 40
4.0
 40
5.0
 40
5.0
 40
5.0
 40
5.0
 10
184.6182772222222
 20
277.6029852777777
 30
0.0
 10
184.113805
 20
277.6029852777777
 30
0.0
 10
183.7045827777777
 20
278.0086797222222
 30
0.0
 10
183.7045827777777
 20
278.5131519444444
 30
0.0
 10
183.7045827777777
 20
279.0176241666667
 30
0.0
 10
184.113805
 20
279.4233186111111
 30
0.0
 10
184.6182772222222
 20
279.4233186111111
 30
0.0
 10
185.1227494444444
 20
279.4233186111111
 30
0.0
 10
185.5284438888889
 20
279.0176241666667
 30
0.0
 10
185.5284438888889
 20
278.5131519444444
 30
0.0
 10
185.5284438888889
 20
278.0086797222222
 30
0.0
 10
185.1227494444444
 20
277.6029852777777
 30
0.0
 10
184.6182772222222
 20
277.6029852777777
 30
0.0
  0
SPLINE
  5
C8
330
1F
100
AcDbEntity
  8
DEFAULT
 62
     1
100
AcDbSpline
210
0.0
220
0.0
230
1.0
 70
    11
 71
     3
 72
    17
 73
    13
 74
     0
 42
0.000000001
 43
0.0000000001
 40
1.0
 40
1.0
 40
1.0
 40
1.0
 40
2.0
 40
2.0
 40
2.0
 40
3.0
 40
3.0
 40
3.0
 40
4.0
 40
4.0
 40
4.0
 40
5.0
 40
5.0
 40
5.0
 40
5.0
 10
183.6163883333333
 20
284.9337075
 30
0.0
 10
182.5157216666666
 20
284.9337075
 30
0.0
 10
181.6267216666666
 20
285.8262352777778
 30
0.0
 10
181.6267216666666
 20
286.9269019444444
 30
0.0
 10
181.6267216666666
 20
288.0275686111111
 30
0.0
 10
182.5157216666666
 20
288.9200963888889
 30
0.0
 10
183.6163883333333
 20
288.9200963888889
 30
0.0
 10
184.717055
 20
288.9200963888889
 30
0.0
 10
185.6095827777777
 20
288.0275686111111
 30
0.0
 10
185.6095827777777
 20
286.9269019444444
 30
0.0
 10
185.6095827777777
 20
285.8262352777778
 30
0.0
 10
184.717055
 20
284.9337075
 30
0.0
 10
183.6163883333333
 20
284.9337075
 30
0.0
  0
SPLINE
  5
C9
330
1F
100
AcDbEntity
  8
DEFAULT
 62
     1
100
AcDbSpline
210
0.0
220
0.0
230
1.0
 70
    11
 71
     3
 72
    17
 73
    13
 74
     0
 42
0.000000001
 43
0.0000000001
 40
1.0
 40
1.0
 40
1.0
 40
1.0
 40
2.0
 40
2.0
 40
2.0
 40
3.0
 40
3.0
 40
3.0
 40
4.0
 40
4.0
 40
4.0
 40
5.0
 40
5.0
 40
5.0
 40
5.0
 10
188.6752216666667
 20
281.1977908333333
 30
0.0
 10
187.9167494444444
 20
281.1977908333333
 30
0.0
 10
187.3029161111111
 20
281.8116241666667
 30
0.0
 10
187.3029161111111
 20
282.5700963888888
 30
0.0
 10
187.3029161111111
 20
283.3320963888888
 30
0.0
 10
187.9167494444444
 20
283.9459297222222
 30
0.0
 10
188.6752216666667
 20
283.9459297222222
 30
0.0
 10
189.4336938888889
 20
283.9459297222222
 30
0.0
 10
190.051055
 20
283.3320963888888
 30
0.0
 10
190.051055
 20
282.5700963888888
 30
0.0
 10
190.051055
 20
281.8116241666667
 30
0.0
 10
189.4336938888889
 20
281.1977908333333
 30
0.0
 10
188.6752216666667
 20
281.1977908333333
 30
0.0
  0
SPLINE
  5
CA
330
1F
100
AcDbEntity
  8
DEFAULT
 62
     1
100
AcDbSpline
210
0.0
220
0.0
230
1.0
 70
    11
 71
     3
 72
   119
 73
   115
 74
     0
 42
0.000000001
 43
0.0000000001
 40
0.0
 40
0.0
 40
0.0
 40
0.0
 40
17.98200225225219
 40
17.98200225225219
 40
17.98200225225219
 40
18.98200225225219
 40
18.98200225225219
 40
18.98200225225219
 40
22.30540412382898
 40
22.30540412382898
 40
22.30540412382898
 40
23.30540412382898
 40
23.30540412382898
 40
23.30540412382898
 40
26.37040412382898
 40
26.37040412382898
 40
26.37040412382898
 40
27.37040412382898
 40
27.37040412382898
 40
27.37040412382898
 40
28.37040412382898
 40
28.37040412382898
 40
28.37040412382898
 40
32.62040412382898
 40
32.62040412382898
 40
32.62040412382898
 40
41.13040412382898
 40
41.13040412382898
 40
41.13040412382898
 40
45.38040412382898
 40
45.38040412382898
 40
45.38040412382898
 40
46.38040412382898
 40
46.38040412382898
 40
46.38040412382898
 40
47.38040412382898
 40
47.38040412382898
 40
47.38040412382898
 40
65.24040412382897
 40
65.24040412382897
 40
65.24040412382897
 40
68.075404123829
 40
68.075404123829
 40
68.075404123829
 40
69.075404123829
 40
69.075404123829
 40
69.075404123829
 40
84.918404123829
 40
84.918404123829
 40
84.918404123829
 40
85.918404123829
 40
85.918404123829
 40
85.918404123829
 40
89.23403151543984
 40
89.23403151543984
 40
89.23403151543984
 40
90.23403151543984
 40
90.23403151543984
 40
90.23403151543984
 40
119.5540315154399
 40
119.5540315154399
 40
119.5540315154399
 40
120.5540315154399
 40
120.5540315154399
 40
120.5540315154399
 40
123.8767263554756
 40
123.8767263554756
 40
123.8767263554756
 40
124.8767263554756
 40
124.8767263554756
 40
124.8767263554756
 40
127.9527263554756
 40
127.9527263554756
 40
127.9527263554756
 40
128.9527263554756
 40
128.9527263554756
 40
128.9527263554756
 40
129.9527263554756
 40
129.9527263554756
 40
129.9527263554756
 40
139.8727263554756
 40
139.8727263554756
 40
139.8727263554756
 40
148.3827263554756
 40
148.3827263554756
 40
148.3827263554756
 40
158.3027263554756
 40
158.3027263554756
 40
158.3027263554756
 40
159.3027263554756
 40
159.3027263554756
 40
159.3027263554756
 40
160.3027263554756
 40
160.3027263554756
 40
160.3027263554756
 40
164.5577263554756
 40
164.5577263554756
 40
164.5577263554756
 40
165.5577263554756
 40
165.5577263554756
 40
165.5577263554756
 40
168.3927263554756
 40
168.3927263554756
 40
168.3927263554756
 40
197.8377263554756
 40
197.8377263554756
 40
197.8377263554756
 40
198.8377263554756
 40
198.8377263554756
 40
198.8377263554756
 40
202.15971401349
 40
202.15971401349
 40
202.15971401349
 40
203.15971401349
 40
203.15971401349
 40
203.15971401349
 40
203.15971401349
 10
38.10328083333332
 20
266.5344766666666
 30
0.0
 10
38.10222249999999
 20
264.4199266666666
 30
0.0
 10
38.10116416666666
 20
262.3053766666666
 30
0.0
 10
38.10010583333332
 20
260.1908266666666
 30
0.0
 10
38.10010583333333
 20
259.9258905555556
 30
0.0
 10
37.99462527777777
 20
259.6715377777778
 30
0.0
 10
37.80730027777777
 20
259.4842127777778
 30
0.0
 10
37.53095768518518
 20
259.2078701851852
 30
0.0
 10
37.25461509259259
 20
258.9315275925925
 30
0.0
 10
36.9782725
 20
258.655185
 30
0.0
 10
36.79059472222222
 20
258.4675072222222
 30
0.0
 10
36.53624194444443
 20
258.3623794444445
 30
0.0
 10
36.27095305555555
 20
258.3623794444445
 30
0.0
 10
35.91053175925926
 20
258.3623794444445
 30
0.0
 10
35.55011046296296
 20
258.3623794444445
 30
0.0
 10
35.18968916666666
 20
258.3623794444445
 30
0.0
 10
35.16146694444444
 20
258.3623794444445
 30
0.0
 10
35.14030027777778
 20
259.1455461111111
 30
0.0
 10
35.14030027777778
 20
260.1121572222222
 30
0.0
 10
35.14030027777778
 20
261.0787683333333
 30
0.0
 10
35.18968916666666
 20
261.7702127777778
 30
0.0
 10
35.18968916666666
 20
261.861935
 30
0.0
 10
35.18968916666666
 20
262.3617035185185
 30
0.0
 10
35.18968916666666
 20
262.861472037037
 30
0.0
 10
35.18968916666666
 20
263.3612405555555
 30
0.0
 10
34.1889762037037
 20
263.3612405555555
 30
0.0
 10
33.18826324074073
 20
263.3612405555555
 30
0.0
 10
32.18755027777777
 20
263.3612405555555
 30
0.0
 10
32.18755027777777
 20
262.861472037037
 30
0.0
 10
32.18755027777777
 20
262.3617035185185
 30
0.0
 10
32.18755027777777
 20
261.861935
 30
0.0
 10
32.18755027777777
 20
261.7702127777778
 30
0.0
 10
32.24046694444444
 20
261.0787683333333
 30
0.0
 10
32.24046694444444
 20
260.1121572222222
 30
0.0
 10
32.24046694444444
 20
259.1914072222222
 30
0.0
 10
32.21930027777777
 20
258.4364627777778
 30
0.0
 10
32.18755027777777
 20
258.3659072222222
 30
0.0
 10
30.08734657407407
 20
258.3659072222222
 30
0.0
 10
27.98714287037037
 20
258.3659072222222
 30
0.0
 10
25.88693916666667
 20
258.3659072222222
 30
0.0
 10
25.88693916666667
 20
258.0325322222222
 30
0.0
 10
25.88693916666667
 20
257.6991572222223
 30
0.0
 10
25.88693916666667
 20
257.3657822222222
 30
0.0
 10
25.88693916666667
 20
256.8133322222222
 30
0.0
 10
25.43926416666666
 20
256.3656572222222
 30
0.0
 10
24.88681416666666
 20
256.3656572222222
 30
0.0
 10
23.02379472222222
 20
256.3656572222222
 30
0.0
 10
21.16077527777778
 20
256.3656572222222
 30
0.0
 10
19.29775583333333
 20
256.3656572222222
 30
0.0
 10
19.03281972222222
 20
256.3656572222222
 30
0.0
 10
18.77881972222222
 20
256.470785
 30
0.0
 10
18.59149472222222
 20
256.6577572222222
 30
0.0
 10
18.31538731481481
 20
256.9330414814815
 30
0.0
 10
18.0392799074074
 20
257.2083257407407
 30
0.0
 10
17.7631725
 20
257.48361
 30
0.0
 10
17.57514194444444
 20
257.6712877777778
 30
0.0
 10
17.46966138888889
 20
257.9259933333333
 30
0.0
 10
17.46966138888889
 20
258.191635
 30
0.0
 10
17.46966138888889
 20
261.6394498148148
 30
0.0
 10
17.46966138888889
 20
265.0872646296296
 30
0.0
 10
17.46966138888889
 20
268.5350794444444
 30
0.0
 10
17.46966138888889
 20
268.8000155555555
 30
0.0
 10
17.57478916666666
 20
269.0543683333333
 30
0.0
 10
17.76246694444444
 20
269.2420461111111
 30
0.0
 10
18.03869194444444
 20
269.5183887037037
 30
0.0
 10
18.31491694444444
 20
269.7947312962963
 30
0.0
 10
18.59114194444444
 20
270.0710738888889
 30
0.0
 10
18.77881972222222
 20
270.2583988888889
 30
0.0
 10
19.0331725
 20
270.3638794444444
 30
0.0
 10
19.29846138888889
 20
270.3638794444444
 30
0.0
 10
19.6601762037037
 20
270.3638794444444
 30
0.0
 10
20.02189101851851
 20
270.3638794444444
 30
0.0
 10
20.38360583333333
 20
270.3638794444444
 30
0.0
 10
20.41182805555555
 20
270.3638794444444
 30
0.0
 10
20.43299472222222
 20
269.5807127777778
 30
0.0
 10
20.43299472222222
 20
268.6141016666666
 30
0.0
 10
20.43299472222222
 20
267.6474905555555
 30
0.0
 10
20.38360583333333
 20
266.9560461111111
 30
0.0
 10
20.38360583333333
 20
266.8643238888889
 30
0.0
 10
20.38360583333333
 20
265.6978053703703
 30
0.0
 10
20.38360583333333
 20
264.5312868518518
 30
0.0
 10
20.38360583333333
 20
263.3647683333333
 30
0.0
 10
21.3843187962963
 20
263.3647683333333
 30
0.0
 10
22.38503175925926
 20
263.3647683333333
 30
0.0
 10
23.38574472222222
 20
263.3647683333333
 30
0.0
 10
23.38574472222222
 20
264.5312868518518
 30
0.0
 10
23.38574472222222
 20
265.6978053703703
 30
0.0
 10
23.38574472222222
 20
266.8643238888889
 30
0.0
 10
23.38574472222222
 20
266.9560461111111
 30
0.0
 10
23.33282805555555
 20
267.6474905555555
 30
0.0
 10
23.33282805555555
 20
268.6141016666666
 30
0.0
 10
23.33282805555555
 20
269.5807127777778
 30
0.0
 10
23.35752249999999
 20
270.3638794444444
 30
0.0
 10
23.38574472222222
 20
270.3638794444444
 30
0.0
 10
23.8861012037037
 20
270.3638794444444
 30
0.0
 10
24.38645768518518
 20
270.3638794444444
 30
0.0
 10
24.88681416666666
 20
270.3638794444444
 30
0.0
 10
25.43926416666666
 20
270.3638794444444
 30
0.0
 10
25.88693916666667
 20
269.9162044444444
 30
0.0
 10
25.88693916666667
 20
269.3637544444444
 30
0.0
 10
25.88693916666667
 20
269.0303794444444
 30
0.0
 10
25.88693916666667
 20
268.6970044444444
 30
0.0
 10
25.88693916666667
 20
268.3636294444444
 30
0.0
 10
29.34945305555555
 20
268.3636294444444
 30
0.0
 10
32.81196694444444
 20
268.3636294444444
 30
0.0
 10
36.27448083333333
 20
268.3636294444444
 30
0.0
 10
36.53976972222222
 20
268.3636294444444
 30
0.0
 10
36.79412249999999
 20
268.2581488888889
 30
0.0
 10
36.98180027777777
 20
268.0708238888889
 30
0.0
 10
37.25802527777777
 20
267.7945988888889
 30
0.0
 10
37.53425027777777
 20
267.5183738888888
 30
0.0
 10
37.81047527777778
 20
267.2421488888888
 30
0.0
 10
37.99815305555555
 20
267.0544711111111
 30
0.0
 10
38.10328083333333
 20
266.7997655555555
 30
0.0
 10
38.10328083333332
 20
266.5344766666666
 30
0.0
  0
SPLINE
  5
CB
330
1F
100
AcDbEntity
  8
DEFAULT
 62
     1
100
AcDbSpline
210
0.0
220
0.0
230
1.0
 70
    11
 71
     3
 72
   293
 73
   289
 74
     0
 42
0.000000001
 43
0.0000000001
 40
1.0
 40
1.0
 40
1.0
 40
1.0
 40
2.0
 40
2.0
 40
2.0
 40
3.0
 40
3.0
 40
3.0
 40
7.096834143579697
 40
7.096834143579697
 40
7.096834143579697
 40
8.096834143579697
 40
8.096834143579697
 40
8.096834143579697
 40
9.096834143579697
 40
9.096834143579697
 40
9.096834143579697
 40
10.0968341435797
 40
10.0968341435797
 40
10.0968341435797
 40
14.2133321698151
 40
14.2133321698151
 40
14.2133321698151
 40
15.2133321698151
 40
15.2133321698151
 40
15.2133321698151
 40
16.2133321698151
 40
16.2133321698151
 40
16.2133321698151
 40
17.2133321698151
 40
17.2133321698151
 40
17.2133321698151
 40
21.30664012304802
 40
21.30664012304802
 40
21.30664012304802
 40
22.30664012304802
 40
22.30664012304802
 40
22.30664012304802
 40
23.30664012304802
 40
23.30664012304802
 40
23.30664012304802
 40
24.30664012304802
 40
24.30664012304802
 40
24.30664012304802
 40
28.40206159098022
 40
28.40206159098022
 40
28.40206159098022
 40
29.40206159098022
 40
29.40206159098022
 40
29.40206159098022
 40
30.40206159098022
 40
30.40206159098022
 40
30.40206159098022
 40
31.40206159098022
 40
31.40206159098022
 40
31.40206159098022
 40
35.48095384256037
 40
35.48095384256037
 40
35.48095384256037
 40
36.48095384256037
 40
36.48095384256037
 40
36.48095384256037
 40
37.48095384256037
 40
37.48095384256037
 40
37.48095384256037
 40
38.48095384256037
 40
38.48095384256037
 40
38.48095384256037
 40
42.57896433547028
 40
42.57896433547028
 40
42.57896433547028
 40
43.57896433547028
 40
43.57896433547028
 40
43.57896433547028
 40
44.57896433547028
 40
44.57896433547028
 40
44.57896433547028
 40
45.57896433547028
 40
45.57896433547028
 40
45.57896433547028
 40
49.67676142659132
 40
49.67676142659132
 40
49.67676142659132
 40
50.67676142659132
 40
50.67676142659132
 40
50.67676142659132
 40
51.67676142659132
 40
51.67676142659132
 40
51.67676142659132
 40
52.67676142659132
 40
52.67676142659132
 40
52.67676142659132
 40
56.77914366134224
 40
56.77914366134224
 40
56.77914366134224
 40
57.77914366134224
 40
57.77914366134224
 40
57.77914366134224
 40
58.77914366134224
 40
58.77914366134224
 40
58.77914366134224
 40
59.77914366134224
 40
59.77914366134224
 40
59.77914366134224
 40
63.88993166366006
 40
63.88993166366006
 40
63.88993166366006
 40
64.88993166366006
 40
64.88993166366006
 40
64.88993166366006
 40
65.88993166366006
 40
65.88993166366006
 40
65.88993166366006
 40
66.88993166366006
 40
66.88993166366006
 40
66.88993166366006
 40
70.98252558439057
 40
70.98252558439057
 40
70.98252558439057
 40
71.98252558439057
 40
71.98252558439057
 40
71.98252558439057
 40
72.98252558439057
 40
72.98252558439057
 40
72.98252558439057
 40
73.98252558439057
 40
73.98252558439057
 40
73.98252558439057
 40
78.07555893387604
 40
78.07555893387604
 40
78.07555893387604
 40
79.07555893387604
 40
79.07555893387604
 40
79.07555893387604
 40
80.07555893387604
 40
80.07555893387604
 40
80.07555893387604
 40
81.07555893387604
 40
81.07555893387604
 40
81.07555893387604
 40
85.16525782254737
 40
85.16525782254737
 40
85.16525782254737
 40
86.16525782254737
 40
86.16525782254737
 40
86.16525782254737
 40
87.16525782254737
 40
87.16525782254737
 40
87.16525782254737
 40
88.16525782254737
 40
88.16525782254737
 40
88.16525782254737
 40
92.27761493252704
 40
92.27761493252704
 40
92.27761493252704
 40
93.27761493252704
 40
93.27761493252704
 40
93.27761493252704
 40
94.27761493252704
 40
94.27761493252704
 40
94.27761493252704
 40
95.27761493252704
 40
95.27761493252704
 40
95.27761493252704
 40
99.36216974302965
 40
99.36216974302965
 40
99.36216974302965
 40
100.3621697430297
 40
100.3621697430297
 40
100.3621697430297
 40
101.3621697430297
 40
101.3621697430297
 40
101.3621697430297
 40
102.3621697430297
 40
102.3621697430297
 40
102.3621697430297
 40
106.4543026831967
 40
106.4543026831967
 40
106.4543026831967
 40
107.4543026831967
 40
107.4543026831967
 40
107.4543026831967
 40
108.4543026831967
 40
108.4543026831967
 40
108.4543026831967
 40
109.4543026831967
 40
109.4543026831967
 40
109.4543026831967
 40
113.5447747830894
 40
113.5447747830894
 40
113.5447747830894
 40
114.5447747830894
 40
114.5447747830894
 40
114.5447747830894
 40
115.5447747830894
 40
115.5447747830894
 40
115.5447747830894
 40
116.5447747830894
 40
116.5447747830894
 40
116.5447747830894
 40
120.649072043279
 40
120.649072043279
 40
120.649072043279
 40
121.649072043279
 40
121.649072043279
 40
121.649072043279
 40
122.649072043279
 40
122.649072043279
 40
122.649072043279
 40
123.649072043279
 40
123.649072043279
 40
123.649072043279
 40
127.7307964337787
 40
127.7307964337787
 40
127.7307964337787
 40
128.7307964337787
 40
128.7307964337787
 40
128.7307964337787
 40
129.7307964337787
 40
129.7307964337787
 40
129.7307964337787
 40
130.7307964337787
 40
130.7307964337787
 40
130.7307964337787
 40
134.8257047355603
 40
134.8257047355603
 40
134.8257047355603
 40
135.8257047355603
 40
135.8257047355603
 40
135.8257047355603
 40
136.8257047355603
 40
136.8257047355603
 40
136.8257047355603
 40
137.8257047355603
 40
137.8257047355603
 40
137.8257047355603
 40
141.9522365723453
 40
141.9522365723453
 40
141.9522365723453
 40
142.9522365723453
 40
142.9522365723453
 40
142.9522365723453
 40
143.9522365723453
 40
143.9522365723453
 40
143.9522365723453
 40
144.9522365723453
 40
144.9522365723453
 40
144.9522365723453
 40
149.0322061800752
 40
149.0322061800752
 40
149.0322061800752
 40
150.0322061800752
 40
150.0322061800752
 40
150.0322061800752
 40
151.0322061800752
 40
151.0322061800752
 40
151.0322061800752
 40
152.0322061800752
 40
152.0322061800752
 40
152.0322061800752
 40
156.1345616010499
 40
156.1345616010499
 40
156.1345616010499
 40
157.1345616010499
 40
157.1345616010499
 40
157.1345616010499
 40
158.1345616010499
 40
158.1345616010499
 40
158.1345616010499
 40
159.1345616010499
 40
159.1345616010499
 40
159.1345616010499
 40
163.2148679620968
 40
163.2148679620968
 40
163.2148679620968
 40
164.2148679620968
 40
164.2148679620968
 40
164.2148679620968
 40
165.2148679620968
 40
165.2148679620968
 40
165.2148679620968
 40
166.2148679620968
 40
166.2148679620968
 40
166.2148679620968
 40
170.3050715022644
 40
170.3050715022644
 40
170.3050715022644
 40
171.3050715022644
 40
171.3050715022644
 40
171.3050715022644
 40
171.3050715022644
 10
15.47089305555556
 20
287.8666666666666
 30
0.0
 10
15.52557361111111
 20
287.5029527777778
 30
0.0
 10
15.59507083333333
 20
287.1427666666667
 30
0.0
 10
15.68150138888889
 20
286.7903416666666
 30
0.0
 10
15.72277638888889
 20
286.6210083333333
 30
0.0
 10
15.72312916666666
 20
286.4449722222222
 30
0.0
 10
15.67620972222222
 20
286.27705
 30
0.0
 10
15.5462699074074
 20
285.8131472222222
 30
0.0
 10
15.41633009259259
 20
285.3492444444444
 30
0.0
 10
15.28639027777777
 20
284.8853416666666
 30
0.0
 10
15.22430138888889
 20
284.66415
 30
0.0
 10
15.23735416666666
 20
284.4267305555555
 30
0.0
 10
15.3304875
 20
284.2171805555555
 30
0.0
 10
15.47759583333333
 20
283.8866277777777
 30
0.0
 10
15.63775694444444
 20
283.5627777777777
 30
0.0
 10
15.81061805555555
 20
283.2477472222222
 30
0.0
 10
15.92033194444444
 20
283.048075
 30
0.0
 10
16.09954305555555
 20
282.8953222222222
 30
0.0
 10
16.31085694444444
 20
282.8106555555555
 30
0.0
 10
16.76006064814814
 20
282.6302685185185
 30
0.0
 10
17.20926435185185
 20
282.4498814814814
 30
0.0
 10
17.65846805555556
 20
282.2694944444444
 30
0.0
 10
17.81686527777778
 20
282.2059944444444
 30
0.0
 10
17.95444861111111
 20
282.1015722222222
 30
0.0
 10
18.06169305555555
 20
281.9689277777778
 30
0.0
 10
18.29382083333333
 20
281.6810611111111
 30
0.0
 10
18.53688472222222
 20
281.4030722222222
 30
0.0
 10
18.79194305555556
 20
281.1363722222222
 30
0.0
 10
18.91118194444444
 20
281.0121944444444
 30
0.0
 10
18.99796527777778
 20
280.8608527777777
 30
0.0
 10
19.04065138888889
 20
280.6939888888888
 30
0.0
 10
19.15930231481481
 20
280.227499074074
 30
0.0
 10
19.27795324074074
 20
279.7610092592593
 30
0.0
 10
19.39660416666667
 20
279.2945194444444
 30
0.0
 10
19.45304861111111
 20
279.0726222222222
 30
0.0
 10
19.58145972222222
 20
278.8743611111111
 30
0.0
 10
19.7659625
 20
278.7392472222222
 30
0.0
 10
20.0580625
 20
278.5254638888889
 30
0.0
 10
20.35862916666666
 20
278.3243805555555
 30
0.0
 10
20.66730972222222
 20
278.1352916666666
 30
0.0
 10
20.86310138888889
 20
278.0153472222221
 30
0.0
 10
21.09664027777778
 20
277.9712499999999
 30
0.0
 10
21.32418194444444
 20
278.0037055555555
 30
0.0
 10
21.80090231481482
 20
278.0720268518518
 30
0.0
 10
22.27762268518519
 20
278.1403481481481
 30
0.0
 10
22.75434305555556
 20
278.2086694444444
 30
0.0
 10
22.92755694444444
 20
278.2333638888888
 30
0.0
 10
23.1028875
 20
278.2100805555555
 30
0.0
 10
23.26587083333333
 20
278.1462277777778
 30
0.0
 10
23.60347916666666
 20
278.0135833333333
 30
0.0
 10
23.94920138888889
 20
277.8957555555555
 30
0.0
 10
24.30127361111111
 20
277.7948611111111
 30
0.0
 10
24.47025416666666
 20
277.7465305555555
 30
0.0
 10
24.62512361111111
 20
277.6579833333333
 30
0.0
 10
24.74789027777777
 20
277.5320416666667
 30
0.0
 10
25.08291157407407
 20
277.1887888888889
 30
0.0
 10
25.41793287037037
 20
276.8455361111111
 30
0.0
 10
25.75295416666667
 20
276.5022833333333
 30
0.0
 10
25.91487916666666
 20
276.3364777777778
 30
0.0
 10
26.12795694444445
 20
276.2278222222222
 30
0.0
 10
26.35796805555555
 20
276.2038333333333
 30
0.0
 10
26.71004027777778
 20
276.1667916666667
 30
0.0
 10
27.06669861111111
 20
276.1435083333333
 30
0.0
 10
27.42617916666666
 20
276.1343361111111
 30
0.0
 10
27.65760138888889
 20
276.1283388888889
 30
0.0
 10
27.88408472222222
 20
276.2077138888889
 30
0.0
 10
28.06611805555556
 20
276.3505888888889
 30
0.0
 10
28.44511898148148
 20
276.6482157407407
 30
0.0
 10
28.82411990740741
 20
276.9458425925925
 30
0.0
 10
29.20312083333333
 20
277.2434694444444
 30
0.0
 10
29.33929305555555
 20
277.3503611111111
 30
0.0
 10
29.50227638888889
 20
277.4177416666666
 30
0.0
 10
29.67337361111111
 20
277.4431416666666
 30
0.0
 10
30.04096805555555
 20
277.498175
 30
0.0
 10
30.40256527777777
 20
277.568025
 30
0.0
 10
30.75887083333333
 20
277.6555138888888
 30
0.0
 10
30.92573472222222
 20
277.6960833333333
 30
0.0
 10
31.09965416666666
 20
277.696436111111
 30
0.0
 10
31.26510694444444
 20
277.6498694444444
 30
0.0
 10
31.72912731481481
 20
277.5199296296296
 30
0.0
 10
32.19314768518518
 20
277.3899898148148
 30
0.0
 10
32.65716805555555
 20
277.26005
 30
0.0
 10
32.88047638888889
 20
277.1976083333333
 30
0.0
 10
33.12036527777778
 20
277.2106611111111
 30
0.0
 10
33.33203194444444
 20
277.3048527777777
 30
0.0
 10
33.65870416666667
 20
277.45055
 30
0.0
 10
33.97761527777778
 20
277.6089472222222
 30
0.0
 10
34.28911805555555
 20
277.7786333333333
 30
0.0
 10
34.49196527777778
 20
277.8890527777777
 30
0.0
 10
34.6471875
 20
278.0707333333333
 30
0.0
 10
34.73326527777778
 20
278.2852222222222
 30
0.0
 10
34.91271157407407
 20
278.7330148148149
 30
0.0
 10
35.09215787037036
 20
279.1808074074074
 30
0.0
 10
35.27160416666666
 20
279.6286
 30
0.0
 10
35.33580972222222
 20
279.7884083333333
 30
0.0
 10
35.44199583333333
 20
279.92705
 30
0.0
 10
35.57675694444444
 20
280.0346472222222
 30
0.0
 10
35.86568194444444
 20
280.2657166666666
 30
0.0
 10
36.14331805555555
 20
280.5094861111111
 30
0.0
 10
36.4093125
 20
280.7648972222222
 30
0.0
 10
36.53384305555555
 20
280.8841361111111
 30
0.0
 10
36.68483194444444
 20
280.9709194444444
 30
0.0
 10
36.85169583333333
 20
281.0136055555555
 30
0.0
 10
37.32006712962963
 20
281.1331972222222
 30
0.0
 10
37.78843842592592
 20
281.2527888888888
 30
0.0
 10
38.25680972222222
 20
281.3723805555555
 30
0.0
 10
38.4794125
 20
281.4291777777777
 30
0.0
 10
38.67837916666667
 20
281.5586472222222
 30
0.0
 10
38.81349305555555
 20
281.7445611111111
 30
0.0
 10
39.02304305555555
 20
282.0331333333333
 30
0.0
 10
39.22200972222222
 20
282.3308777777777
 30
0.0
 10
39.40898194444444
 20
282.6370888888889
 30
0.0
 10
39.52786805555555
 20
282.8325277777778
 30
0.0
 10
39.57090694444444
 20
283.0653611111111
 30
0.0
 10
39.53845138888889
 20
283.2914916666666
 30
0.0
 10
39.4700125
 20
283.7678592592592
 30
0.0
 10
39.40157361111111
 20
284.2442268518518
 30
0.0
 10
39.33313472222222
 20
284.7205944444444
 30
0.0
 10
39.30879305555555
 20
284.8913388888889
 30
0.0
 10
39.33137083333333
 20
285.0638472222222
 30
0.0
 10
39.3938125
 20
285.2243611111111
 30
0.0
 10
39.52822083333333
 20
285.5683194444444
 30
0.0
 10
39.64745972222222
 20
285.9200388888888
 30
0.0
 10
39.75117638888889
 20
286.2784611111111
 30
0.0
 10
39.79880138888888
 20
286.4446194444444
 30
0.0
 10
39.88664305555555
 20
286.5966666666666
 30
0.0
 10
40.01011527777778
 20
286.7173166666666
 30
0.0
 10
40.35454398148148
 20
287.0535138888889
 30
0.0
 10
40.69897268518519
 20
287.3897111111111
 30
0.0
 10
41.04340138888889
 20
287.7259083333333
 30
0.0
 10
41.20920694444444
 20
287.8874805555555
 30
0.0
 10
41.31750972222222
 20
288.1005583333333
 30
0.0
 10
41.34185138888889
 20
288.3309222222222
 30
0.0
 10
41.37889305555555
 20
288.6826416666667
 30
0.0
 10
41.40217638888888
 20
289.0389472222222
 30
0.0
 10
41.41134861111111
 20
289.3984277777777
 30
0.0
 10
41.41734583333334
 20
289.6302027777778
 30
0.0
 10
41.33761805555555
 20
289.8570388888888
 30
0.0
 10
41.19439027777778
 20
290.0390722222222
 30
0.0
 10
40.89699861111112
 20
290.4170148148148
 30
0.0
 10
40.59960694444445
 20
290.7949574074074
 30
0.0
 10
40.30221527777778
 20
291.1729
 30
0.0
 10
40.19532361111111
 20
291.3087194444444
 30
0.0
 10
40.12794305555555
 20
291.4706444444444
 30
0.0
 10
40.10219027777777
 20
291.6417416666666
 30
0.0
 10
40.04680416666666
 20
292.0089833333333
 30
0.0
 10
39.9748375
 20
292.3737555555555
 30
0.0
 10
39.88699583333333
 20
292.731825
 30
0.0
 10
39.84572083333333
 20
292.8986888888888
 30
0.0
 10
39.84572083333333
 20
293.0726083333333
 30
0.0
 10
39.89228749999999
 20
293.2384138888888
 30
0.0
 10
40.02269768518518
 20
293.7040805555555
 30
0.0
 10
40.15310787037037
 20
294.1697472222222
 30
0.0
 10
40.28351805555555
 20
294.6354138888889
 30
0.0
 10
40.34525416666666
 20
294.8551944444444
 30
0.0
 10
40.33325972222222
 20
295.0912027777778
 30
0.0
 10
40.24083194444444
 20
295.3000472222222
 30
0.0
 10
40.09513472222221
 20
295.6298944444444
 30
0.0
 10
39.93532638888889
 20
295.9523333333333
 30
0.0
 10
39.76246527777778
 20
296.2670111111111
 30
0.0
 10
39.65275138888889
 20
296.4666833333333
 30
0.0
 10
39.47318749999999
 20
296.6194361111111
 30
0.0
 10
39.26152083333333
 20
296.7041027777777
 30
0.0
 10
38.81560972222221
 20
296.8826083333333
 30
0.0
 10
38.3696986111111
 20
297.0611138888889
 30
0.0
 10
37.9237875
 20
297.2396194444444
 30
0.0
 10
37.7618625
 20
297.3045305555555
 30
0.0
 10
37.62145694444444
 20
297.4121277777778
 30
0.0
 10
37.51280138888888
 20
297.5483
 30
0.0
 10
37.28173194444444
 20
297.8365194444444
 30
0.0
 10
37.03760972222222
 20
298.1145083333333
 30
0.0
 10
36.78255138888888
 20
298.3805027777777
 30
0.0
 10
36.66225416666666
 20
298.5057388888889
 30
0.0
 10
36.57441249999999
 20
298.6584916666666
 30
0.0
 10
36.53137361111111
 20
298.8267666666666
 30
0.0
 10
36.41189953703703
 20
299.2929037037036
 30
0.0
 10
36.29242546296296
 20
299.7590407407408
 30
0.0
 10
36.17295138888888
 20
300.2251777777778
 30
0.0
 10
36.11650694444444
 20
300.4460166666667
 30
0.0
 10
35.98809583333333
 20
300.643925
 30
0.0
 10
35.80394583333333
 20
300.7786861111111
 30
0.0
 10
35.51360972222222
 20
300.9914111111111
 30
0.0
 10
35.21339583333333
 20
301.1931999999999
 30
0.0
 10
34.90506805555555
 20
301.3815833333333
 30
0.0
 10
34.70962916666667
 20
301.5008222222222
 30
0.0
 10
34.47679583333333
 20
301.5435083333333
 30
0.0
 10
34.2503125
 20
301.5110527777778
 30
0.0
 10
33.77418009259259
 20
301.4427314814815
 30
0.0
 10
33.29804768518519
 20
301.3744101851852
 30
0.0
 10
32.82191527777778
 20
301.3060888888888
 30
0.0
 10
32.65117083333332
 20
301.2813944444444
 30
0.0
 10
32.47795694444444
 20
301.3043249999999
 30
0.0
 10
32.31744305555555
 20
301.3671194444444
 30
0.0
 10
31.97419027777778
 20
301.501175
 30
0.0
 10
31.62423472222222
 20
301.6204138888888
 30
0.0
 10
31.26651805555555
 20
301.7241305555555
 30
0.0
 10
31.10106527777777
 20
301.7717555555555
 30
0.0
 10
30.94937083333333
 20
301.8588916666666
 30
0.0
 10
30.82872083333333
 20
301.9820111111111
 30
0.0
 10
30.49123009259259
 20
302.3270277777777
 30
0.0
 10
30.15373935185185
 20
302.6720444444444
 30
0.0
 10
29.81624861111111
 20
303.0170611111111
 30
0.0
 10
29.65467638888888
 20
303.1821611111111
 30
0.0
 10
29.44195138888889
 20
303.2904638888888
 30
0.0
 10
29.21194027777777
 20
303.3144527777778
 30
0.0
 10
28.85986805555556
 20
303.3518472222222
 30
0.0
 10
28.50320972222222
 20
303.3747777777778
 30
0.0
 10
28.14372916666667
 20
303.3843027777777
 30
0.0
 10
27.91195416666666
 20
303.3903
 30
0.0
 10
27.68511805555555
 20
303.3105722222222
 30
0.0
 10
27.50308472222222
 20
303.1673444444444
 30
0.0
 10
27.12596527777778
 20
302.8704231481481
 30
0.0
 10
26.74884583333333
 20
302.5735018518519
 30
0.0
 10
26.37172638888889
 20
302.2765805555555
 30
0.0
 10
26.23414305555555
 20
302.1686305555555
 30
0.0
 10
26.07045416666666
 20
302.1008972222222
 30
0.0
 10
25.89759305555555
 20
302.0747916666666
 30
0.0
 10
25.53211527777777
 20
302.0194055555555
 30
0.0
 10
25.16840138888889
 20
301.9481444444444
 30
0.0
 10
24.81385972222222
 20
301.8610083333333
 30
0.0
 10
24.64452638888888
 20
301.8190277777778
 30
0.0
 10
24.46849027777778
 20
301.8190277777778
 30
0.0
 10
24.30056805555555
 20
301.8659472222222
 30
0.0
 10
23.83690046296296
 20
301.995887037037
 30
0.0
 10
23.37323287037037
 20
302.1258268518518
 30
0.0
 10
22.90956527777778
 20
302.2557666666667
 30
0.0
 10
22.68802083333333
 20
302.3178555555555
 30
0.0
 10
22.45060138888888
 20
302.30445
 30
0.0
 10
22.24034583333333
 20
302.2109638888888
 30
0.0
 10
21.91296805555555
 20
302.0645611111111
 30
0.0
 10
21.59194027777778
 20
301.9065166666666
 30
0.0
 10
21.27832083333333
 20
301.7347138888888
 30
0.0
 10
21.07900138888889
 20
301.6253527777777
 30
0.0
 10
20.92624861111111
 20
301.4464944444445
 30
0.0
 10
20.84122916666666
 20
301.2351805555555
 30
0.0
 10
20.66001898148148
 20
300.7850361111111
 30
0.0
 10
20.4788087962963
 20
300.3348916666666
 30
0.0
 10
20.29759861111111
 20
299.8847472222222
 30
0.0
 10
20.23374583333333
 20
299.7256444444444
 30
0.0
 10
20.1279125
 20
299.5880611111111
 30
0.0
 10
19.99420972222222
 20
299.4808166666667
 30
0.0
 10
19.70704861111111
 20
299.2504527777778
 30
0.0
 10
19.42976527777778
 20
299.0084472222222
 30
0.0
 10
19.16377083333333
 20
298.7537416666667
 30
0.0
 10
19.03924027777778
 20
298.6345027777778
 30
0.0
 10
18.88825138888889
 20
298.5473666666666
 30
0.0
 10
18.7213875
 20
298.5050333333333
 30
0.0
 10
18.25642638888889
 20
298.3867351851852
 30
0.0
 10
17.79146527777777
 20
298.268437037037
 30
0.0
 10
17.32650416666667
 20
298.1501388888889
 30
0.0
 10
17.10178472222222
 20
298.0929888888888
 30
0.0
 10
16.90070138888889
 20
297.9621083333333
 30
0.0
 10
16.76452916666667
 20
297.7744305555556
 30
0.0
 10
16.55392083333333
 20
297.4848
 30
0.0
 10
16.35460138888889
 20
297.1863499999999
 30
0.0
 10
16.16692361111111
 20
296.8801388888888
 30
0.0
 10
16.04627361111111
 20
296.6832888888889
 30
0.0
 10
16.00182361111111
 20
296.4483388888889
 30
0.0
 10
16.03427916666666
 20
296.2193861111111
 30
0.0
 10
16.10177731481481
 20
295.741725
 30
0.0
 10
16.16927546296296
 20
295.2640638888889
 30
0.0
 10
16.23677361111111
 20
294.7864027777778
 30
0.0
 10
16.2607625
 20
294.6163638888889
 30
0.0
 10
16.23818472222222
 20
294.4438555555556
 30
0.0
 10
16.17539027777778
 20
294.2840472222222
 30
0.0
 10
16.04133472222222
 20
293.9411472222222
 30
0.0
 10
15.92174305555555
 20
293.5915444444444
 30
0.0
 10
15.81837916666667
 20
293.2355916666666
 30
0.0
 10
15.77040138888889
 20
293.0697861111111
 30
0.0
 10
15.68326527777778
 20
292.9184444444444
 30
0.0
 10
15.55979305555555
 20
292.7981472222222
 30
0.0
 10
15.21642268518518
 20
292.4630083333333
 30
0.0
 10
14.87305231481481
 20
292.1278694444444
 30
0.0
 10
14.52968194444444
 20
291.7927305555555
 30
0.0
 10
14.36387638888889
 20
291.6308055555555
 30
0.0
 10
14.25522083333333
 20
291.4180805555555
 30
0.0
 10
14.23087916666667
 20
291.1877166666666
 30
0.0
 10
14.1938375
 20
290.8349388888889
 30
0.0
 10
14.17055416666666
 20
290.4775749999999
 30
0.0
 10
14.16138194444444
 20
290.1159777777777
 30
0.0
 10
14.15538472222222
 20
289.8849083333333
 30
0.0
 10
14.2351125
 20
289.6580722222222
 30
0.0
 10
14.3779875
 20
289.4760388888889
 30
0.0
 10
14.67502638888889
 20
289.0977435185185
 30
0.0
 10
14.97206527777778
 20
288.7194481481481
 30
0.0
 10
15.26910416666666
 20
288.3411527777778
 30
0.0
 10
15.37705416666666
 20
288.2035694444444
 30
0.0
 10
15.44514027777778
 20
288.0395277777778
 30
0.0
 10
15.47089305555556
 20
287.8666666666666
 30
0.0
  0
SPLINE
  5
CC
330
1F
100
AcDbEntity
  8
DEFAULT
 62
     1
100
AcDbSpline
210
0.0
220
0.0
230
1.0
 70
    11
 71
     3
 72
    35
 73
    31
 74
     0
 42
0.000000001
 43
0.0000000001
 40
1.0
 40
1.0
 40
1.0
 40
1.0
 40
2.0
 40
2.0
 40
2.0
 40
3.0
 40
3.0
 40
3.0
 40
4.061695342365216
 40
4.061695342365216
 40
4.061695342365216
 40
5.061695342365216
 40
5.061695342365216
 40
5.061695342365216
 40
6.061695342365216
 40
6.061695342365216
 40
6.061695342365216
 40
7.061695342365216
 40
7.061695342365216
 40
7.061695342365216
 40
8.061695342365216
 40
8.061695342365216
 40
8.061695342365216
 40
9.11276812766601
 40
9.11276812766601
 40
9.11276812766601
 40
10.11276812766601
 40
10.11276812766601
 40
10.11276812766601
 40
11.11276812766601
 40
11.11276812766601
 40
11.11276812766601
 40
11.11276812766601
 10
27.78460138888889
 20
279.5411111111111
 30
0.0
 10
26.7968236111111
 20
279.5411111111111
 30
0.0
 10
25.8397375
 20
279.6815166666667
 30
0.0
 10
24.93521527777778
 20
279.9429249999999
 30
0.0
 10
24.35877638888889
 20
280.1094361111111
 30
0.0
 10
24.05044861111111
 20
280.7359694444444
 30
0.0
 10
24.27940138888889
 20
281.2905361111111
 30
0.0
 10
24.32714398148148
 20
281.4058944444444
 30
0.0
 10
24.37488657407407
 20
281.5212527777778
 30
0.0
 10
24.42262916666666
 20
281.6366111111111
 30
0.0
 10
24.61595138888889
 20
282.1043944444444
 30
0.0
 10
25.1285375
 20
282.355925
 30
0.0
 10
25.61466527777777
 20
282.216225
 30
0.0
 10
26.30434583333333
 20
282.0176111111111
 30
0.0
 10
27.03283194444444
 20
281.9117777777777
 30
0.0
 10
27.78460138888889
 20
281.9117777777777
 30
0.0
 10
28.1860625
 20
281.9117777777777
 30
0.0
 10
28.58046805555555
 20
281.9403527777778
 30
0.0
 10
28.96605416666666
 20
281.9982083333333
 30
0.0
 10
29.46170694444444
 20
282.0722916666666
 30
0.0
 10
29.93090138888889
 20
281.7509111111111
 30
0.0
 10
30.06037083333333
 20
281.2669
 30
0.0
 10
30.0924736111111
 20
281.1475435185185
 30
0.0
 10
30.12457638888888
 20
281.028187037037
 30
0.0
 10
30.15667916666666
 20
280.9088305555555
 30
0.0
 10
30.31084305555556
 20
280.33345
 30
0.0
 10
29.93231249999999
 20
279.7488972222222
 30
0.0
 10
29.34352638888889
 20
279.6589388888889
 30
0.0
 10
28.83482083333333
 20
279.5813277777777
 30
0.0
 10
28.31412083333333
 20
279.5411111111111
 30
0.0
 10
27.78460138888889
 20
279.5411111111111
 30
0.0
  0
SPLINE
  5
CD
330
1F
100
AcDbEntity
  8
DEFAULT
 62
     1
100
AcDbSpline
210
0.0
220
0.0
230
1.0
 70
    11
 71
     3
 72
    29
 73
    25
 74
     0
 42
0.000000001
 43
0.0000000001
 40
0.0
 40
0.0
 40
0.0
 40
0.0
 40
1.05406830898196
 40
1.05406830898196
 40
1.05406830898196
 40
2.05406830898196
 40
2.05406830898196
 40
2.05406830898196
 40
3.05406830898196
 40
3.05406830898196
 40
3.05406830898196
 40
4.05406830898196
 40
4.05406830898196
 40
4.05406830898196
 40
5.092514263280981
 40
5.092514263280981
 40
5.092514263280981
 40
6.092514263280981
 40
6.092514263280981
 40
6.092514263280981
 40
7.092514263280981
 40
7.092514263280981
 40
7.092514263280981
 40
8.09251426328098
 40
8.09251426328098
 40
8.09251426328098
 40
8.09251426328098
 10
33.36166527777778
 20
282.4917444444444
 30
0.0
 10
33.28617083333333
 20
282.5900518518518
 30
0.0
 10
33.21067638888888
 20
282.6883592592592
 30
0.0
 10
33.13518194444443
 20
282.7866666666666
 30
0.0
 10
32.83073472222222
 20
283.1835416666667
 30
0.0
 10
32.85789861111111
 20
283.7529249999999
 30
0.0
 10
33.21914305555556
 20
284.0993527777778
 30
0.0
 10
34.03264861111111
 20
284.8796972222222
 30
0.0
 10
34.67752638888888
 20
285.8329027777777
 30
0.0
 10
35.09521527777778
 20
286.9004083333333
 30
0.0
 10
35.27795416666667
 20
287.3678388888889
 30
0.0
 10
35.79724305555555
 20
287.6098444444444
 30
0.0
 10
36.2823125
 20
287.4796694444444
 30
0.0
 10
36.40025787037036
 20
287.448037037037
 30
0.0
 10
36.51820324074073
 20
287.4164046296296
 30
0.0
 10
36.6361486111111
 20
287.3847722222222
 30
0.0
 10
37.21470416666666
 20
287.2299027777777
 30
0.0
 10
37.52514861111111
 20
286.6051333333333
 30
0.0
 10
37.3078375
 20
286.0470388888888
 30
0.0
 10
36.76385416666667
 20
284.648275
 30
0.0
 10
35.91930416666666
 20
283.3997944444444
 30
0.0
 10
34.85250416666666
 20
282.3802666666666
 30
0.0
 10
34.42035149192213
 20
281.9675167650739
 30
0.0
 10
33.72537949805523
 20
282.0172583096146
 30
0.0
 10
33.36166527777778
 20
282.4917444444444
 30
0.0
  0
SPLINE
  5
CE
330
1F
100
AcDbEntity
  8
DEFAULT
 62
     1
100
AcDbSpline
210
0.0
220
0.0
230
1.0
 70
    11
 71
     3
 72
    29
 73
    25
 74
     0
 42
0.000000001
 43
0.0000000001
 40
1.0
 40
1.0
 40
1.0
 40
1.0
 40
2.0
 40
2.0
 40
2.0
 40
3.0
 40
3.0
 40
3.0
 40
4.005439704805812
 40
4.005439704805812
 40
4.005439704805812
 40
5.005439704805812
 40
5.005439704805812
 40
5.005439704805812
 40
6.005439704805812
 40
6.005439704805812
 40
6.005439704805812
 40
7.005439704805812
 40
7.005439704805812
 40
7.005439704805812
 40
8.05690772619299
 40
8.05690772619299
 40
8.05690772619299
 40
9.05690772619299
 40
9.05690772619299
 40
9.05690772619299
 40
9.05690772619299
 10
35.75490972222222
 20
296.1520055555555
 30
0.0
 10
36.67495416666666
 20
295.0075944444444
 30
0.0
 10
37.35264027777777
 20
293.6638638888888
 30
0.0
 10
37.71141527777777
 20
292.1934861111111
 30
0.0
 10
37.85358472222222
 20
291.61105
 30
0.0
 10
37.46411805555555
 20
291.0317888888889
 30
0.0
 10
36.8696875
 20
290.9541777777777
 30
0.0
 10
36.75244768518518
 20
290.9388907407406
 30
0.0
 10
36.63520787037037
 20
290.9236037037036
 30
0.0
 10
36.51796805555556
 20
290.9083166666666
 30
0.0
 10
36.01490694444444
 20
290.8423472222222
 30
0.0
 10
35.52630972222222
 20
291.1534972222222
 30
0.0
 10
35.40460138888889
 20
291.6463277777777
 30
0.0
 10
35.12837638888888
 20
292.7646333333333
 30
0.0
 10
34.61190972222222
 20
293.7883944444444
 30
0.0
 10
33.91340972222222
 20
294.6597555555555
 30
0.0
 10
33.60014305555556
 20
295.0506333333333
 30
0.0
 10
33.64635694444444
 20
295.6193111111111
 30
0.0
 10
34.00054583333333
 20
295.9731472222222
 30
0.0
 10
34.08791712962962
 20
296.0606361111111
 30
0.0
 10
34.17528842592592
 20
296.1481249999999
 30
0.0
 10
34.26265972222222
 20
296.2356138888888
 30
0.0
 10
34.6852875
 20
296.6578888888889
 30
0.0
 10
35.38025972222222
 20
296.6173194444444
 30
0.0
 10
35.75490972222222
 20
296.1520055555555
 30
0.0
  0
SPLINE
  5
CF
330
1F
100
AcDbEntity
  8
DEFAULT
 62
     1
100
AcDbSpline
210
0.0
220
0.0
230
1.0
 70
    11
 71
     3
 72
    35
 73
    31
 74
     0
 42
0.000000001
 43
0.0000000001
 40
1.0
 40
1.0
 40
1.0
 40
1.0
 40
2.0
 40
2.0
 40
2.0
 40
3.0
 40
3.0
 40
3.0
 40
4.057234600266161
 40
4.057234600266161
 40
4.057234600266161
 40
5.057234600266161
 40
5.057234600266161
 40
5.057234600266161
 40
6.057234600266161
 40
6.057234600266161
 40
6.057234600266161
 40
7.057234600266161
 40
7.057234600266161
 40
7.057234600266161
 40
8.05723460026616
 40
8.05723460026616
 40
8.05723460026616
 40
9.11120471369446
 40
9.11120471369446
 40
9.11120471369446
 40
10.11120471369446
 40
10.11120471369446
 40
10.11120471369446
 40
11.11120471369446
 40
11.11120471369446
 40
11.11120471369446
 40
11.11120471369446
 10
27.78460138888889
 20
299.9775277777777
 30
0.0
 10
28.7766125
 20
299.9775277777777
 30
0.0
 10
29.73440416666666
 20
299.8364166666666
 30
0.0
 10
30.64069027777778
 20
299.5714805555555
 30
0.0
 10
31.21607083333333
 20
299.4035583333333
 30
0.0
 10
31.52334027777778
 20
298.7780833333333
 30
0.0
 10
31.29403472222222
 20
298.2242222222222
 30
0.0
 10
31.24652731481481
 20
298.1093342592592
 30
0.0
 10
31.1990199074074
 20
297.9944462962962
 30
0.0
 10
31.1515125
 20
297.8795583333333
 30
0.0
 10
30.9578375
 20
297.4114222222222
 30
0.0
 10
30.44454583333333
 20
297.1602444444444
 30
0.0
 10
29.95806527777778
 20
297.3010027777777
 30
0.0
 10
29.26838472222222
 20
297.5006749999999
 30
0.0
 10
28.53884027777778
 20
297.6068611111111
 30
0.0
 10
27.78460138888889
 20
297.6068611111111
 30
0.0
 10
27.38490416666666
 20
297.6068611111111
 30
0.0
 10
26.99190972222222
 20
297.576875
 30
0.0
 10
26.60844027777777
 20
297.5193722222222
 30
0.0
 10
26.11243472222222
 20
297.4449361111111
 30
0.0
 10
25.64253472222222
 20
297.7659638888888
 30
0.0
 10
25.5127125
 20
298.2506805555555
 30
0.0
 10
25.48060972222222
 20
298.3703898148148
 30
0.0
 10
25.44850694444444
 20
298.490099074074
 30
0.0
 10
25.41640416666666
 20
298.6098083333333
 30
0.0
 10
25.26224027777777
 20
299.1848361111111
 30
0.0
 10
25.64041805555555
 20
299.7693888888888
 30
0.0
 10
26.22885138888889
 20
299.8597
 30
0.0
 10
26.73614583333333
 20
299.9373111111111
 30
0.0
 10
27.2557875
 20
299.9775277777777
 30
0.0
 10
27.78460138888889
 20
299.9775277777777
 30
0.0
  0
SPLINE
  5
D0
330
1F
100
AcDbEntity
  8
DEFAULT
 62
     1
100
AcDbSpline
210
0.0
220
0.0
230
1.0
 70
    11
 71
     3
 72
    17
 73
    13
 74
     0
 42
0.000000001
 43
0.0000000001
 40
1.0
 40
1.0
 40
1.0
 40
1.0
 40
2.0
 40
2.0
 40
2.0
 40
3.0
 40
3.0
 40
3.0
 40
4.0
 40
4.0
 40
4.0
 40
5.0
 40
5.0
 40
5.0
 40
5.0
 10
27.78460138888889
 20
294.9927777777777
 30
0.0
 10
30.67737916666666
 20
294.9927777777777
 30
0.0
 10
33.01982361111111
 20
292.6503333333333
 30
0.0
 10
33.01982361111111
 20
289.7575555555555
 30
0.0
 10
33.01982361111111
 20
286.8683055555555
 30
0.0
 10
30.67737916666666
 20
284.5223333333333
 30
0.0
 10
27.78460138888889
 20
284.5223333333333
 30
0.0
 10
24.89535138888889
 20
284.5223333333333
 30
0.0
 10
22.55290694444444
 20
286.8683055555555
 30
0.0
 10
22.55290694444444
 20
289.7575555555555
 30
0.0
 10
22.55290694444444
 20
292.6503333333333
 30
0.0
 10
24.89535138888889
 20
294.9927777777777
 30
0.0
 10
27.78460138888889
 20
294.9927777777777
 30
0.0
  0
SPLINE
  5
D1
330
1F
100
AcDbEntity
  8
DEFAULT
 62
     1
100
AcDbSpline
210
0.0
220
0.0
230
1.0
 70
    11
 71
     3
 72
    29
 73
    25
 74
     0
 42
0.000000001
 43
0.0000000001
 40
0.0
 40
0.0
 40
0.0
 40
0.0
 40
1.051264001095648
 40
1.051264001095648
 40
1.051264001095648
 40
2.051264001095648
 40
2.051264001095648
 40
2.051264001095648
 40
3.051264001095648
 40
3.051264001095648
 40
3.051264001095648
 40
4.051264001095648
 40
4.051264001095648
 40
4.051264001095648
 40
5.095764360119067
 40
5.095764360119067
 40
5.095764360119067
 40
6.095764360119067
 40
6.095764360119067
 40
6.095764360119067
 40
7.095764360119067
 40
7.095764360119067
 40
7.095764360119067
 40
8.095764360119066
 40
8.095764360119066
 40
8.095764360119066
 40
8.095764360119066
 10
22.20859583333338
 20
297.0258361111111
 30
0.0
 10
22.28385509259263
 20
296.9277638888888
 30
0.0
 10
22.35911435185188
 20
296.8296916666666
 30
0.0
 10
22.43437361111113
 20
296.7316194444444
 30
0.0
 10
22.73882083333333
 20
296.3350972222222
 30
0.0
 10
22.71165694444444
 20
295.7657138888889
 30
0.0
 10
22.35076527777777
 20
295.4192861111111
 30
0.0
 10
21.53690694444444
 20
294.638236111111
 30
0.0
 10
20.89238194444444
 20
293.6829138888888
 30
0.0
 10
20.47610416666666
 20
292.6147027777777
 30
0.0
 10
20.29407083333333
 20
292.1472722222222
 30
0.0
 10
19.77513472222222
 20
291.9049138888889
 30
0.0
 10
19.29077083333333
 20
292.034736111111
 30
0.0
 10
19.1721199074074
 20
292.0664861111111
 30
0.0
 10
19.05346898148148
 20
292.0982361111111
 30
0.0
 10
18.93481805555555
 20
292.1299861111111
 30
0.0
 10
18.35555694444444
 20
292.2848555555555
 30
0.0
 10
18.0451125
 20
292.9099777777777
 30
0.0
 10
18.26277638888889
 20
293.4687777777777
 30
0.0
 10
18.80817083333333
 20
294.8686
 30
0.0
 10
19.65236805555555
 20
296.1174333333333
 30
0.0
 10
20.71705138888889
 20
297.1369611111111
 30
0.0
 10
21.14920416666666
 20
297.5504166666666
 30
0.0
 10
21.84452916666666
 20
297.5003222222222
 30
0.0
 10
22.20859583333338
 20
297.0258361111111
 30
0.0
  0
SPLINE
  5
D2
330
1F
100
AcDbEntity
  8
DEFAULT
 62
     1
100
AcDbSpline
210
0.0
220
0.0
230
1.0
 70
    11
 71
     3
 72
    29
 73
    25
 74
     0
 42
0.000000001
 43
0.0000000001
 40
1.0
 40
1.0
 40
1.0
 40
1.0
 40
2.0
 40
2.0
 40
2.0
 40
3.0
 40
3.0
 40
3.0
 40
4.057832689984621
 40
4.057832689984621
 40
4.057832689984621
 40
5.057832689984621
 40
5.057832689984621
 40
5.057832689984621
 40
6.057832689984621
 40
6.057832689984621
 40
6.057832689984621
 40
7.057832689984621
 40
7.057832689984621
 40
7.057832689984621
 40
8.069612310257737
 40
8.069612310257737
 40
8.069612310257737
 40
9.069612310257737
 40
9.069612310257737
 40
9.069612310257737
 40
9.069612310257737
 10
20.16812916666666
 20
287.8719583333333
 30
0.0
 10
20.44435416666666
 20
286.7529472222222
 30
0.0
 10
20.96117361111111
 20
285.727775
 30
0.0
 10
21.65932083333333
 20
284.8557083333333
 30
0.0
 10
21.9725875
 20
284.4644777777777
 30
0.0
 10
21.92566805555555
 20
283.8958
 30
0.0
 10
21.57112638888889
 20
283.5416111111111
 30
0.0
 10
21.48304953703703
 20
283.4537694444444
 30
0.0
 10
21.39497268518518
 20
283.3659277777778
 30
0.0
 10
21.30689583333333
 20
283.2780861111111
 30
0.0
 10
20.88426805555556
 20
282.8561638888889
 30
0.0
 10
20.18929583333333
 20
282.8970861111111
 30
0.0
 10
19.81535138888889
 20
283.3627527777778
 30
0.0
 10
18.89671805555555
 20
284.5061055555555
 30
0.0
 10
18.21938472222222
 20
285.8519527777777
 30
0.0
 10
17.8609625
 20
287.3230361111111
 30
0.0
 10
17.71914583333333
 20
287.9051194444444
 30
0.0
 10
18.10755416666666
 20
288.483675
 30
0.0
 10
18.70127916666667
 20
288.5619916666666
 30
0.0
 10
18.81922453703703
 20
288.5776314814814
 30
0.0
 10
18.93716990740741
 20
288.5932712962963
 30
0.0
 10
19.05511527777778
 20
288.6089111111111
 30
0.0
 10
19.55782361111111
 20
288.6752333333333
 30
0.0
 10
20.04642083333333
 20
288.364436111111
 30
0.0
 10
20.16812916666666
 20
287.8719583333333
 30
0.0
  0
SPLINE
  5
D3
330
1F
100
AcDbEntity
  8
DEFAULT
 62
     1
100
AcDbSpline
210
0.0
220
0.0
230
1.0
 70
    11
 71
     3
 72
   161
 73
   157
 74
     0
 42
0.000000001
 43
0.0000000001
 40
1.0
 40
1.0
 40
1.0
 40
1.0
 40
4.322000000000003
 40
4.322000000000003
 40
4.322000000000003
 40
5.322000000000003
 40
5.322000000000003
 40
5.322000000000003
 40
8.644694840035676
 40
8.644694840035676
 40
8.644694840035676
 40
9.644694840035676
 40
9.644694840035676
 40
9.644694840035676
 40
12.95569484003571
 40
12.95569484003571
 40
12.95569484003571
 40
13.95569484003571
 40
13.95569484003571
 40
13.95569484003571
 40
17.27838968007147
 40
17.27838968007147
 40
17.27838968007147
 40
18.27838968007147
 40
18.27838968007147
 40
18.27838968007147
 40
21.60038968007145
 40
21.60038968007145
 40
21.60038968007145
 40
22.60038968007145
 40
22.60038968007145
 40
22.60038968007145
 40
27.09688175723559
 40
27.09688175723559
 40
27.09688175723559
 40
28.09688175723559
 40
28.09688175723559
 40
28.09688175723559
 40
29.09688175723559
 40
29.09688175723559
 40
29.09688175723559
 40
33.34688175723559
 40
33.34688175723559
 40
33.34688175723559
 40
41.85688175723558
 40
41.85688175723558
 40
41.85688175723558
 40
46.10688175723558
 40
46.10688175723558
 40
46.10688175723558
 40
47.10688175723558
 40
47.10688175723558
 40
47.10688175723558
 40
48.10688175723558
 40
48.10688175723558
 40
48.10688175723558
 40
52.60337383439973
 40
52.60337383439973
 40
52.60337383439973
 40
53.60337383439973
 40
53.60337383439973
 40
53.60337383439973
 40
56.91537383439974
 40
56.91537383439974
 40
56.91537383439974
 40
57.91537383439974
 40
57.91537383439974
 40
57.91537383439974
 40
61.23806867443549
 40
61.23806867443549
 40
61.23806867443549
 40
62.23806867443549
 40
62.23806867443549
 40
62.23806867443549
 40
65.54906867443552
 40
65.54906867443552
 40
65.54906867443552
 40
66.54906867443552
 40
66.54906867443552
 40
66.54906867443552
 40
69.87176351447118
 40
69.87176351447118
 40
69.87176351447118
 40
70.87176351447118
 40
70.87176351447118
 40
70.87176351447118
 40
74.19376351447119
 40
74.19376351447119
 40
74.19376351447119
 40
75.19376351447119
 40
75.19376351447119
 40
75.19376351447119
 40
78.51716538604798
 40
78.51716538604798
 40
78.51716538604798
 40
79.51716538604798
 40
79.51716538604798
 40
79.51716538604798
 40
82.83916538604798
 40
82.83916538604798
 40
82.83916538604798
 40
83.83916538604798
 40
83.83916538604798
 40
83.83916538604798
 40
87.16186022608373
 40
87.16186022608373
 40
87.16186022608373
 40
88.16186022608373
 40
88.16186022608373
 40
88.16186022608373
 40
91.47386022608374
 40
91.47386022608374
 40
91.47386022608374
 40
92.47386022608374
 40
92.47386022608374
 40
92.47386022608374
 40
95.79726209766054
 40
95.79726209766054
 40
95.79726209766054
 40
96.79726209766054
 40
96.79726209766054
 40
96.79726209766054
 40
102.9592620976605
 40
102.9592620976605
 40
102.9592620976605
 40
103.9592620976605
 40
103.9592620976605
 40
103.9592620976605
 40
107.2826639692373
 40
107.2826639692373
 40
107.2826639692373
 40
108.2826639692373
 40
108.2826639692373
 40
108.2826639692373
 40
111.6046639692373
 40
111.6046639692373
 40
111.6046639692373
 40
112.6046639692373
 40
112.6046639692373
 40
112.6046639692373
 40
115.9273588092731
 40
115.9273588092731
 40
115.9273588092731
 40
116.9273588092731
 40
116.9273588092731
 40
116.9273588092731
 40
120.2493588092731
 40
120.2493588092731
 40
120.2493588092731
 40
121.2493588092731
 40
121.2493588092731
 40
121.2493588092731
 40
124.5727606808499
 40
124.5727606808499
 40
124.5727606808499
 40
125.5727606808499
 40
125.5727606808499
 40
125.5727606808499
 40
125.5727606808499
 10
22.87220611111111
 20
222.4678755555555
 30
0.0
 10
22.87220611111111
 20
222.8585181481481
 30
0.0
 10
22.87220611111111
 20
223.2491607407407
 30
0.0
 10
22.87220611111111
 20
223.6398033333333
 30
0.0
 10
22.87220611111111
 20
223.9047394444444
 30
0.0
 10
22.76672555555555
 20
224.1590922222222
 30
0.0
 10
22.57940055555555
 20
224.34677
 30
0.0
 10
22.30305796296296
 20
224.622995
 30
0.0
 10
22.02671537037036
 20
224.89922
 30
0.0
 10
21.75037277777777
 20
225.175445
 30
0.0
 10
21.56304777777778
 20
225.3631227777778
 30
0.0
 10
21.45756722222222
 20
225.6174755555556
 30
0.0
 10
21.45756722222222
 20
225.8827644444444
 30
0.0
 10
21.45756722222222
 20
226.2721135185185
 30
0.0
 10
21.45756722222222
 20
226.6614625925926
 30
0.0
 10
21.45756722222222
 20
227.0508116666666
 30
0.0
 10
21.45756722222222
 20
227.3161005555556
 30
0.0
 10
21.56304777777778
 20
227.5704533333333
 30
0.0
 10
21.75037277777777
 20
227.7581311111111
 30
0.0
 10
22.02671537037036
 20
228.0343561111111
 30
0.0
 10
22.30305796296296
 20
228.3105811111111
 30
0.0
 10
22.57940055555555
 20
228.5868061111111
 30
0.0
 10
22.76672555555555
 20
228.7744838888889
 30
0.0
 10
23.02107833333333
 20
228.8799644444445
 30
0.0
 10
23.28636722222222
 20
228.8799644444445
 30
0.0
 10
23.67700981481481
 20
228.8799644444445
 30
0.0
 10
24.0676524074074
 20
228.8799644444445
 30
0.0
 10
24.45829499999999
 20
228.8799644444445
 30
0.0
 10
24.72358388888889
 20
228.8799644444445
 30
0.0
 10
24.97793666666666
 20
228.7744838888889
 30
0.0
 10
25.16526166666666
 20
228.5868061111111
 30
0.0
 10
25.53920611111111
 20
228.2129792592592
 30
0.0
 10
25.91315055555556
 20
227.8391524074074
 30
0.0
 10
26.287095
 20
227.4653255555556
 30
0.0
 10
26.32484222222222
 20
227.4272255555555
 30
0.0
 10
26.33648388888888
 20
226.6821588888889
 30
0.0
 10
26.33648388888888
 20
225.7155477777778
 30
0.0
 10
26.33648388888888
 20
224.7489366666667
 30
0.0
 10
26.287095
 20
224.0574922222222
 30
0.0
 10
26.287095
 20
223.96577
 30
0.0
 10
26.287095
 20
223.4660014814815
 30
0.0
 10
26.287095
 20
222.9662329629629
 30
0.0
 10
26.287095
 20
222.4664644444444
 30
0.0
 10
27.28780796296296
 20
222.4664644444444
 30
0.0
 10
28.28852092592592
 20
222.4664644444444
 30
0.0
 10
29.28923388888888
 20
222.4664644444444
 30
0.0
 10
29.28923388888888
 20
222.9662329629629
 30
0.0
 10
29.28923388888888
 20
223.4660014814815
 30
0.0
 10
29.28923388888888
 20
223.96577
 30
0.0
 10
29.28923388888888
 20
224.0574922222222
 30
0.0
 10
29.23631722222222
 20
224.7489366666667
 30
0.0
 10
29.23631722222222
 20
225.7155477777778
 30
0.0
 10
29.23631722222222
 20
226.6821588888889
 30
0.0
 10
29.25148666666666
 20
227.4272255555555
 30
0.0
 10
29.28923388888888
 20
227.4653255555556
 30
0.0
 10
29.66317833333333
 20
227.8391524074074
 30
0.0
 10
30.03712277777778
 20
228.2129792592592
 30
0.0
 10
30.41106722222222
 20
228.5868061111111
 30
0.0
 10
30.59839222222222
 20
228.7744838888889
 30
0.0
 10
30.852745
 20
228.8799644444445
 30
0.0
 10
31.11803388888888
 20
228.8799644444445
 30
0.0
 10
31.50750055555555
 20
228.8799644444445
 30
0.0
 10
31.89696722222222
 20
228.8799644444445
 30
0.0
 10
32.28643388888889
 20
228.8799644444445
 30
0.0
 10
32.55172277777778
 20
228.8799644444445
 30
0.0
 10
32.80607555555554
 20
228.7744838888889
 30
0.0
 10
32.99340055555555
 20
228.5868061111111
 30
0.0
 10
33.26974314814814
 20
228.3105811111111
 30
0.0
 10
33.54608574074074
 20
228.0343561111111
 30
0.0
 10
33.82242833333333
 20
227.7581311111111
 30
0.0
 10
34.00975333333333
 20
227.5704533333333
 30
0.0
 10
34.11523388888889
 20
227.3161005555556
 30
0.0
 10
34.11523388888889
 20
227.0508116666666
 30
0.0
 10
34.11523388888889
 20
226.6614625925926
 30
0.0
 10
34.11523388888889
 20
226.2721135185185
 30
0.0
 10
34.11523388888889
 20
225.8827644444444
 30
0.0
 10
34.11523388888889
 20
225.6174755555556
 30
0.0
 10
34.00975333333333
 20
225.3631227777778
 30
0.0
 10
33.82242833333333
 20
225.175445
 30
0.0
 10
33.54608574074074
 20
224.89922
 30
0.0
 10
33.26974314814814
 20
224.622995
 30
0.0
 10
32.99340055555555
 20
224.34677
 30
0.0
 10
32.80607555555554
 20
224.1590922222222
 30
0.0
 10
32.70059499999999
 20
223.9047394444444
 30
0.0
 10
32.70059499999999
 20
223.6398033333333
 30
0.0
 10
32.70059499999999
 20
223.2491607407407
 30
0.0
 10
32.70059499999999
 20
222.8585181481481
 30
0.0
 10
32.70059499999999
 20
222.4678755555555
 30
0.0
 10
32.70059499999999
 20
222.2025866666667
 30
0.0
 10
32.80607555555554
 20
221.9482338888889
 30
0.0
 10
32.99340055555555
 20
221.7609088888889
 30
0.0
 10
33.26974314814814
 20
221.4845662962963
 30
0.0
 10
33.54608574074074
 20
221.2082237037037
 30
0.0
 10
33.82242833333333
 20
220.9318811111111
 30
0.0
 10
34.00975333333333
 20
220.7445561111111
 30
0.0
 10
34.11523388888889
 20
220.4898505555556
 30
0.0
 10
34.11523388888889
 20
220.2249144444445
 30
0.0
 10
34.11523388888889
 20
219.8342718518519
 30
0.0
 10
34.11523388888889
 20
219.4436292592593
 30
0.0
 10
34.11523388888889
 20
219.0529866666667
 30
0.0
 10
34.11523388888889
 20
218.7876977777778
 30
0.0
 10
34.00975333333333
 20
218.533345
 30
0.0
 10
33.82242833333333
 20
218.3456672222222
 30
0.0
 10
33.54608574074074
 20
218.0694422222222
 30
0.0
 10
33.26974314814814
 20
217.7932172222222
 30
0.0
 10
32.99340055555555
 20
217.5169922222222
 30
0.0
 10
32.80607555555554
 20
217.3296672222222
 30
0.0
 10
32.55172277777778
 20
217.2241866666666
 30
0.0
 10
32.28643388888889
 20
217.2241866666666
 30
0.0
 10
31.89696722222222
 20
217.2241866666667
 30
0.0
 10
31.50750055555555
 20
217.2241866666667
 30
0.0
 10
31.11803388888888
 20
217.2241866666666
 30
0.0
 10
30.852745
 20
217.2241866666666
 30
0.0
 10
30.59839222222222
 20
217.1187061111111
 30
0.0
 10
30.41106722222222
 20
216.9313811111111
 30
0.0
 10
30.13472462962963
 20
216.6550385185185
 30
0.0
 10
29.85838203703703
 20
216.3786959259259
 30
0.0
 10
29.58203944444444
 20
216.1023533333333
 30
0.0
 10
29.39471444444444
 20
215.9146755555555
 30
0.0
 10
29.14036166666666
 20
215.8095477777778
 30
0.0
 10
28.87507277777777
 20
215.8095477777778
 30
0.0
 10
28.15046722222222
 20
215.8095477777778
 30
0.0
 10
27.42586166666666
 20
215.8095477777778
 30
0.0
 10
26.70125611111111
 20
215.8095477777778
 30
0.0
 10
26.43596722222222
 20
215.8095477777778
 30
0.0
 10
26.18161444444444
 20
215.9146755555555
 30
0.0
 10
25.99428944444444
 20
216.1023533333333
 30
0.0
 10
25.71794685185185
 20
216.3786959259259
 30
0.0
 10
25.44160425925925
 20
216.6550385185185
 30
0.0
 10
25.16526166666666
 20
216.9313811111111
 30
0.0
 10
24.97793666666666
 20
217.1187061111111
 30
0.0
 10
24.72358388888889
 20
217.2241866666666
 30
0.0
 10
24.45829499999999
 20
217.2241866666666
 30
0.0
 10
24.0676524074074
 20
217.2241866666667
 30
0.0
 10
23.67700981481481
 20
217.2241866666667
 30
0.0
 10
23.28636722222222
 20
217.2241866666666
 30
0.0
 10
23.02107833333333
 20
217.2241866666666
 30
0.0
 10
22.76672555555555
 20
217.3296672222222
 30
0.0
 10
22.57940055555555
 20
217.5169922222222
 30
0.0
 10
22.30305796296296
 20
217.7932172222222
 30
0.0
 10
22.02671537037036
 20
218.0694422222222
 30
0.0
 10
21.75037277777777
 20
218.3456672222222
 30
0.0
 10
21.56304777777778
 20
218.533345
 30
0.0
 10
21.45756722222222
 20
218.7876977777778
 30
0.0
 10
21.45756722222222
 20
219.0529866666667
 30
0.0
 10
21.45756722222222
 20
219.4436292592593
 30
0.0
 10
21.45756722222222
 20
219.8342718518519
 30
0.0
 10
21.45756722222222
 20
220.2249144444445
 30
0.0
 10
21.45756722222222
 20
220.4898505555556
 30
0.0
 10
21.56304777777778
 20
220.7445561111111
 30
0.0
 10
21.75037277777777
 20
220.9318811111111
 30
0.0
 10
22.02671537037036
 20
221.2082237037037
 30
0.0
 10
22.30305796296296
 20
221.4845662962963
 30
0.0
 10
22.57940055555555
 20
221.7609088888889
 30
0.0
 10
22.76672555555555
 20
221.9482338888889
 30
0.0
 10
22.87220611111111
 20
222.2025866666667
 30
0.0
 10
22.87220611111111
 20
222.4678755555555
 30
0.0
  0
SPLINE
  5
D4
330
1F
100
AcDbEntity
  8
DEFAULT
 62
     1
100
AcDbSpline
210
0.0
220
0.0
230
1.0
 70
    11
 71
     3
 72
   164
 73
   160
 74
     0
 42
0.000000001
 43
0.0000000001
 40
1.0
 40
1.0
 40
1.0
 40
1.0
 40
15.14200000000005
 40
15.14200000000005
 40
15.14200000000005
 40
16.14200000000005
 40
16.14200000000005
 40
16.14200000000005
 40
20.93547692181787
 40
20.93547692181787
 40
20.93547692181787
 40
21.93547692181787
 40
21.93547692181787
 40
21.93547692181787
 40
51.11747692181788
 40
51.11747692181788
 40
51.11747692181788
 40
52.11747692181788
 40
52.11747692181788
 40
52.11747692181788
 40
52.5403267769674
 40
52.5403267769674
 40
52.5403267769674
 40
53.5403267769674
 40
53.5403267769674
 40
53.5403267769674
 40
58.92632677696749
 40
58.92632677696749
 40
58.92632677696749
 40
59.92632677696749
 40
59.92632677696749
 40
59.92632677696749
 40
60.92632677696749
 40
60.92632677696749
 40
60.92632677696749
 40
70.84632677696756
 40
70.84632677696756
 40
70.84632677696756
 40
79.35632677696755
 40
79.35632677696755
 40
79.35632677696755
 40
89.27632677696762
 40
89.27632677696762
 40
89.27632677696762
 40
90.27632677696762
 40
90.27632677696762
 40
90.27632677696762
 40
91.27632677696762
 40
91.27632677696762
 40
91.27632677696762
 40
96.66232677696759
 40
96.66232677696759
 40
96.66232677696759
 40
97.66232677696759
 40
97.66232677696759
 40
97.66232677696759
 40
98.08517663211711
 40
98.08517663211711
 40
98.08517663211711
 40
99.08517663211711
 40
99.08517663211711
 40
99.08517663211711
 40
119.8801766321171
 40
119.8801766321171
 40
119.8801766321171
 40
120.8801766321171
 40
120.8801766321171
 40
120.8801766321171
 40
121.8801766321171
 40
121.8801766321171
 40
121.8801766321171
 40
122.8801766321171
 40
122.8801766321171
 40
122.8801766321171
 40
123.8801766321171
 40
123.8801766321171
 40
123.8801766321171
 40
124.8801766321171
 40
124.8801766321171
 40
124.8801766321171
 40
125.8801766321171
 40
125.8801766321171
 40
125.8801766321171
 40
126.8801766321171
 40
126.8801766321171
 40
126.8801766321171
 40
127.8801766321171
 40
127.8801766321171
 40
127.8801766321171
 40
128.8801766321171
 40
128.8801766321171
 40
128.8801766321171
 40
129.8801766321171
 40
129.8801766321171
 40
129.8801766321171
 40
130.8801766321171
 40
130.8801766321171
 40
130.8801766321171
 40
131.8801766321171
 40
131.8801766321171
 40
131.8801766321171
 40
152.8361766321171
 40
152.8361766321171
 40
152.8361766321171
 40
153.8361766321171
 40
153.8361766321171
 40
153.8361766321171
 40
154.260440700829
 40
154.260440700829
 40
154.260440700829
 40
155.260440700829
 40
155.260440700829
 40
155.260440700829
 40
160.646440700829
 40
160.646440700829
 40
160.646440700829
 40
161.646440700829
 40
161.646440700829
 40
161.646440700829
 40
162.646440700829
 40
162.646440700829
 40
162.646440700829
 40
172.566440700829
 40
172.566440700829
 40
172.566440700829
 40
181.076440700829
 40
181.076440700829
 40
181.076440700829
 40
190.9964407008289
 40
190.9964407008289
 40
190.9964407008289
 40
191.9964407008289
 40
191.9964407008289
 40
191.9964407008289
 40
192.9964407008289
 40
192.9964407008289
 40
192.9964407008289
 40
198.382440700829
 40
198.382440700829
 40
198.382440700829
 40
199.382440700829
 40
199.382440700829
 40
199.382440700829
 40
199.8059982529987
 40
199.8059982529987
 40
199.8059982529987
 40
200.8059982529987
 40
200.8059982529987
 40
200.8059982529987
 40
229.9679982529988
 40
229.9679982529988
 40
229.9679982529988
 40
230.9679982529988
 40
230.9679982529988
 40
230.9679982529988
 40
235.7621822294435
 40
235.7621822294435
 40
235.7621822294435
 40
236.7621822294435
 40
236.7621822294435
 40
236.7621822294435
 40
236.7621822294435
 10
283.1181013888889
 20
227.4130438888889
 30
0.0
 10
281.4551069444444
 20
227.4130438888889
 30
0.0
 10
279.7921125
 20
227.4130438888889
 30
0.0
 10
278.1291180555555
 20
227.4130438888889
 30
0.0
 10
277.8638291666666
 20
227.4130438888889
 30
0.0
 10
277.6094763888889
 20
227.3075633333333
 30
0.0
 10
277.4221513888889
 20
227.1202383333333
 30
0.0
 10
277.0236300925926
 20
226.7215994444444
 30
0.0
 10
276.6251087962963
 20
226.3229605555555
 30
0.0
 10
276.2265875
 20
225.9243216666666
 30
0.0
 10
276.0389097222222
 20
225.7369966666667
 30
0.0
 10
275.7845569444444
 20
225.6315161111111
 30
0.0
 10
275.5192680555555
 20
225.6315161111111
 30
0.0
 10
272.0876810185185
 20
225.6315161111111
 30
0.0
 10
268.6560939814814
 20
225.6315161111111
 30
0.0
 10
265.2245069444444
 20
225.6315161111111
 30
0.0
 10
264.9595708333333
 20
225.6315161111111
 30
0.0
 10
264.7052180555555
 20
225.7369966666667
 30
0.0
 10
264.5175402777778
 20
225.9243216666666
 30
0.0
 10
264.4823800925926
 20
225.9594818518518
 30
0.0
 10
264.4472199074074
 20
225.994642037037
 30
0.0
 10
264.4120597222222
 20
226.0298022222222
 30
0.0
 10
264.2243819444444
 20
226.21748
 30
0.0
 10
264.1189013888888
 20
226.4718327777778
 30
0.0
 10
264.1189013888888
 20
226.7371216666666
 30
0.0
 10
264.1189013888888
 20
227.3704753703704
 30
0.0
 10
264.1189013888888
 20
228.0038290740741
 30
0.0
 10
264.1189013888888
 20
228.6371827777778
 30
0.0
 10
264.1189013888888
 20
228.665405
 30
0.0
 10
264.9020680555556
 20
228.6865716666667
 30
0.0
 10
265.8686791666667
 20
228.6865716666667
 30
0.0
 10
266.8352902777777
 20
228.6865716666667
 30
0.0
 10
267.2833180555555
 20
228.6371827777778
 30
0.0
 10
267.6184569444444
 20
228.6371827777778
 30
0.0
 10
268.7849754629629
 20
228.6371827777778
 30
0.0
 10
269.9514939814814
 20
228.6371827777778
 30
0.0
 10
271.1180125
 20
228.6371827777778
 30
0.0
 10
271.1180125
 20
229.6378957407407
 30
0.0
 10
271.1180125
 20
230.6386087037037
 30
0.0
 10
271.1180125
 20
231.6393216666667
 30
0.0
 10
269.9514939814814
 20
231.6393216666667
 30
0.0
 10
268.7849754629629
 20
231.6393216666667
 30
0.0
 10
267.6184569444444
 20
231.6393216666667
 30
0.0
 10
267.2833180555555
 20
231.6393216666667
 30
0.0
 10
266.8352902777777
 20
231.5899327777778
 30
0.0
 10
265.8686791666667
 20
231.5899327777778
 30
0.0
 10
264.9479291666667
 20
231.5899327777778
 30
0.0
 10
264.1929847222222
 20
231.6075716666666
 30
0.0
 10
264.1224291666666
 20
231.6393216666667
 30
0.0
 10
264.1224291666666
 20
232.2726753703704
 30
0.0
 10
264.1224291666666
 20
232.906029074074
 30
0.0
 10
264.1224291666666
 20
233.5393827777777
 30
0.0
 10
264.1224291666666
 20
233.8046716666667
 30
0.0
 10
264.2279097222222
 20
234.0590244444444
 30
0.0
 10
264.4155875
 20
234.2467022222222
 30
0.0
 10
264.4507476851851
 20
234.2818624074074
 30
0.0
 10
264.4859078703703
 20
234.3170225925926
 30
0.0
 10
264.5210680555555
 20
234.3521827777778
 30
0.0
 10
264.7087458333333
 20
234.5395077777778
 30
0.0
 10
264.9630986111111
 20
234.6449883333333
 30
0.0
 10
265.2283874999999
 20
234.6449883333333
 30
0.0
 10
267.6737254629629
 20
234.6449883333333
 30
0.0
 10
270.1190634259258
 20
234.6449883333333
 30
0.0
 10
272.5644013888888
 20
234.6449883333333
 30
0.0
 10
273.3518013888889
 20
234.6449883333333
 30
0.0
 10
274.0570041666667
 20
235.1103022222222
 30
0.0
 10
274.3872041666666
 20
235.82503
 30
0.0
 10
274.9798708333333
 20
237.1091411111111
 30
0.0
 10
276.3606430555556
 20
238.3869022222222
 30
0.0
 10
277.4433180555555
 20
239.1464327777778
 30
0.0
 10
278.1206513888889
 20
239.6226827777778
 30
0.0
 10
279.0555125
 20
239.460405
 30
0.0
 10
279.5282347222222
 20
238.7795438888889
 30
0.0
 10
280.0044847222222
 20
238.1022105555555
 30
0.0
 10
279.8386791666666
 20
237.1708772222222
 30
0.0
 10
279.1648736111111
 20
236.6910994444444
 30
0.0
 10
278.5076486111111
 20
236.2289605555555
 30
0.0
 10
278.0762013888888
 20
235.4563772222222
 30
0.0
 10
278.0966625
 20
234.5853688888889
 30
0.0
 10
278.1284125
 20
233.2557494444444
 30
0.0
 10
279.2534208333333
 20
232.1490855555555
 30
0.0
 10
280.5833930555555
 20
232.1437938888889
 30
0.0
 10
281.9712208333333
 20
232.1385022222222
 30
0.0
 10
283.0948180555555
 20
233.2585716666667
 30
0.0
 10
283.0948180555555
 20
234.6449883333333
 30
0.0
 10
283.0948180555555
 20
235.491655
 30
0.0
 10
282.6785402777778
 20
236.2430716666666
 30
0.0
 10
282.0294291666666
 20
236.6910994444444
 30
0.0
 10
281.3485680555555
 20
237.1673494444444
 30
0.0
 10
281.1862902777777
 20
238.1022105555555
 30
0.0
 10
281.6590125
 20
238.7795438888889
 30
0.0
 10
282.1352625
 20
239.460405
 30
0.0
 10
283.0665958333333
 20
239.6226827777778
 30
0.0
 10
283.7474569444444
 20
239.1464327777778
 30
0.0
 10
284.8301319444444
 20
238.3869022222222
 30
0.0
 10
286.2112569444444
 20
237.1091411111111
 30
0.0
 10
286.8039236111111
 20
235.82503
 30
0.0
 10
287.1337708333333
 20
235.1103022222222
 30
0.0
 10
287.838973611111
 20
234.6449883333333
 30
0.0
 10
288.6263736111111
 20
234.6449883333333
 30
0.0
 10
291.0906439814814
 20
234.6449883333333
 30
0.0
 10
293.5549143518518
 20
234.6449883333333
 30
0.0
 10
296.0191847222222
 20
234.6449883333333
 30
0.0
 10
296.2844736111111
 20
234.6449883333333
 30
0.0
 10
296.5388263888889
 20
234.5395077777778
 30
0.0
 10
296.7261513888889
 20
234.3521827777778
 30
0.0
 10
296.7614291666666
 20
234.316905
 30
0.0
 10
296.7967069444445
 20
234.2816272222222
 30
0.0
 10
296.8319847222222
 20
234.2463494444444
 30
0.0
 10
297.0193097222222
 20
234.0590244444444
 30
0.0
 10
297.1247902777777
 20
233.8046716666667
 30
0.0
 10
297.1247902777777
 20
233.5393827777777
 30
0.0
 10
297.1247902777777
 20
232.906029074074
 30
0.0
 10
297.1247902777777
 20
232.2726753703704
 30
0.0
 10
297.1247902777777
 20
231.6393216666667
 30
0.0
 10
297.1247902777777
 20
231.6110994444444
 30
0.0
 10
296.3380958333333
 20
231.5899327777778
 30
0.0
 10
295.3714847222222
 20
231.5899327777778
 30
0.0
 10
294.4048736111111
 20
231.5899327777778
 30
0.0
 10
293.9568458333333
 20
231.6393216666667
 30
0.0
 10
293.6217069444444
 20
231.6393216666667
 30
0.0
 10
292.4551884259259
 20
231.6393216666667
 30
0.0
 10
291.2886699074074
 20
231.6393216666667
 30
0.0
 10
290.1221513888889
 20
231.6393216666667
 30
0.0
 10
290.1221513888889
 20
230.6386087037037
 30
0.0
 10
290.1221513888889
 20
229.6378957407408
 30
0.0
 10
290.1221513888889
 20
228.6371827777778
 30
0.0
 10
291.2886699074074
 20
228.6371827777778
 30
0.0
 10
292.4551884259259
 20
228.6371827777778
 30
0.0
 10
293.6217069444444
 20
228.6371827777778
 30
0.0
 10
293.9568458333333
 20
228.6371827777778
 30
0.0
 10
294.4048736111111
 20
228.6865716666667
 30
0.0
 10
295.3714847222222
 20
228.6865716666667
 30
0.0
 10
296.3380958333333
 20
228.6865716666667
 30
0.0
 10
297.1212624999999
 20
228.665405
 30
0.0
 10
297.1212624999999
 20
228.6371827777778
 30
0.0
 10
297.1212624999999
 20
228.003829074074
 30
0.0
 10
297.1212624999999
 20
227.3704753703704
 30
0.0
 10
297.1212624999999
 20
226.7371216666666
 30
0.0
 10
297.1212624999999
 20
226.4718327777778
 30
0.0
 10
297.0157819444444
 20
226.21748
 30
0.0
 10
296.8284569444444
 20
226.0298022222222
 30
0.0
 10
296.7931791666667
 20
225.994642037037
 30
0.0
 10
296.7579013888889
 20
225.9594818518518
 30
0.0
 10
296.7226236111111
 20
225.9243216666666
 30
0.0
 10
296.5349458333333
 20
225.7369966666667
 30
0.0
 10
296.2809458333333
 20
225.6315161111111
 30
0.0
 10
296.0156569444444
 20
225.6315161111111
 30
0.0
 10
292.5864217592592
 20
225.6315161111111
 30
0.0
 10
289.157186574074
 20
225.6315161111111
 30
0.0
 10
285.7279513888889
 20
225.6315161111111
 30
0.0
 10
285.4626625
 20
225.6315161111111
 30
0.0
 10
285.2086625
 20
225.7369966666667
 30
0.0
 10
285.0209847222222
 20
225.9243216666666
 30
0.0
 10
284.6223458333333
 20
226.3229605555555
 30
0.0
 10
284.2237069444444
 20
226.7215994444444
 30
0.0
 10
283.8250680555555
 20
227.1202383333333
 30
0.0
 10
283.6377430555555
 20
227.3075633333333
 30
0.0
 10
283.3833902777777
 20
227.4130438888889
 30
0.0
 10
283.1181013888889
 20
227.4130438888889
 30
0.0
  0
SPLINE
  5
D5
330
1F
100
AcDbEntity
  8
DEFAULT
 62
     1
100
AcDbSpline
210
0.0
220
0.0
230
1.0
 70
    11
 71
     3
 72
   149
 73
   145
 74
     0
 42
0.000000001
 43
0.0000000001
 40
1.0
 40
1.0
 40
1.0
 40
1.0
 40
13.23199999999997
 40
13.23199999999997
 40
13.23199999999997
 40
14.23199999999997
 40
14.23199999999997
 40
14.23199999999997
 40
20.28483404695678
 40
20.28483404695678
 40
20.28483404695678
 40
21.28483404695678
 40
21.28483404695678
 40
21.28483404695678
 40
43.43683404695683
 40
43.43683404695683
 40
43.43683404695683
 40
44.43683404695683
 40
44.43683404695683
 40
44.43683404695683
 40
44.86109811566877
 40
44.86109811566877
 40
44.86109811566877
 40
45.86109811566877
 40
45.86109811566877
 40
45.86109811566877
 40
54.0520981156688
 40
54.0520981156688
 40
54.0520981156688
 40
55.0520981156688
 40
55.0520981156688
 40
55.0520981156688
 40
56.0520981156688
 40
56.0520981156688
 40
56.0520981156688
 40
65.97209811566876
 40
65.97209811566876
 40
65.97209811566876
 40
74.48209811566875
 40
74.48209811566875
 40
74.48209811566875
 40
84.40209811566871
 40
84.40209811566871
 40
84.40209811566871
 40
85.40209811566871
 40
85.40209811566871
 40
85.40209811566871
 40
86.40209811566871
 40
86.40209811566871
 40
86.40209811566871
 40
93.60309811566873
 40
93.60309811566873
 40
93.60309811566873
 40
94.60309811566873
 40
94.60309811566873
 40
94.60309811566873
 40
103.080602760315
 40
103.080602760315
 40
103.080602760315
 40
104.080602760315
 40
104.080602760315
 40
104.080602760315
 40
113.2226027603149
 40
113.2226027603149
 40
113.2226027603149
 40
114.2226027603149
 40
114.2226027603149
 40
114.2226027603149
 40
124.6948541896877
 40
124.6948541896877
 40
124.6948541896877
 40
125.6948541896877
 40
125.6948541896877
 40
125.6948541896877
 40
142.3068541896878
 40
142.3068541896878
 40
142.3068541896878
 40
143.3068541896878
 40
143.3068541896878
 40
143.3068541896878
 40
153.7783985361535
 40
153.7783985361535
 40
153.7783985361535
 40
154.7783985361535
 40
154.7783985361535
 40
154.7783985361535
 40
163.9193985361536
 40
163.9193985361536
 40
163.9193985361536
 40
164.9193985361536
 40
164.9193985361536
 40
164.9193985361536
 40
173.3961965165233
 40
173.3961965165233
 40
173.3961965165233
 40
174.3961965165233
 40
174.3961965165233
 40
174.3961965165233
 40
181.5971965165233
 40
181.5971965165233
 40
181.5971965165233
 40
182.5971965165233
 40
182.5971965165233
 40
182.5971965165233
 40
183.5971965165233
 40
183.5971965165233
 40
183.5971965165233
 40
193.5171965165233
 40
193.5171965165233
 40
193.5171965165233
 40
202.0271965165232
 40
202.0271965165232
 40
202.0271965165232
 40
211.9471965165232
 40
211.9471965165232
 40
211.9471965165232
 40
212.9471965165232
 40
212.9471965165232
 40
212.9471965165232
 40
213.9471965165232
 40
213.9471965165232
 40
213.9471965165232
 40
222.1381965165232
 40
222.1381965165232
 40
222.1381965165232
 40
223.1381965165232
 40
223.1381965165232
 40
223.1381965165232
 40
223.561754068693
 40
223.561754068693
 40
223.561754068693
 40
224.561754068693
 40
224.561754068693
 40
224.561754068693
 40
246.712754068693
 40
246.712754068693
 40
246.712754068693
 40
247.712754068693
 40
247.712754068693
 40
247.712754068693
 40
253.7655881156498
 40
253.7655881156498
 40
253.7655881156498
 40
254.7655881156498
 40
254.7655881156498
 40
254.7655881156498
 40
254.7655881156498
 10
229.8252677777778
 20
238.5024016666666
 30
0.0
 10
231.2636603703703
 20
238.5024016666666
 30
0.0
 10
232.7020529629629
 20
238.5024016666666
 30
0.0
 10
234.1404455555555
 20
238.5024016666666
 30
0.0
 10
234.4053816666666
 20
238.5024016666666
 30
0.0
 10
234.6597344444444
 20
238.6078822222222
 30
0.0
 10
234.8474122222222
 20
238.7952072222222
 30
0.0
 10
235.3507085185185
 20
239.2985035185185
 30
0.0
 10
235.8540048148148
 20
239.8017998148148
 30
0.0
 10
236.3573011111111
 20
240.3050961111111
 30
0.0
 10
236.5446261111111
 20
240.4924211111111
 30
0.0
 10
236.7989788888889
 20
240.5979016666667
 30
0.0
 10
237.0642677777778
 20
240.5979016666667
 30
0.0
 10
239.6691788888889
 20
240.5979016666667
 30
0.0
 10
242.27409
 20
240.5979016666667
 30
0.0
 10
244.8790011111111
 20
240.5979016666667
 30
0.0
 10
245.1439372222222
 20
240.5979016666667
 30
0.0
 10
245.39829
 20
240.4924211111111
 30
0.0
 10
245.5859677777778
 20
240.3050961111111
 30
0.0
 10
245.6212455555556
 20
240.2698183333333
 30
0.0
 10
245.6565233333333
 20
240.2345405555555
 30
0.0
 10
245.6918011111111
 20
240.1992627777777
 30
0.0
 10
245.8791261111111
 20
240.0119377777777
 30
0.0
 10
245.9846066666667
 20
239.757585
 30
0.0
 10
245.9846066666667
 20
239.4922961111111
 30
0.0
 10
245.9846066666667
 20
238.5290951851852
 30
0.0
 10
245.9846066666667
 20
237.5658942592593
 30
0.0
 10
245.9846066666667
 20
236.6026933333333
 30
0.0
 10
245.9846066666667
 20
236.5744711111111
 30
0.0
 10
245.20144
 20
236.5533044444444
 30
0.0
 10
244.2348288888889
 20
236.5533044444444
 30
0.0
 10
243.2682177777777
 20
236.5533044444444
 30
0.0
 10
242.82019
 20
236.6026933333333
 30
0.0
 10
242.4850511111111
 20
236.6026933333333
 30
0.0
 10
241.3185325925926
 20
236.6026933333333
 30
0.0
 10
240.1520140740741
 20
236.6026933333333
 30
0.0
 10
238.9854955555555
 20
236.6026933333333
 30
0.0
 10
238.9854955555555
 20
235.6019803703703
 30
0.0
 10
238.9854955555555
 20
234.6012674074074
 30
0.0
 10
238.9854955555555
 20
233.6005544444444
 30
0.0
 10
240.152014074074
 20
233.6005544444444
 30
0.0
 10
241.3185325925926
 20
233.6005544444444
 30
0.0
 10
242.4850511111111
 20
233.6005544444444
 30
0.0
 10
242.82019
 20
233.6005544444444
 30
0.0
 10
243.2682177777777
 20
233.6499433333333
 30
0.0
 10
244.2348288888889
 20
233.6499433333333
 30
0.0
 10
245.20144
 20
233.6499433333333
 30
0.0
 10
245.9846066666667
 20
233.6287766666666
 30
0.0
 10
245.9846066666667
 20
233.6005544444444
 30
0.0
 10
245.9846066666667
 20
232.7537701851851
 30
0.0
 10
245.9846066666667
 20
231.9069859259259
 30
0.0
 10
245.9846066666667
 20
231.0602016666666
 30
0.0
 10
245.9846066666667
 20
230.7949127777778
 30
0.0
 10
245.8794788888889
 20
230.5409127777777
 30
0.0
 10
245.6921538888889
 20
230.353235
 30
0.0
 10
244.9876566666667
 20
229.6479146296296
 30
0.0
 10
244.2831594444444
 20
228.9425942592592
 30
0.0
 10
243.5786622222222
 20
228.2372738888889
 30
0.0
 10
243.3909844444444
 20
228.0495961111111
 30
0.0
 10
243.1366316666666
 20
227.9437627777778
 30
0.0
 10
242.8713427777778
 20
227.9437627777778
 30
0.0
 10
241.7963112962963
 20
227.9437627777778
 30
0.0
 10
240.7212798148148
 20
227.9437627777778
 30
0.0
 10
239.6462483333333
 20
227.9437627777778
 30
0.0
 10
239.1160233333333
 20
227.9437627777778
 30
0.0
 10
238.6073177777778
 20
227.7331544444444
 30
0.0
 10
238.232315
 20
227.3581516666666
 30
0.0
 10
237.3615418518519
 20
226.4873785185185
 30
0.0
 10
236.4907687037037
 20
225.6166053703704
 30
0.0
 10
235.6199955555556
 20
224.7458322222222
 30
0.0
 10
235.4326705555555
 20
224.5585072222222
 30
0.0
 10
235.1783177777777
 20
224.4530266666666
 30
0.0
 10
234.9130288888889
 20
224.4530266666666
 30
0.0
 10
232.9595807407407
 20
224.4530266666667
 30
0.0
 10
231.0061325925925
 20
224.4530266666667
 30
0.0
 10
229.0526844444444
 20
224.4530266666666
 30
0.0
 10
228.7873955555555
 20
224.4530266666666
 30
0.0
 10
228.5330427777778
 20
224.5585072222222
 30
0.0
 10
228.345365
 20
224.7458322222222
 30
0.0
 10
227.4747094444444
 20
225.6166053703704
 30
0.0
 10
226.6040538888888
 20
226.4873785185185
 30
0.0
 10
225.7333983333333
 20
227.3581516666666
 30
0.0
 10
225.3583955555555
 20
227.7331544444444
 30
0.0
 10
224.84969
 20
227.9437627777778
 30
0.0
 10
224.3191122222222
 20
227.9437627777778
 30
0.0
 10
223.2441983333333
 20
227.9437627777778
 30
0.0
 10
222.1692844444444
 20
227.9437627777778
 30
0.0
 10
221.0943705555555
 20
227.9437627777778
 30
0.0
 10
220.8287288888889
 20
227.9437627777778
 30
0.0
 10
220.5743761111111
 20
228.0495961111111
 30
0.0
 10
220.3866983333333
 20
228.2372738888889
 30
0.0
 10
219.6823187037037
 20
228.9425942592592
 30
0.0
 10
218.977939074074
 20
229.6479146296296
 30
0.0
 10
218.2735594444444
 20
230.353235
 30
0.0
 10
218.0862344444444
 20
230.5409127777777
 30
0.0
 10
217.9811066666667
 20
230.7949127777778
 30
0.0
 10
217.9811066666667
 20
231.0602016666666
 30
0.0
 10
217.9811066666667
 20
231.9069859259259
 30
0.0
 10
217.9811066666667
 20
232.7537701851851
 30
0.0
 10
217.9811066666667
 20
233.6005544444444
 30
0.0
 10
217.9811066666667
 20
233.6287766666666
 30
0.0
 10
218.7642733333333
 20
233.6499433333333
 30
0.0
 10
219.7308844444444
 20
233.6499433333333
 30
0.0
 10
220.6974955555555
 20
233.6499433333333
 30
0.0
 10
221.1455233333333
 20
233.6005544444444
 30
0.0
 10
221.4806622222222
 20
233.6005544444444
 30
0.0
 10
222.6471807407407
 20
233.6005544444444
 30
0.0
 10
223.8136992592592
 20
233.6005544444444
 30
0.0
 10
224.9802177777777
 20
233.6005544444444
 30
0.0
 10
224.9802177777777
 20
234.6012674074074
 30
0.0
 10
224.9802177777777
 20
235.6019803703703
 30
0.0
 10
224.9802177777777
 20
236.6026933333333
 30
0.0
 10
223.8136992592592
 20
236.6026933333333
 30
0.0
 10
222.6471807407407
 20
236.6026933333333
 30
0.0
 10
221.4806622222222
 20
236.6026933333333
 30
0.0
 10
221.1455233333333
 20
236.6026933333333
 30
0.0
 10
220.6974955555555
 20
236.5533044444444
 30
0.0
 10
219.7308844444444
 20
236.5533044444444
 30
0.0
 10
218.7642733333333
 20
236.5533044444444
 30
0.0
 10
217.9811066666667
 20
236.5744711111111
 30
0.0
 10
217.9811066666667
 20
236.6026933333333
 30
0.0
 10
217.9811066666667
 20
237.5658942592593
 30
0.0
 10
217.9811066666667
 20
238.5290951851852
 30
0.0
 10
217.9811066666667
 20
239.4922961111111
 30
0.0
 10
217.9811066666667
 20
239.757585
 30
0.0
 10
218.0862344444444
 20
240.0119377777777
 30
0.0
 10
218.2739122222222
 20
240.1992627777777
 30
0.0
 10
218.3090724074074
 20
240.2345405555555
 30
0.0
 10
218.3442325925926
 20
240.2698183333333
 30
0.0
 10
218.3793927777778
 20
240.3050961111111
 30
0.0
 10
218.5670705555555
 20
240.4924211111111
 30
0.0
 10
218.8214233333333
 20
240.5979016666667
 30
0.0
 10
219.0867122222222
 20
240.5979016666667
 30
0.0
 10
221.6915057407407
 20
240.5979016666667
 30
0.0
 10
224.2962992592593
 20
240.5979016666667
 30
0.0
 10
226.9010927777778
 20
240.5979016666667
 30
0.0
 10
227.1663816666666
 20
240.5979016666667
 30
0.0
 10
227.4207344444444
 20
240.4924211111111
 30
0.0
 10
227.6084122222222
 20
240.3050961111111
 30
0.0
 10
228.1117085185185
 20
239.8017998148148
 30
0.0
 10
228.6150048148148
 20
239.2985035185185
 30
0.0
 10
229.1183011111111
 20
238.7952072222222
 30
0.0
 10
229.3056261111111
 20
238.6078822222222
 30
0.0
 10
229.5599788888889
 20
238.5024016666666
 30
0.0
 10
229.8252677777778
 20
238.5024016666666
 30
0.0
  0
SPLINE
  5
D6
330
1F
100
AcDbEntity
  8
DEFAULT
 62
     1
100
AcDbSpline
210
0.0
220
0.0
230
1.0
 70
    11
 71
     3
 72
   233
 73
   229
 74
     0
 42
0.000000001
 43
0.0000000001
 40
1.0
 40
1.0
 40
1.0
 40
1.0
 40
5.495999999999981
 40
5.495999999999981
 40
5.495999999999981
 40
6.495999999999981
 40
6.495999999999981
 40
6.495999999999981
 40
9.819401871576705
 40
9.819401871576705
 40
9.819401871576705
 40
10.81940187157671
 40
10.81940187157671
 40
10.81940187157671
 40
31.65340187157677
 40
31.65340187157677
 40
31.65340187157677
 40
32.65340187157676
 40
32.65340187157676
 40
32.65340187157676
 40
56.01479570841793
 40
56.01479570841793
 40
56.01479570841793
 40
57.01479570841793
 40
57.01479570841793
 40
57.01479570841793
 40
80.65679570841797
 40
80.65679570841797
 40
80.65679570841797
 40
81.65679570841797
 40
81.65679570841797
 40
81.65679570841797
 40
84.9801975799947
 40
84.9801975799947
 40
84.9801975799947
 40
85.9801975799947
 40
85.9801975799947
 40
85.9801975799947
 40
90.47619757999468
 40
90.47619757999468
 40
90.47619757999468
 40
91.47619757999468
 40
91.47619757999468
 40
91.47619757999468
 40
92.47619757999468
 40
92.47619757999468
 40
92.47619757999468
 40
102.3961975799947
 40
102.3961975799947
 40
102.3961975799947
 40
110.9161975799947
 40
110.9161975799947
 40
110.9161975799947
 40
120.8361975799948
 40
120.8361975799948
 40
120.8361975799948
 40
121.8361975799948
 40
121.8361975799948
 40
121.8361975799948
 40
122.8361975799948
 40
122.8361975799948
 40
122.8361975799948
 40
127.3321975799949
 40
127.3321975799949
 40
127.3321975799949
 40
128.3321975799949
 40
128.3321975799949
 40
128.3321975799949
 40
135.6719659687112
 40
135.6719659687112
 40
135.6719659687112
 40
136.6719659687112
 40
136.6719659687112
 40
136.6719659687112
 40
141.8729659687113
 40
141.8729659687113
 40
141.8729659687113
 40
142.8729659687113
 40
142.8729659687113
 40
142.8729659687113
 40
150.202129427115
 40
150.202129427115
 40
150.202129427115
 40
151.202129427115
 40
151.202129427115
 40
151.202129427115
 40
155.697129427115
 40
155.697129427115
 40
155.697129427115
 40
156.697129427115
 40
156.697129427115
 40
156.697129427115
 40
157.697129427115
 40
157.697129427115
 40
157.697129427115
 40
167.6171294271151
 40
167.6171294271151
 40
167.6171294271151
 40
176.1271294271151
 40
176.1271294271151
 40
176.1271294271151
 40
186.0471294271151
 40
186.0471294271151
 40
186.0471294271151
 40
187.0471294271151
 40
187.0471294271151
 40
187.0471294271151
 40
188.0471294271151
 40
188.0471294271151
 40
188.0471294271151
 40
192.5431294271151
 40
192.5431294271151
 40
192.5431294271151
 40
193.5431294271151
 40
193.5431294271151
 40
193.5431294271151
 40
196.8665312986918
 40
196.8665312986918
 40
196.8665312986918
 40
197.8665312986918
 40
197.8665312986918
 40
197.8665312986918
 40
240.6105312986919
 40
240.6105312986919
 40
240.6105312986919
 40
241.6105312986919
 40
241.6105312986919
 40
241.6105312986919
 40
244.3180454722466
 40
244.3180454722466
 40
244.3180454722466
 40
245.3180454722466
 40
245.3180454722466
 40
245.3180454722466
 40
261.1380454722465
 40
261.1380454722465
 40
261.1380454722465
 40
262.1380454722465
 40
262.1380454722465
 40
262.1380454722465
 40
265.4614473438234
 40
265.4614473438234
 40
265.4614473438234
 40
266.4614473438234
 40
266.4614473438234
 40
266.4614473438234
 40
270.9474473438233
 40
270.9474473438233
 40
270.9474473438233
 40
271.9474473438233
 40
271.9474473438233
 40
271.9474473438233
 40
272.9474473438233
 40
272.9474473438233
 40
272.9474473438233
 40
282.8574523892307
 40
282.8574523892307
 40
282.8574523892307
 40
291.3674523892307
 40
291.3674523892307
 40
291.3674523892307
 40
301.2774574346381
 40
301.2774574346381
 40
301.2774574346381
 40
302.2774574346381
 40
302.2774574346381
 40
302.2774574346381
 40
303.2774574346381
 40
303.2774574346381
 40
303.2774574346381
 40
306.6034574346381
 40
306.6034574346381
 40
306.6034574346381
 40
307.6034574346381
 40
307.6034574346381
 40
307.6034574346381
 40
310.926859306215
 40
310.926859306215
 40
310.926859306215
 40
311.926859306215
 40
311.926859306215
 40
311.926859306215
 40
342.888859306215
 40
342.888859306215
 40
342.888859306215
 40
343.888859306215
 40
343.888859306215
 40
343.888859306215
 40
347.2122611777917
 40
347.2122611777917
 40
347.2122611777917
 40
348.2122611777917
 40
348.2122611777917
 40
348.2122611777917
 40
351.5342611777917
 40
351.5342611777917
 40
351.5342611777917
 40
352.5342611777917
 40
352.5342611777917
 40
352.5342611777917
 40
355.8576630493685
 40
355.8576630493685
 40
355.8576630493685
 40
356.8576630493685
 40
356.8576630493685
 40
356.8576630493685
 40
361.3636630493685
 40
361.3636630493685
 40
361.3636630493685
 40
362.3636630493685
 40
362.3636630493685
 40
362.3636630493685
 40
363.3636630493685
 40
363.3636630493685
 40
363.3636630493685
 40
373.2836630493686
 40
373.2836630493686
 40
373.2836630493686
 40
381.7936630493685
 40
381.7936630493685
 40
381.7936630493685
 40
391.7136630493686
 40
391.7136630493686
 40
391.7136630493686
 40
392.7136630493686
 40
392.7136630493686
 40
392.7136630493686
 40
393.7136630493686
 40
393.7136630493686
 40
393.7136630493686
 40
393.7136630493686
 10
266.6201311111111
 20
285.5246102777778
 30
0.0
 10
266.6201311111111
 20
286.053306574074
 30
0.0
 10
266.6201311111111
 20
286.5820028703703
 30
0.0
 10
266.6201311111111
 20
287.1106991666666
 30
0.0
 10
266.6201311111111
 20
287.3759880555555
 30
0.0
 10
266.7256116666666
 20
287.6303408333333
 30
0.0
 10
266.9129366666667
 20
287.8176658333333
 30
0.0
 10
267.1892792592592
 20
288.0940084259259
 30
0.0
 10
267.4656218518518
 20
288.3703510185185
 30
0.0
 10
267.7419644444444
 20
288.6466936111111
 30
0.0
 10
267.9292894444444
 20
288.834018611111
 30
0.0
 10
268.1836422222222
 20
288.9394991666666
 30
0.0
 10
268.4489311111111
 20
288.9394991666666
 30
0.0
 10
270.8988551851851
 20
288.9394991666666
 30
0.0
 10
273.3487792592593
 20
288.9394991666666
 30
0.0
 10
275.7987033333333
 20
288.9394991666666
 30
0.0
 10
276.5942172222222
 20
288.9394991666666
 30
0.0
 10
277.3572755555555
 20
289.2555880555555
 30
0.0
 10
277.919956111111
 20
289.8182686111111
 30
0.0
 10
279.8624681481481
 20
291.7607806481481
 30
0.0
 10
281.8049801851851
 20
293.7032926851851
 30
0.0
 10
283.7474922222221
 20
295.6458047222222
 30
0.0
 10
283.9348172222222
 20
295.8331297222222
 30
0.0
 10
284.18917
 20
295.9386102777777
 30
0.0
 10
284.4544588888888
 20
295.9386102777777
 30
0.0
 10
287.234582962963
 20
295.9386102777777
 30
0.0
 10
290.014707037037
 20
295.9386102777777
 30
0.0
 10
292.7948311111111
 20
295.9386102777777
 30
0.0
 10
293.06012
 20
295.9386102777777
 30
0.0
 10
293.3144727777777
 20
295.8331297222222
 30
0.0
 10
293.5017977777778
 20
295.6458047222222
 30
0.0
 10
293.7781403703703
 20
295.3694621296297
 30
0.0
 10
294.0544829629629
 20
295.093119537037
 30
0.0
 10
294.3308255555555
 20
294.8167769444444
 30
0.0
 10
294.5181505555555
 20
294.6294519444444
 30
0.0
 10
294.6236311111111
 20
294.3750991666666
 30
0.0
 10
294.6236311111111
 20
294.1098102777777
 30
0.0
 10
294.6236311111111
 20
293.5811139814815
 30
0.0
 10
294.6236311111111
 20
293.0524176851852
 30
0.0
 10
294.6236311111111
 20
292.5237213888889
 30
0.0
 10
294.6236311111111
 20
292.4954991666666
 30
0.0
 10
293.8404644444444
 20
292.4743325
 30
0.0
 10
292.8738533333333
 20
292.4743325
 30
0.0
 10
291.9072422222222
 20
292.4743325
 30
0.0
 10
291.4592144444444
 20
292.5237213888889
 30
0.0
 10
291.1240755555555
 20
292.5237213888889
 30
0.0
 10
289.957557037037
 20
292.5237213888889
 30
0.0
 10
288.7910385185185
 20
292.5237213888889
 30
0.0
 10
287.62452
 20
292.5237213888889
 30
0.0
 10
287.62452
 20
291.5218325
 30
0.0
 10
287.62452
 20
290.5199436111111
 30
0.0
 10
287.62452
 20
289.5180547222222
 30
0.0
 10
288.7910385185185
 20
289.5180547222222
 30
0.0
 10
289.957557037037
 20
289.5180547222222
 30
0.0
 10
291.1240755555555
 20
289.5180547222222
 30
0.0
 10
291.4592144444444
 20
289.5180547222222
 30
0.0
 10
291.9072422222222
 20
289.5709713888888
 30
0.0
 10
292.8738533333333
 20
289.5709713888888
 30
0.0
 10
293.8404644444444
 20
289.5709713888888
 30
0.0
 10
294.6236311111111
 20
289.5498047222222
 30
0.0
 10
294.6236311111111
 20
289.5180547222222
 30
0.0
 10
294.6236311111111
 20
288.9893584259259
 30
0.0
 10
294.6236311111111
 20
288.4606621296296
 30
0.0
 10
294.6236311111111
 20
287.9319658333333
 30
0.0
 10
294.6236311111111
 20
287.6666769444444
 30
0.0
 10
294.5181505555555
 20
287.4123241666666
 30
0.0
 10
294.3308255555555
 20
287.2249991666666
 30
0.0
 10
293.72052
 20
286.6146936111111
 30
0.0
 10
293.1102144444444
 20
286.0043880555556
 30
0.0
 10
292.4999088888889
 20
285.3940825
 30
0.0
 10
292.3125838888889
 20
285.2067575
 30
0.0
 10
292.2071033333333
 20
284.9524047222222
 30
0.0
 10
292.2071033333333
 20
284.6871158333333
 30
0.0
 10
292.2071033333333
 20
284.0755167592592
 30
0.0
 10
292.2071033333333
 20
283.4639176851852
 30
0.0
 10
292.2071033333333
 20
282.8523186111111
 30
0.0
 10
292.2071033333333
 20
282.5870297222222
 30
0.0
 10
292.3125838888889
 20
282.3323241666666
 30
0.0
 10
292.5006144444444
 20
282.1446463888889
 30
0.0
 10
293.1104496296296
 20
281.5356343518519
 30
0.0
 10
293.7202848148148
 20
280.9266223148148
 30
0.0
 10
294.33012
 20
280.3176102777778
 30
0.0
 10
294.5181505555555
 20
280.1302852777777
 30
0.0
 10
294.6236311111111
 20
279.8755797222222
 30
0.0
 10
294.6236311111111
 20
279.6102908333333
 30
0.0
 10
294.6236311111111
 20
279.0817121296296
 30
0.0
 10
294.6236311111111
 20
278.5531334259259
 30
0.0
 10
294.6236311111111
 20
278.0245547222222
 30
0.0
 10
294.6236311111111
 20
277.9963324999999
 30
0.0
 10
293.8404644444444
 20
277.9716380555555
 30
0.0
 10
292.8738533333333
 20
277.9716380555555
 30
0.0
 10
291.9072422222222
 20
277.9716380555555
 30
0.0
 10
291.4592144444444
 20
278.0245547222222
 30
0.0
 10
291.1240755555555
 20
278.0245547222222
 30
0.0
 10
289.957557037037
 20
278.0245547222222
 30
0.0
 10
288.7910385185185
 20
278.0245547222222
 30
0.0
 10
287.62452
 20
278.0245547222222
 30
0.0
 10
287.62452
 20
277.0238417592593
 30
0.0
 10
287.62452
 20
276.0231287962963
 30
0.0
 10
287.62452
 20
275.0224158333333
 30
0.0
 10
288.7910385185185
 20
275.0224158333333
 30
0.0
 10
289.957557037037
 20
275.0224158333333
 30
0.0
 10
291.1240755555555
 20
275.0224158333333
 30
0.0
 10
291.4592144444444
 20
275.0224158333333
 30
0.0
 10
291.9072422222222
 20
275.0682769444444
 30
0.0
 10
292.8738533333333
 20
275.0682769444444
 30
0.0
 10
293.8404644444444
 20
275.0682769444444
 30
0.0
 10
294.6236311111111
 20
275.0471102777777
 30
0.0
 10
294.6236311111111
 20
275.0224158333333
 30
0.0
 10
294.6236311111111
 20
274.493719537037
 30
0.0
 10
294.6236311111111
 20
273.9650232407407
 30
0.0
 10
294.6236311111111
 20
273.4363269444444
 30
0.0
 10
294.6236311111111
 20
273.1710380555555
 30
0.0
 10
294.5181505555555
 20
272.9166852777777
 30
0.0
 10
294.3308255555555
 20
272.7293602777777
 30
0.0
 10
294.0544829629629
 20
272.4530176851852
 30
0.0
 10
293.7781403703703
 20
272.1766750925926
 30
0.0
 10
293.5017977777778
 20
271.9003324999999
 30
0.0
 10
293.3144727777777
 20
271.7130075
 30
0.0
 10
293.06012
 20
271.6075269444444
 30
0.0
 10
292.7948311111111
 20
271.6075269444444
 30
0.0
 10
287.7684533333333
 20
271.6075269444444
 30
0.0
 10
282.7420755555555
 20
271.6075269444444
 30
0.0
 10
277.7156977777777
 20
271.6075269444444
 30
0.0
 10
277.4507616666667
 20
271.6075269444444
 30
0.0
 10
277.1971144444444
 20
271.5023991666666
 30
0.0
 10
277.0094366666667
 20
271.3157797222221
 30
0.0
 10
276.7840116666666
 20
271.0909426851851
 30
0.0
 10
276.5585866666666
 20
270.8661056481481
 30
0.0
 10
276.3331616666666
 20
270.6412686111111
 30
0.0
 10
276.1451311111111
 20
270.4535908333333
 30
0.0
 10
276.0392977777778
 20
270.1988852777777
 30
0.0
 10
276.0392977777778
 20
269.933243611111
 30
0.0
 10
276.0392977777778
 20
268.0729287962963
 30
0.0
 10
276.0392977777778
 20
266.2126139814814
 30
0.0
 10
276.0392977777778
 20
264.3522991666666
 30
0.0
 10
276.0392977777778
 20
264.0870102777777
 30
0.0
 10
275.9338172222222
 20
263.8326574999999
 30
0.0
 10
275.7464922222222
 20
263.6453325
 30
0.0
 10
275.4701496296296
 20
263.3689899074074
 30
0.0
 10
275.1938070370369
 20
263.0926473148148
 30
0.0
 10
274.9174644444444
 20
262.8163047222222
 30
0.0
 10
274.7301394444444
 20
262.6289797222222
 30
0.0
 10
274.4757866666666
 20
262.5234991666666
 30
0.0
 10
274.2104977777777
 20
262.5234991666666
 30
0.0
 10
273.6829774074073
 20
262.5234991666666
 30
0.0
 10
273.155457037037
 20
262.5234991666666
 30
0.0
 10
272.6279366666666
 20
262.5234991666666
 30
0.0
 10
272.5997144444444
 20
262.5234991666666
 30
0.0
 10
272.5785477777778
 20
263.3066658333333
 30
0.0
 10
272.5785477777778
 20
264.2732769444444
 30
0.0
 10
272.5785477777778
 20
265.2398880555555
 30
0.0
 10
272.6279366666666
 20
265.6879158333333
 30
0.0
 10
272.6279366666666
 20
266.0230547222222
 30
0.0
 10
272.6267607407407
 20
267.1883973148148
 30
0.0
 10
272.6255848148148
 20
268.3537399074074
 30
0.0
 10
272.6244088888889
 20
269.5190825
 30
0.0
 10
271.6236959259259
 20
269.5190825
 30
0.0
 10
270.6229829629629
 20
269.5190825
 30
0.0
 10
269.62227
 20
269.5190825
 30
0.0
 10
269.6234459259259
 20
268.3537399074074
 30
0.0
 10
269.6246218518518
 20
267.1883973148148
 30
0.0
 10
269.6257977777777
 20
266.0230547222222
 30
0.0
 10
269.6257977777777
 20
265.6879158333333
 30
0.0
 10
269.6751866666666
 20
265.2398880555555
 30
0.0
 10
269.6751866666666
 20
264.2732769444444
 30
0.0
 10
269.6751866666666
 20
263.3066658333333
 30
0.0
 10
269.65402
 20
262.5234991666666
 30
0.0
 10
269.6257977777777
 20
262.5234991666666
 30
0.0
 10
269.2346848148148
 20
262.5234991666666
 30
0.0
 10
268.8435718518518
 20
262.5234991666666
 30
0.0
 10
268.4524588888888
 20
262.5234991666666
 30
0.0
 10
268.18717
 20
262.5234991666666
 30
0.0
 10
267.9328172222222
 20
262.6289797222222
 30
0.0
 10
267.7454922222222
 20
262.8163047222222
 30
0.0
 10
267.4691496296296
 20
263.0926473148148
 30
0.0
 10
267.192807037037
 20
263.3689899074074
 30
0.0
 10
266.9164644444444
 20
263.6453325
 30
0.0
 10
266.7291394444444
 20
263.8326574999999
 30
0.0
 10
266.6236588888889
 20
264.0870102777777
 30
0.0
 10
266.6236588888889
 20
264.3522991666666
 30
0.0
 10
266.6236588888889
 20
267.9932010185185
 30
0.0
 10
266.6236588888889
 20
271.6341028703703
 30
0.0
 10
266.6236588888889
 20
275.2750047222222
 30
0.0
 10
266.6236588888889
 20
275.5402936111111
 30
0.0
 10
266.7291394444444
 20
275.7946463888889
 30
0.0
 10
266.9164644444444
 20
275.9819713888889
 30
0.0
 10
267.192807037037
 20
276.2583139814815
 30
0.0
 10
267.4691496296296
 20
276.5346565740741
 30
0.0
 10
267.7454922222222
 20
276.8109991666666
 30
0.0
 10
267.9328172222222
 20
276.9983241666666
 30
0.0
 10
268.0382977777778
 20
277.2526769444444
 30
0.0
 10
268.0382977777778
 20
277.5179658333333
 30
0.0
 10
268.0382977777778
 20
277.9086084259259
 30
0.0
 10
268.0382977777778
 20
278.2992510185184
 30
0.0
 10
268.0382977777778
 20
278.6898936111111
 30
0.0
 10
268.0382977777778
 20
278.9551825
 30
0.0
 10
267.9328172222222
 20
279.2095352777778
 30
0.0
 10
267.7454922222222
 20
279.3968602777778
 30
0.0
 10
267.4691496296296
 20
279.6732028703703
 30
0.0
 10
267.192807037037
 20
279.9495454629629
 30
0.0
 10
266.9164644444444
 20
280.2258880555555
 30
0.0
 10
266.7291394444444
 20
280.4132130555555
 30
0.0
 10
266.6236588888889
 20
280.6675658333333
 30
0.0
 10
266.6236588888889
 20
280.9328547222222
 30
0.0
 10
266.6236588888889
 20
281.4627269444445
 30
0.0
 10
266.6236588888889
 20
281.9925991666667
 30
0.0
 10
266.6236588888889
 20
282.5224713888888
 30
0.0
 10
266.6236588888889
 20
282.5506936111111
 30
0.0
 10
267.4068255555555
 20
282.5718602777777
 30
0.0
 10
268.3734366666666
 20
282.5718602777777
 30
0.0
 10
269.3400477777778
 20
282.5718602777777
 30
0.0
 10
269.7880755555555
 20
282.5224713888888
 30
0.0
 10
270.1232144444444
 20
282.5224713888888
 30
0.0
 10
271.2897329629629
 20
282.5224713888888
 30
0.0
 10
272.4562514814815
 20
282.5224713888888
 30
0.0
 10
273.62277
 20
282.5224713888888
 30
0.0
 10
273.62277
 20
283.5231843518518
 30
0.0
 10
273.62277
 20
284.5238973148148
 30
0.0
 10
273.62277
 20
285.5246102777778
 30
0.0
 10
272.4562514814815
 20
285.5246102777778
 30
0.0
 10
271.2897329629629
 20
285.5246102777778
 30
0.0
 10
270.1232144444444
 20
285.5246102777778
 30
0.0
 10
269.7880755555555
 20
285.5246102777778
 30
0.0
 10
269.3400477777778
 20
285.4752213888889
 30
0.0
 10
268.3734366666666
 20
285.4752213888889
 30
0.0
 10
267.4068255555555
 20
285.4752213888889
 30
0.0
 10
266.6201311111111
 20
285.4963880555555
 30
0.0
 10
266.6201311111111
 20
285.5246102777778
 30
0.0
  0
SPLINE
  5
D7
330
1F
100
AcDbEntity
  8
DEFAULT
 62
     1
100
AcDbSpline
210
0.0
220
0.0
230
1.0
 70
    11
 71
     3
 72
   209
 73
   205
 74
     0
 42
0.000000001
 43
0.0000000001
 40
9.919999999999959
 40
9.919999999999959
 40
9.919999999999959
 40
9.919999999999959
 40
18.42999999999995
 40
18.42999999999995
 40
18.42999999999995
 40
28.34999999999991
 40
28.34999999999991
 40
28.34999999999991
 40
29.34999999999991
 40
29.34999999999991
 40
29.34999999999991
 40
30.34999999999991
 40
30.34999999999991
 40
30.34999999999991
 40
34.8359999999999
 40
34.8359999999999
 40
34.8359999999999
 40
35.8359999999999
 40
35.8359999999999
 40
35.8359999999999
 40
39.1594018715767
 40
39.1594018715767
 40
39.1594018715767
 40
40.1594018715767
 40
40.1594018715767
 40
40.1594018715767
 40
74.25240187157667
 40
74.25240187157667
 40
74.25240187157667
 40
75.25240187157667
 40
75.25240187157667
 40
75.25240187157667
 40
84.25316545029592
 40
84.25316545029592
 40
84.25316545029592
 40
85.25316545029592
 40
85.25316545029592
 40
85.25316545029592
 40
88.57416545029595
 40
88.57416545029595
 40
88.57416545029595
 40
89.57416545029595
 40
89.57416545029595
 40
89.57416545029595
 40
103.8662083413594
 40
103.8662083413594
 40
103.8662083413594
 40
104.8662083413594
 40
104.8662083413594
 40
104.8662083413594
 40
138.9822083413594
 40
138.9822083413594
 40
138.9822083413594
 40
139.9822083413594
 40
139.9822083413594
 40
139.9822083413594
 40
143.2971276465613
 40
143.2971276465613
 40
143.2971276465613
 40
144.2971276465613
 40
144.2971276465613
 40
144.2971276465613
 40
148.7951276465612
 40
148.7951276465612
 40
148.7951276465612
 40
149.7951276465612
 40
149.7951276465612
 40
149.7951276465612
 40
150.7951276465612
 40
150.7951276465612
 40
150.7951276465612
 40
160.7151276465613
 40
160.7151276465613
 40
160.7151276465613
 40
169.2251276465612
 40
169.2251276465612
 40
169.2251276465612
 40
179.1451276465613
 40
179.1451276465613
 40
179.1451276465613
 40
180.1451276465613
 40
180.1451276465613
 40
180.1451276465613
 40
181.1451276465613
 40
181.1451276465613
 40
181.1451276465613
 40
185.6431276465614
 40
185.6431276465614
 40
185.6431276465614
 40
186.6431276465614
 40
186.6431276465614
 40
186.6431276465614
 40
189.9580469517633
 40
189.9580469517633
 40
189.9580469517633
 40
190.9580469517633
 40
190.9580469517633
 40
190.9580469517633
 40
232.1110469517633
 40
232.1110469517633
 40
232.1110469517633
 40
233.1110469517633
 40
233.1110469517633
 40
233.1110469517633
 40
248.7932611449186
 40
248.7932611449186
 40
248.7932611449186
 40
249.7932611449186
 40
249.7932611449186
 40
249.7932611449186
 40
253.1152611449186
 40
253.1152611449186
 40
253.1152611449186
 40
254.1152611449186
 40
254.1152611449186
 40
254.1152611449186
 40
257.4386630164954
 40
257.4386630164954
 40
257.4386630164954
 40
258.4386630164954
 40
258.4386630164954
 40
258.4386630164954
 40
262.9246630164954
 40
262.9246630164954
 40
262.9246630164954
 40
263.9246630164954
 40
263.9246630164954
 40
263.9246630164954
 40
264.9246630164954
 40
264.9246630164954
 40
264.9246630164954
 40
274.8446630164954
 40
274.8446630164954
 40
274.8446630164954
 40
283.3546630164954
 40
283.3546630164954
 40
283.3546630164954
 40
293.2746630164953
 40
293.2746630164953
 40
293.2746630164953
 40
294.2746630164953
 40
294.2746630164953
 40
294.2746630164953
 40
295.2746630164953
 40
295.2746630164953
 40
295.2746630164953
 40
299.7706630164953
 40
299.7706630164953
 40
299.7706630164953
 40
300.7706630164953
 40
300.7706630164953
 40
300.7706630164953
 40
304.0940648880721
 40
304.0940648880721
 40
304.0940648880721
 40
305.0940648880721
 40
305.0940648880721
 40
305.0940648880721
 40
328.7660648880722
 40
328.7660648880722
 40
328.7660648880722
 40
329.7660648880722
 40
329.7660648880722
 40
329.7660648880722
 40
333.0894667596489
 40
333.0894667596489
 40
333.0894667596489
 40
334.0894667596489
 40
334.0894667596489
 40
334.0894667596489
 40
343.0314667596489
 40
343.0314667596489
 40
343.0314667596489
 40
344.0314667596489
 40
344.0314667596489
 40
344.0314667596489
 40
347.3548686312257
 40
347.3548686312257
 40
347.3548686312257
 40
348.3548686312257
 40
348.3548686312257
 40
348.3548686312257
 40
372.0268686312256
 40
372.0268686312256
 40
372.0268686312256
 40
373.0268686312256
 40
373.0268686312256
 40
373.0268686312256
 40
376.3502705028025
 40
376.3502705028025
 40
376.3502705028025
 40
377.3502705028025
 40
377.3502705028025
 40
377.3502705028025
 40
381.8462705028024
 40
381.8462705028024
 40
381.8462705028024
 40
382.8462705028024
 40
382.8462705028024
 40
382.8462705028024
 40
383.8462705028024
 40
383.8462705028024
 40
383.8462705028024
 40
393.7662705028024
 40
393.7662705028024
 40
393.7662705028024
 40
393.7662705028024
 10
241.1108758333333
 20
293.7725547222222
 30
0.0
 10
241.1108758333333
 20
292.7718417592592
 30
0.0
 10
241.1108758333333
 20
291.7711287962962
 30
0.0
 10
241.1108758333333
 20
290.7704158333333
 30
0.0
 10
242.2773943518518
 20
290.7704158333333
 30
0.0
 10
243.4439128703703
 20
290.7704158333333
 30
0.0
 10
244.6104313888888
 20
290.7704158333333
 30
0.0
 10
244.9455702777777
 20
290.7704158333333
 30
0.0
 10
245.3935980555555
 20
290.8198047222222
 30
0.0
 10
246.3602091666666
 20
290.8198047222222
 30
0.0
 10
247.3268202777778
 20
290.8198047222222
 30
0.0
 10
248.1099869444444
 20
290.7986380555556
 30
0.0
 10
248.1099869444444
 20
290.7704158333333
 30
0.0
 10
248.1099869444444
 20
290.2428954629629
 30
0.0
 10
248.1099869444444
 20
289.7153750925925
 30
0.0
 10
248.1099869444444
 20
289.1878547222222
 30
0.0
 10
248.1099869444444
 20
288.9225658333333
 30
0.0
 10
248.0045063888889
 20
288.6682130555555
 30
0.0
 10
247.8171813888889
 20
288.4808880555555
 30
0.0
 10
247.5408387962962
 20
288.2045454629629
 30
0.0
 10
247.2644962037036
 20
287.9282028703703
 30
0.0
 10
246.9881536111111
 20
287.6518602777778
 30
0.0
 10
246.8008286111111
 20
287.4645352777778
 30
0.0
 10
246.5464758333333
 20
287.3590547222222
 30
0.0
 10
246.2811869444444
 20
287.3590547222222
 30
0.0
 10
242.2721026851851
 20
287.3590547222222
 30
0.0
 10
238.2630184259259
 20
287.3590547222222
 30
0.0
 10
234.2539341666666
 20
287.3590547222222
 30
0.0
 10
233.9889980555555
 20
287.3590547222222
 30
0.0
 10
233.7346452777778
 20
287.2539269444444
 30
0.0
 10
233.5473202777777
 20
287.0666019444444
 30
0.0
 10
232.7984906481481
 20
286.3185954629629
 30
0.0
 10
232.0496610185185
 20
285.5705889814814
 30
0.0
 10
231.3008313888889
 20
284.8225825
 30
0.0
 10
231.1128008333333
 20
284.6352575
 30
0.0
 10
231.0073202777778
 20
284.3805519444444
 30
0.0
 10
231.0073202777778
 20
284.1152630555555
 30
0.0
 10
231.0073202777777
 20
283.7247380555555
 30
0.0
 10
231.0073202777777
 20
283.3342130555555
 30
0.0
 10
231.0073202777778
 20
282.9436880555555
 30
0.0
 10
231.0073202777778
 20
282.6783991666666
 30
0.0
 10
230.9021925
 20
282.4240463888889
 30
0.0
 10
230.7148674999999
 20
282.2367213888888
 30
0.0
 10
229.526829537037
 20
281.0479778703703
 30
0.0
 10
228.338791574074
 20
279.8592343518518
 30
0.0
 10
227.1507536111111
 20
278.6704908333333
 30
0.0
 10
226.2137758333333
 20
277.7328075
 30
0.0
 10
225.6874313888889
 20
276.4613963888888
 30
0.0
 10
225.6874313888889
 20
275.1360102777778
 30
0.0
 10
225.6874313888889
 20
271.1242213888889
 30
0.0
 10
225.6874313888889
 20
267.1124325
 30
0.0
 10
225.6874313888889
 20
263.1006436111111
 30
0.0
 10
225.6874313888889
 20
262.8350019444444
 30
0.0
 10
225.5815980555555
 20
262.5802963888889
 30
0.0
 10
225.3935675
 20
262.3926186111111
 30
0.0
 10
225.1175776851852
 20
262.1173343518518
 30
0.0
 10
224.8415878703703
 20
261.8420500925926
 30
0.0
 10
224.5655980555555
 20
261.5667658333333
 30
0.0
 10
224.3779202777777
 20
261.3797936111111
 30
0.0
 10
224.1242730555555
 20
261.2746658333333
 30
0.0
 10
223.8593369444444
 20
261.2746658333333
 30
0.0
 10
223.3304054629629
 20
261.2746658333333
 30
0.0
 10
222.8014739814815
 20
261.2746658333333
 30
0.0
 10
222.2725425
 20
261.2746658333333
 30
0.0
 10
222.2443202777777
 20
261.2746658333333
 30
0.0
 10
222.2231536111111
 20
262.0578325
 30
0.0
 10
222.2231536111111
 20
263.0244436111111
 30
0.0
 10
222.2231536111111
 20
263.9910547222222
 30
0.0
 10
222.2725425
 20
264.4390825
 30
0.0
 10
222.2725425
 20
264.7742213888889
 30
0.0
 10
222.2725425
 20
265.9407399074074
 30
0.0
 10
222.2725425
 20
267.1072584259259
 30
0.0
 10
222.2725425
 20
268.2737769444444
 30
0.0
 10
221.271829537037
 20
268.2737769444444
 30
0.0
 10
220.2711165740741
 20
268.2737769444444
 30
0.0
 10
219.2704036111111
 20
268.2737769444444
 30
0.0
 10
219.2704036111111
 20
267.1072584259259
 30
0.0
 10
219.2704036111111
 20
265.9407399074074
 30
0.0
 10
219.2704036111111
 20
264.7742213888889
 30
0.0
 10
219.2704036111111
 20
264.4390825
 30
0.0
 10
219.3197925
 20
263.9910547222222
 30
0.0
 10
219.3197925
 20
263.0244436111111
 30
0.0
 10
219.3197925
 20
262.0578325
 30
0.0
 10
219.2986258333333
 20
261.2746658333333
 30
0.0
 10
219.2704036111111
 20
261.2746658333333
 30
0.0
 10
218.7414721296296
 20
261.2746658333333
 30
0.0
 10
218.2125406481481
 20
261.2746658333333
 30
0.0
 10
217.6836091666666
 20
261.2746658333333
 30
0.0
 10
217.4186730555555
 20
261.2746658333333
 30
0.0
 10
217.1650258333333
 20
261.3797936111111
 30
0.0
 10
216.9773480555555
 20
261.5667658333333
 30
0.0
 10
216.7013582407407
 20
261.8420500925926
 30
0.0
 10
216.4253684259259
 20
262.1173343518518
 30
0.0
 10
216.149378611111
 20
262.3926186111111
 30
0.0
 10
215.9613480555555
 20
262.5802963888889
 30
0.0
 10
215.8555147222222
 20
262.8350019444444
 30
0.0
 10
215.8555147222222
 20
263.1006436111111
 30
0.0
 10
215.8555147222222
 20
267.939931574074
 30
0.0
 10
215.8555147222222
 20
272.779219537037
 30
0.0
 10
215.8555147222222
 20
277.6185075
 30
0.0
 10
215.8555147222222
 20
278.9445991666666
 30
0.0
 10
216.3822119444444
 20
280.2163630555555
 30
0.0
 10
217.3198952777778
 20
281.1540463888888
 30
0.0
 10
218.623879537037
 20
282.4580306481482
 30
0.0
 10
219.9278637962963
 20
283.7620149074074
 30
0.0
 10
221.2318480555555
 20
285.0659991666666
 30
0.0
 10
221.4191730555555
 20
285.2533241666666
 30
0.0
 10
221.5246536111111
 20
285.5076769444444
 30
0.0
 10
221.5246536111111
 20
285.7729658333333
 30
0.0
 10
221.5246536111111
 20
286.1636084259259
 30
0.0
 10
221.5246536111111
 20
286.5542510185185
 30
0.0
 10
221.5246536111111
 20
286.9448936111111
 30
0.0
 10
221.5246536111111
 20
287.2101825
 30
0.0
 10
221.4191730555555
 20
287.4645352777778
 30
0.0
 10
221.2318480555555
 20
287.6518602777778
 30
0.0
 10
220.9555054629629
 20
287.9282028703703
 30
0.0
 10
220.6791628703703
 20
288.2045454629629
 30
0.0
 10
220.4028202777777
 20
288.4808880555555
 30
0.0
 10
220.2154952777777
 20
288.6682130555555
 30
0.0
 10
220.1100147222222
 20
288.9225658333333
 30
0.0
 10
220.1100147222222
 20
289.1878547222222
 30
0.0
 10
220.1100147222222
 20
289.7153750925925
 30
0.0
 10
220.1100147222222
 20
290.2428954629629
 30
0.0
 10
220.1100147222222
 20
290.7704158333333
 30
0.0
 10
220.1100147222222
 20
290.7986380555556
 30
0.0
 10
220.8931813888889
 20
290.8198047222222
 30
0.0
 10
221.8597924999999
 20
290.8198047222222
 30
0.0
 10
222.8264036111111
 20
290.8198047222222
 30
0.0
 10
223.2744313888889
 20
290.7704158333333
 30
0.0
 10
223.6095702777777
 20
290.7704158333333
 30
0.0
 10
224.7760887962962
 20
290.7704158333333
 30
0.0
 10
225.9426073148148
 20
290.7704158333333
 30
0.0
 10
227.1091258333333
 20
290.7704158333333
 30
0.0
 10
227.1091258333333
 20
291.7711287962963
 30
0.0
 10
227.1091258333333
 20
292.7718417592592
 30
0.0
 10
227.1091258333333
 20
293.7725547222222
 30
0.0
 10
225.9426073148148
 20
293.7725547222222
 30
0.0
 10
224.7760887962962
 20
293.7725547222222
 30
0.0
 10
223.6095702777777
 20
293.7725547222222
 30
0.0
 10
223.2744313888889
 20
293.7725547222222
 30
0.0
 10
222.8264036111111
 20
293.7231658333333
 30
0.0
 10
221.8597924999999
 20
293.7231658333333
 30
0.0
 10
220.8931813888889
 20
293.7231658333333
 30
0.0
 10
220.1100147222222
 20
293.7443324999999
 30
0.0
 10
220.1100147222222
 20
293.7725547222222
 30
0.0
 10
220.1100147222222
 20
294.3012510185185
 30
0.0
 10
220.1100147222222
 20
294.8299473148148
 30
0.0
 10
220.1100147222222
 20
295.3586436111111
 30
0.0
 10
220.1100147222222
 20
295.6239325
 30
0.0
 10
220.2154952777777
 20
295.8782852777778
 30
0.0
 10
220.4028202777777
 20
296.0656102777778
 30
0.0
 10
220.6791628703703
 20
296.3419528703703
 30
0.0
 10
220.9555054629629
 20
296.618295462963
 30
0.0
 10
221.2318480555555
 20
296.8946380555555
 30
0.0
 10
221.4191730555555
 20
297.0819630555555
 30
0.0
 10
221.6735258333333
 20
297.1874436111111
 30
0.0
 10
221.9388147222222
 20
297.1874436111111
 30
0.0
 10
224.722466574074
 20
297.1874436111111
 30
0.0
 10
227.5061184259259
 20
297.1874436111111
 30
0.0
 10
230.2897702777778
 20
297.1874436111111
 30
0.0
 10
230.5550591666666
 20
297.1874436111111
 30
0.0
 10
230.8094119444444
 20
297.0819630555555
 30
0.0
 10
230.9967369444444
 20
296.8946380555555
 30
0.0
 10
231.273079537037
 20
296.618295462963
 30
0.0
 10
231.5494221296296
 20
296.3419528703703
 30
0.0
 10
231.8257647222222
 20
296.0656102777778
 30
0.0
 10
232.0130897222222
 20
295.8782852777778
 30
0.0
 10
232.2674425
 20
295.7728047222222
 30
0.0
 10
232.5327313888888
 20
295.7728047222222
 30
0.0
 10
233.5842443518518
 20
295.7728047222222
 30
0.0
 10
234.6357573148148
 20
295.7728047222222
 30
0.0
 10
235.6872702777777
 20
295.7728047222222
 30
0.0
 10
235.9525591666666
 20
295.7728047222222
 30
0.0
 10
236.2069119444444
 20
295.8782852777778
 30
0.0
 10
236.3942369444444
 20
296.0656102777778
 30
0.0
 10
236.670579537037
 20
296.3419528703703
 30
0.0
 10
236.9469221296296
 20
296.618295462963
 30
0.0
 10
237.2232647222222
 20
296.8946380555555
 30
0.0
 10
237.4105897222222
 20
297.0819630555555
 30
0.0
 10
237.6649425
 20
297.1874436111111
 30
0.0
 10
237.9302313888889
 20
297.1874436111111
 30
0.0
 10
240.7138832407407
 20
297.1874436111111
 30
0.0
 10
243.4975350925926
 20
297.1874436111111
 30
0.0
 10
246.2811869444444
 20
297.1874436111111
 30
0.0
 10
246.5464758333333
 20
297.1874436111111
 30
0.0
 10
246.8008286111111
 20
297.0819630555555
 30
0.0
 10
246.9881536111111
 20
296.8946380555555
 30
0.0
 10
247.2644962037037
 20
296.618295462963
 30
0.0
 10
247.5408387962962
 20
296.3419528703703
 30
0.0
 10
247.8171813888889
 20
296.0656102777778
 30
0.0
 10
248.0045063888889
 20
295.8782852777778
 30
0.0
 10
248.1099869444444
 20
295.6239325
 30
0.0
 10
248.1099869444444
 20
295.3586436111111
 30
0.0
 10
248.1099869444444
 20
294.8299473148148
 30
0.0
 10
248.1099869444444
 20
294.3012510185185
 30
0.0
 10
248.1099869444444
 20
293.7725547222222
 30
0.0
 10
248.1099869444444
 20
293.7443324999999
 30
0.0
 10
247.3268202777778
 20
293.7231658333333
 30
0.0
 10
246.3602091666666
 20
293.7231658333333
 30
0.0
 10
245.3935980555555
 20
293.7231658333333
 30
0.0
 10
244.9455702777777
 20
293.7725547222222
 30
0.0
 10
244.6104313888888
 20
293.7725547222222
 30
0.0
 10
243.4439128703703
 20
293.7725547222222
 30
0.0
 10
242.2773943518518
 20
293.7725547222222
 30
0.0
 10
241.1108758333333
 20
293.7725547222222
 30
0.0
  0
SPLINE
  5
D8
330
1F
100
AcDbEntity
  8
DEFAULT
 62
     1
100
AcDbSpline
210
0.0
220
0.0
230
1.0
 70
    11
 71
     3
 72
   161
 73
   157
 74
     0
 42
0.000000001
 43
0.0000000001
 40
4.25
 40
4.25
 40
4.25
 40
4.25
 40
12.76999999999998
 40
12.76999999999998
 40
12.76999999999998
 40
17.01999999999998
 40
17.01999999999998
 40
17.01999999999998
 40
18.01999999999998
 40
18.01999999999998
 40
18.01999999999998
 40
19.01999999999998
 40
19.01999999999998
 40
19.01999999999998
 40
27.51999999999998
 40
27.51999999999998
 40
27.51999999999998
 40
28.51999999999998
 40
28.51999999999998
 40
28.51999999999998
 40
29.51999999999998
 40
29.51999999999998
 40
29.51999999999998
 40
33.76999999999998
 40
33.76999999999998
 40
33.76999999999998
 40
42.26999999999998
 40
42.26999999999998
 40
42.26999999999998
 40
46.51999999999998
 40
46.51999999999998
 40
46.51999999999998
 40
47.51999999999998
 40
47.51999999999998
 40
47.51999999999998
 40
48.51999999999998
 40
48.51999999999998
 40
48.51999999999998
 40
53.01599999999996
 40
53.01599999999996
 40
53.01599999999996
 40
54.01599999999996
 40
54.01599999999996
 40
54.01599999999996
 40
57.33940187157675
 40
57.33940187157675
 40
57.33940187157675
 40
58.33940187157675
 40
58.33940187157675
 40
58.33940187157675
 40
73.47140187157676
 40
73.47140187157676
 40
73.47140187157676
 40
74.47140187157676
 40
74.47140187157676
 40
74.47140187157676
 40
93.83976476057697
 40
93.83976476057697
 40
93.83976476057697
 40
94.83976476057697
 40
94.83976476057697
 40
94.83976476057697
 40
115.654764760577
 40
115.654764760577
 40
115.654764760577
 40
116.654764760577
 40
116.654764760577
 40
116.654764760577
 40
119.9781666321538
 40
119.9781666321538
 40
119.9781666321538
 40
120.9781666321538
 40
120.9781666321538
 40
120.9781666321538
 40
125.4641666321537
 40
125.4641666321537
 40
125.4641666321537
 40
126.4641666321537
 40
126.4641666321537
 40
126.4641666321537
 40
127.4641666321537
 40
127.4641666321537
 40
127.4641666321537
 40
137.3841666321538
 40
137.3841666321538
 40
137.3841666321538
 40
145.9041666321537
 40
145.9041666321537
 40
145.9041666321537
 40
155.8241666321537
 40
155.8241666321537
 40
155.8241666321537
 40
156.8241666321537
 40
156.8241666321537
 40
156.8241666321537
 40
157.8241666321537
 40
157.8241666321537
 40
157.8241666321537
 40
162.3101666321537
 40
162.3101666321537
 40
162.3101666321537
 40
163.3101666321537
 40
163.3101666321537
 40
163.3101666321537
 40
166.6335685037305
 40
166.6335685037305
 40
166.6335685037305
 40
167.6335685037305
 40
167.6335685037305
 40
167.6335685037305
 40
194.1155685037305
 40
194.1155685037305
 40
194.1155685037305
 40
195.1155685037305
 40
195.1155685037305
 40
195.1155685037305
 40
198.4389703753073
 40
198.4389703753073
 40
198.4389703753073
 40
199.4389703753073
 40
199.4389703753073
 40
199.4389703753073
 40
202.7729703753073
 40
202.7729703753073
 40
202.7729703753073
 40
203.7729703753073
 40
203.7729703753073
 40
203.7729703753073
 40
207.0921323177259
 40
207.0921323177259
 40
207.0921323177259
 40
208.0921323177259
 40
208.0921323177259
 40
208.0921323177259
 40
223.2281323177259
 40
223.2281323177259
 40
223.2281323177259
 40
224.2281323177259
 40
224.2281323177259
 40
224.2281323177259
 40
227.5430516229277
 40
227.5430516229277
 40
227.5430516229277
 40
228.5430516229277
 40
228.5430516229277
 40
228.5430516229277
 40
233.0270516229278
 40
233.0270516229278
 40
233.0270516229278
 40
234.0270516229278
 40
234.0270516229278
 40
234.0270516229278
 40
235.0270516229278
 40
235.0270516229278
 40
235.0270516229278
 40
239.2770516229278
 40
239.2770516229278
 40
239.2770516229278
 40
239.2770516229278
 10
30.47061611111111
 20
356.0678891666666
 30
0.0
 10
30.47061611111111
 20
355.0660002777777
 30
0.0
 10
30.47061611111111
 20
354.0641113888889
 30
0.0
 10
30.47061611111111
 20
353.0622225
 30
0.0
 10
30.97038462962963
 20
353.0622225
 30
0.0
 10
31.47015314814815
 20
353.0622225
 30
0.0
 10
31.96992166666666
 20
353.0622225
 30
0.0
 10
32.30506055555556
 20
353.0622225
 30
0.0
 10
32.75308833333333
 20
353.1116113888888
 30
0.0
 10
33.71969944444444
 20
353.1116113888888
 30
0.0
 10
34.68631055555556
 20
353.1116113888888
 30
0.0
 10
35.46947722222222
 20
353.0904447222222
 30
0.0
 10
35.46947722222222
 20
353.0622225
 30
0.0
 10
35.46947722222222
 20
352.0626854629629
 30
0.0
 10
35.46947722222222
 20
351.0631484259259
 30
0.0
 10
35.46947722222222
 20
350.0636113888888
 30
0.0
 10
35.46947722222222
 20
350.0353891666666
 30
0.0
 10
34.68631055555556
 20
350.0177502777777
 30
0.0
 10
33.71969944444444
 20
350.0177502777777
 30
0.0
 10
32.75308833333333
 20
350.0177502777777
 30
0.0
 10
32.30506055555556
 20
350.0636113888888
 30
0.0
 10
31.96992166666666
 20
350.0636113888888
 30
0.0
 10
31.47015314814815
 20
350.0636113888888
 30
0.0
 10
30.97038462962963
 20
350.0636113888888
 30
0.0
 10
30.47061611111111
 20
350.0636113888888
 30
0.0
 10
30.47061611111111
 20
349.0640743518518
 30
0.0
 10
30.47061611111111
 20
348.0645373148147
 30
0.0
 10
30.47061611111111
 20
347.0650002777778
 30
0.0
 10
30.97038462962963
 20
347.0650002777778
 30
0.0
 10
31.47015314814815
 20
347.0650002777778
 30
0.0
 10
31.96992166666666
 20
347.0650002777778
 30
0.0
 10
32.30506055555556
 20
347.0650002777778
 30
0.0
 10
32.75308833333333
 20
347.1108613888888
 30
0.0
 10
33.71969944444444
 20
347.1108613888888
 30
0.0
 10
34.68631055555556
 20
347.1108613888888
 30
0.0
 10
35.46947722222222
 20
347.0932224999999
 30
0.0
 10
35.46947722222222
 20
347.0650002777778
 30
0.0
 10
35.46947722222222
 20
346.5363039814815
 30
0.0
 10
35.46947722222222
 20
346.0076076851851
 30
0.0
 10
35.46947722222222
 20
345.4789113888888
 30
0.0
 10
35.46947722222222
 20
345.2136224999999
 30
0.0
 10
35.36399666666667
 20
344.9592697222222
 30
0.0
 10
35.17667166666666
 20
344.7719447222222
 30
0.0
 10
34.90032907407407
 20
344.4956021296296
 30
0.0
 10
34.62398648148147
 20
344.219259537037
 30
0.0
 10
34.34764388888888
 20
343.9429169444444
 30
0.0
 10
34.16031888888889
 20
343.7555919444444
 30
0.0
 10
33.90596611111111
 20
343.6501113888888
 30
0.0
 10
33.64067722222222
 20
343.6501113888888
 30
0.0
 10
31.86126611111111
 20
343.6501113888888
 30
0.0
 10
30.081855
 20
343.6501113888888
 30
0.0
 10
28.30244388888889
 20
343.6501113888888
 30
0.0
 10
28.037155
 20
343.6501113888888
 30
0.0
 10
27.78280222222222
 20
343.7552391666666
 30
0.0
 10
27.59547722222222
 20
343.9429169444444
 30
0.0
 10
25.9844587037037
 20
345.5528771296296
 30
0.0
 10
24.37344018518518
 20
347.1628373148148
 30
0.0
 10
22.76242166666667
 20
348.7727975
 30
0.0
 10
22.20009388888889
 20
349.3351252777777
 30
0.0
 10
21.43738833333333
 20
349.6508613888888
 30
0.0
 10
20.64187444444444
 20
349.6508613888888
 30
0.0
 10
18.19418462962963
 20
349.6508613888888
 30
0.0
 10
15.74649481481481
 20
349.6508613888888
 30
0.0
 10
13.298805
 20
349.6508613888888
 30
0.0
 10
13.03351611111111
 20
349.6508613888888
 30
0.0
 10
12.77916333333333
 20
349.7563419444444
 30
0.0
 10
12.59183833333333
 20
349.9436669444444
 30
0.0
 10
12.31549574074074
 20
350.220009537037
 30
0.0
 10
12.03915314814815
 20
350.4963521296295
 30
0.0
 10
11.76281055555556
 20
350.7726947222222
 30
0.0
 10
11.57548555555556
 20
350.9600197222222
 30
0.0
 10
11.470005
 20
351.2143724999999
 30
0.0
 10
11.470005
 20
351.4796613888889
 30
0.0
 10
11.470005
 20
352.0071817592593
 30
0.0
 10
11.470005
 20
352.5347021296296
 30
0.0
 10
11.470005
 20
353.0622225
 30
0.0
 10
11.470005
 20
353.0904447222222
 30
0.0
 10
12.25317166666667
 20
353.1116113888888
 30
0.0
 10
13.21978277777778
 20
353.1116113888888
 30
0.0
 10
14.18639388888889
 20
353.1116113888888
 30
0.0
 10
14.63442166666667
 20
353.0622225
 30
0.0
 10
14.96956055555556
 20
353.0622225
 30
0.0
 10
16.13607907407408
 20
353.0622225
 30
0.0
 10
17.30259759259259
 20
353.0622225
 30
0.0
 10
18.46911611111111
 20
353.0622225
 30
0.0
 10
18.46911611111111
 20
354.0641113888889
 30
0.0
 10
18.46911611111111
 20
355.0660002777777
 30
0.0
 10
18.46911611111111
 20
356.0678891666666
 30
0.0
 10
17.30259759259259
 20
356.0678891666666
 30
0.0
 10
16.13607907407408
 20
356.0678891666666
 30
0.0
 10
14.96956055555556
 20
356.0678891666666
 30
0.0
 10
14.63442166666667
 20
356.0678891666666
 30
0.0
 10
14.18639388888889
 20
356.0149724999999
 30
0.0
 10
13.21978277777778
 20
356.0149724999999
 30
0.0
 10
12.29903277777778
 20
356.0149724999999
 30
0.0
 10
11.54408833333333
 20
356.0326113888888
 30
0.0
 10
11.47353277777778
 20
356.0678891666666
 30
0.0
 10
11.47353277777778
 20
356.595409537037
 30
0.0
 10
11.47353277777778
 20
357.1229299074074
 30
0.0
 10
11.47353277777778
 20
357.6504502777777
 30
0.0
 10
11.47353277777778
 20
357.9157391666666
 30
0.0
 10
11.57901333333333
 20
358.1700919444444
 30
0.0
 10
11.76633833333333
 20
358.3574169444444
 30
0.0
 10
12.04268092592592
 20
358.633759537037
 30
0.0
 10
12.31902351851852
 20
358.9101021296296
 30
0.0
 10
12.59536611111111
 20
359.1864447222222
 30
0.0
 10
12.78269111111111
 20
359.3741224999999
 30
0.0
 10
13.03704388888889
 20
359.4792502777777
 30
0.0
 10
13.30233277777778
 20
359.4792502777777
 30
0.0
 10
16.41641981481482
 20
359.4792502777777
 30
0.0
 10
19.53050685185185
 20
359.4792502777777
 30
0.0
 10
22.64459388888889
 20
359.4792502777777
 30
0.0
 10
22.90988277777778
 20
359.4792502777777
 30
0.0
 10
23.16423555555556
 20
359.3741224999999
 30
0.0
 10
23.35156055555555
 20
359.1864447222222
 30
0.0
 10
23.62790314814815
 20
358.9101021296296
 30
0.0
 10
23.90424574074074
 20
358.633759537037
 30
0.0
 10
24.18058833333333
 20
358.3574169444444
 30
0.0
 10
24.36791333333333
 20
358.1700919444444
 30
0.0
 10
24.62226611111111
 20
358.0646113888888
 30
0.0
 10
24.887555
 20
358.0646113888888
 30
0.0
 10
25.2796087037037
 20
358.0646113888888
 30
0.0
 10
25.67166240740741
 20
358.0646113888888
 30
0.0
 10
26.06371611111111
 20
358.0646113888888
 30
0.0
 10
26.32829944444444
 20
358.0646113888888
 30
0.0
 10
26.58229944444444
 20
358.1697391666666
 30
0.0
 10
26.76997722222222
 20
358.3567113888889
 30
0.0
 10
27.04631981481482
 20
358.632348425926
 30
0.0
 10
27.32266240740741
 20
358.9079854629629
 30
0.0
 10
27.599005
 20
359.1836225
 30
0.0
 10
27.78668277777777
 20
359.3705947222222
 30
0.0
 10
28.04068277777777
 20
359.4757225
 30
0.0
 10
28.30526611111111
 20
359.4757225
 30
0.0
 10
30.08514759259259
 20
359.4757225
 30
0.0
 10
31.86502907407407
 20
359.4757225
 30
0.0
 10
33.64491055555555
 20
359.4757225
 30
0.0
 10
33.90984666666667
 20
359.4757225
 30
0.0
 10
34.16349388888889
 20
359.3705947222222
 30
0.0
 10
34.35117166666667
 20
359.1836225
 30
0.0
 10
34.62716148148147
 20
358.9083382407407
 30
0.0
 10
34.90315129629629
 20
358.6330539814814
 30
0.0
 10
35.17914111111111
 20
358.3577697222221
 30
0.0
 10
35.36717166666666
 20
358.1700919444444
 30
0.0
 10
35.473005
 20
357.9153863888888
 30
0.0
 10
35.473005
 20
357.6497447222222
 30
0.0
 10
35.473005
 20
357.1224595370369
 30
0.0
 10
35.473005
 20
356.5951743518517
 30
0.0
 10
35.473005
 20
356.0678891666666
 30
0.0
 10
35.473005
 20
356.0361391666666
 30
0.0
 10
34.68631055555556
 20
356.0149724999999
 30
0.0
 10
33.71969944444444
 20
356.0149724999999
 30
0.0
 10
32.75308833333333
 20
356.0149724999999
 30
0.0
 10
32.30506055555556
 20
356.0678891666666
 30
0.0
 10
31.96992166666666
 20
356.0678891666666
 30
0.0
 10
31.47015314814815
 20
356.0678891666666
 30
0.0
 10
30.97038462962963
 20
356.0678891666666
 30
0.0
 10
30.47061611111111
 20
356.0678891666666
 30
0.0
  0
SPLINE
  5
D9
330
1F
100
AcDbEntity
  8
DEFAULT
 62
     1
100
AcDbSpline
210
0.0
220
0.0
230
1.0
 70
    11
 71
     3
 72
   443
 73
   439
 74
     0
 42
0.000000001
 43
0.0000000001
 40
1.0
 40
1.0
 40
1.0
 40
1.0
 40
4.322000000000003
 40
4.322000000000003
 40
4.322000000000003
 40
5.322000000000003
 40
5.322000000000003
 40
5.322000000000003
 40
8.645401871576809
 40
8.645401871576809
 40
8.645401871576809
 40
9.645401871576809
 40
9.645401871576809
 40
9.645401871576809
 40
36.07740187157682
 40
36.07740187157682
 40
36.07740187157682
 40
37.07740187157682
 40
37.07740187157682
 40
37.07740187157682
 40
37.50166594028877
 40
37.50166594028877
 40
37.50166594028877
 40
38.50166594028877
 40
38.50166594028877
 40
38.50166594028877
 40
45.28166594028874
 40
45.28166594028874
 40
45.28166594028874
 40
46.28166594028874
 40
46.28166594028874
 40
46.28166594028874
 40
47.28166594028874
 40
47.28166594028874
 40
47.28166594028874
 40
57.20166594028881
 40
57.20166594028881
 40
57.20166594028881
 40
65.71166594028881
 40
65.71166594028881
 40
65.71166594028881
 40
75.63166594028888
 40
75.63166594028888
 40
75.63166594028888
 40
76.63166594028888
 40
76.63166594028888
 40
76.63166594028888
 40
77.63166594028888
 40
77.63166594028888
 40
77.63166594028888
 40
84.40766594028884
 40
84.40766594028884
 40
84.40766594028884
 40
85.40766594028884
 40
85.40766594028884
 40
85.40766594028884
 40
85.82627315475135
 40
85.82627315475135
 40
85.82627315475135
 40
86.82627315475135
 40
86.82627315475135
 40
86.82627315475135
 40
92.58227315475143
 40
92.58227315475143
 40
92.58227315475143
 40
93.58227315475143
 40
93.58227315475143
 40
93.58227315475143
 40
102.6756663608104
 40
102.6756663608104
 40
102.6756663608104
 40
103.6756663608104
 40
103.6756663608104
 40
103.6756663608104
 40
114.0496663608104
 40
114.0496663608104
 40
114.0496663608104
 40
115.0496663608104
 40
115.0496663608104
 40
115.0496663608104
 40
118.368828303229
 40
118.368828303229
 40
118.368828303229
 40
119.368828303229
 40
119.368828303229
 40
119.368828303229
 40
123.866828303229
 40
123.866828303229
 40
123.866828303229
 40
124.866828303229
 40
124.866828303229
 40
124.866828303229
 40
125.866828303229
 40
125.866828303229
 40
125.866828303229
 40
135.786828303229
 40
135.786828303229
 40
135.786828303229
 40
144.296828303229
 40
144.296828303229
 40
144.296828303229
 40
154.2168283032291
 40
154.2168283032291
 40
154.2168283032291
 40
155.2168283032291
 40
155.2168283032291
 40
155.2168283032291
 40
156.2168283032291
 40
156.2168283032291
 40
156.2168283032291
 40
160.7138283032292
 40
160.7138283032292
 40
160.7138283032292
 40
161.7138283032292
 40
161.7138283032292
 40
161.7138283032292
 40
170.7591400170398
 40
170.7591400170398
 40
170.7591400170398
 40
171.7591400170398
 40
171.7591400170398
 40
171.7591400170398
 40
177.3831400170399
 40
177.3831400170399
 40
177.3831400170399
 40
178.3831400170399
 40
178.3831400170399
 40
178.3831400170399
 40
187.4284517308504
 40
187.4284517308504
 40
187.4284517308504
 40
188.4284517308504
 40
188.4284517308504
 40
188.4284517308504
 40
192.9154517308505
 40
192.9154517308505
 40
192.9154517308505
 40
193.9154517308505
 40
193.9154517308505
 40
193.9154517308505
 40
194.9154517308505
 40
194.9154517308505
 40
194.9154517308505
 40
204.8354517308506
 40
204.8354517308506
 40
204.8354517308506
 40
213.3454517308506
 40
213.3454517308506
 40
213.3454517308506
 40
223.2654517308507
 40
223.2654517308507
 40
223.2654517308507
 40
224.2654517308507
 40
224.2654517308507
 40
224.2654517308507
 40
225.2654517308507
 40
225.2654517308507
 40
225.2654517308507
 40
229.7634517308506
 40
229.7634517308506
 40
229.7634517308506
 40
230.7634517308506
 40
230.7634517308506
 40
230.7634517308506
 40
234.0826136732692
 40
234.0826136732692
 40
234.0826136732692
 40
235.0826136732692
 40
235.0826136732692
 40
235.0826136732692
 40
245.4566136732693
 40
245.4566136732693
 40
245.4566136732693
 40
246.4566136732693
 40
246.4566136732693
 40
246.4566136732693
 40
255.5500068793282
 40
255.5500068793282
 40
255.5500068793282
 40
256.5500068793282
 40
256.5500068793282
 40
256.5500068793282
 40
262.3060068793283
 40
262.3060068793283
 40
262.3060068793283
 40
263.3060068793283
 40
263.3060068793283
 40
263.3060068793283
 40
263.7246140937908
 40
263.7246140937908
 40
263.7246140937908
 40
264.7246140937908
 40
264.7246140937908
 40
264.7246140937908
 40
271.4946140937907
 40
271.4946140937907
 40
271.4946140937907
 40
272.4946140937907
 40
272.4946140937907
 40
272.4946140937907
 40
273.4946140937907
 40
273.4946140937907
 40
273.4946140937907
 40
283.4146140937908
 40
283.4146140937908
 40
283.4146140937908
 40
291.9246140937908
 40
291.9246140937908
 40
291.9246140937908
 40
301.8446140937909
 40
301.8446140937909
 40
301.8446140937909
 40
302.8446140937909
 40
302.8446140937909
 40
302.8446140937909
 40
303.8446140937909
 40
303.8446140937909
 40
303.8446140937909
 40
310.6206140937908
 40
310.6206140937908
 40
310.6206140937908
 40
311.6206140937908
 40
311.6206140937908
 40
311.6206140937908
 40
312.0392213082533
 40
312.0392213082533
 40
312.0392213082533
 40
313.0392213082533
 40
313.0392213082533
 40
313.0392213082533
 40
339.4652213082535
 40
339.4652213082535
 40
339.4652213082535
 40
340.4652213082535
 40
340.4652213082535
 40
340.4652213082535
 40
343.7886231798303
 40
343.7886231798303
 40
343.7886231798303
 40
344.7886231798303
 40
344.7886231798303
 40
344.7886231798303
 40
348.1096231798304
 40
348.1096231798304
 40
348.1096231798304
 40
349.1096231798304
 40
349.1096231798304
 40
349.1096231798304
 40
356.9182049332604
 40
356.9182049332604
 40
356.9182049332604
 40
357.9182049332604
 40
357.9182049332604
 40
357.9182049332604
 40
374.4702049332604
 40
374.4702049332604
 40
374.4702049332604
 40
375.4702049332604
 40
375.4702049332604
 40
375.4702049332604
 40
387.6465837052928
 40
387.6465837052928
 40
387.6465837052928
 40
388.6465837052928
 40
388.6465837052928
 40
388.6465837052928
 40
393.1425837052929
 40
393.1425837052929
 40
393.1425837052929
 40
394.1425837052929
 40
394.1425837052929
 40
394.1425837052929
 40
395.1425837052929
 40
395.1425837052929
 40
395.1425837052929
 40
405.0625887456142
 40
405.0625887456142
 40
405.0625887456142
 40
413.5725887456142
 40
413.5725887456142
 40
413.5725887456142
 40
423.4925937859356
 40
423.4925937859356
 40
423.4925937859356
 40
424.4925937859356
 40
424.4925937859356
 40
424.4925937859356
 40
425.4925937859356
 40
425.4925937859356
 40
425.4925937859356
 40
429.9885937859356
 40
429.9885937859356
 40
429.9885937859356
 40
430.9885937859356
 40
430.9885937859356
 40
430.9885937859356
 40
434.3119956575123
 40
434.3119956575123
 40
434.3119956575123
 40
435.3119956575123
 40
435.3119956575123
 40
435.3119956575123
 40
447.6239956575123
 40
447.6239956575123
 40
447.6239956575123
 40
448.6239956575123
 40
448.6239956575123
 40
448.6239956575123
 40
455.1449419078658
 40
455.1449419078658
 40
455.1449419078658
 40
456.1449419078658
 40
456.1449419078658
 40
456.1449419078658
 40
466.1039419078658
 40
466.1039419078658
 40
466.1039419078658
 40
467.1039419078658
 40
467.1039419078658
 40
467.1039419078658
 40
479.3354750088307
 40
479.3354750088307
 40
479.3354750088307
 40
480.3354750088307
 40
480.3354750088307
 40
480.3354750088307
 40
489.7884750088306
 40
489.7884750088306
 40
489.7884750088306
 40
490.7884750088306
 40
490.7884750088306
 40
490.7884750088306
 40
491.7884750088306
 40
491.7884750088306
 40
491.7884750088306
 40
492.7884750088306
 40
492.7884750088306
 40
492.7884750088306
 40
493.7884750088306
 40
493.7884750088306
 40
493.7884750088306
 40
494.7884750088306
 40
494.7884750088306
 40
494.7884750088306
 40
495.7884750088306
 40
495.7884750088306
 40
495.7884750088306
 40
496.7884750088306
 40
496.7884750088306
 40
496.7884750088306
 40
497.7884750088306
 40
497.7884750088306
 40
497.7884750088306
 40
498.7884750088306
 40
498.7884750088306
 40
498.7884750088306
 40
508.2414750088306
 40
508.2414750088306
 40
508.2414750088306
 40
509.2414750088306
 40
509.2414750088306
 40
509.2414750088306
 40
521.4730081097955
 40
521.4730081097955
 40
521.4730081097955
 40
522.4730081097955
 40
522.4730081097955
 40
522.4730081097955
 40
532.4340081097955
 40
532.4340081097955
 40
532.4340081097955
 40
533.4340081097955
 40
533.4340081097955
 40
533.4340081097955
 40
539.9598984705049
 40
539.9598984705049
 40
539.9598984705049
 40
540.9598984705049
 40
540.9598984705049
 40
540.9598984705049
 40
553.2698984705049
 40
553.2698984705049
 40
553.2698984705049
 40
554.2698984705049
 40
554.2698984705049
 40
554.2698984705049
 40
557.5933003420816
 40
557.5933003420816
 40
557.5933003420816
 40
558.5933003420816
 40
558.5933003420816
 40
558.5933003420816
 40
563.0793003420816
 40
563.0793003420816
 40
563.0793003420816
 40
564.0793003420816
 40
564.0793003420816
 40
564.0793003420816
 40
565.0793003420816
 40
565.0793003420816
 40
565.0793003420816
 40
574.999305382403
 40
574.999305382403
 40
574.999305382403
 40
583.509305382403
 40
583.509305382403
 40
583.509305382403
 40
593.4293104227244
 40
593.4293104227244
 40
593.4293104227244
 40
594.4293104227244
 40
594.4293104227244
 40
594.4293104227244
 40
595.4293104227244
 40
595.4293104227244
 40
595.4293104227244
 40
599.9343104227244
 40
599.9343104227244
 40
599.9343104227244
 40
600.9343104227244
 40
600.9343104227244
 40
600.9343104227244
 40
613.1036194417278
 40
613.1036194417278
 40
613.1036194417278
 40
614.1036194417278
 40
614.1036194417278
 40
614.1036194417278
 40
630.6586194417278
 40
630.6586194417278
 40
630.6586194417278
 40
631.6586194417278
 40
631.6586194417278
 40
631.6586194417278
 40
639.4643712312737
 40
639.4643712312737
 40
639.4643712312737
 40
640.4643712312737
 40
640.4643712312737
 40
640.4643712312737
 40
640.4643712312737
 10
293.8041988888888
 20
349.4926758333333
 30
0.0
 10
293.8041988888888
 20
349.8833184259259
 30
0.0
 10
293.8041988888888
 20
350.2739610185185
 30
0.0
 10
293.8041988888888
 20
350.6646036111111
 30
0.0
 10
293.8041988888888
 20
350.9298924999999
 30
0.0
 10
293.9096794444444
 20
351.1842452777777
 30
0.0
 10
294.0970044444444
 20
351.3715702777778
 30
0.0
 10
294.373347037037
 20
351.6479128703704
 30
0.0
 10
294.6496896296296
 20
351.924255462963
 30
0.0
 10
294.9260322222222
 20
352.2005980555555
 30
0.0
 10
295.1133572222222
 20
352.3879230555555
 30
0.0
 10
295.2188377777777
 20
352.6422758333333
 30
0.0
 10
295.2188377777777
 20
352.9075647222222
 30
0.0
 10
295.2188377777777
 20
356.0157721296296
 30
0.0
 10
295.2188377777777
 20
359.123979537037
 30
0.0
 10
295.2188377777777
 20
362.2321869444444
 30
0.0
 10
295.2188377777777
 20
362.4974758333333
 30
0.0
 10
295.1133572222222
 20
362.7514758333333
 30
0.0
 10
294.9260322222222
 20
362.9391536111111
 30
0.0
 10
294.8907544444444
 20
362.9744313888889
 30
0.0
 10
294.8554766666666
 20
363.0097091666667
 30
0.0
 10
294.8201988888889
 20
363.0449869444444
 30
0.0
 10
294.6332266666666
 20
363.2319591666666
 30
0.0
 10
294.3792266666666
 20
363.3377925
 30
0.0
 10
294.1111155555555
 20
363.3377925
 30
0.0
 10
293.3138377777777
 20
363.3377925
 30
0.0
 10
292.51656
 20
363.3377925
 30
0.0
 10
291.7192822222222
 20
363.3377925
 30
0.0
 10
291.6910599999999
 20
363.3377925
 30
0.0
 10
291.6698933333333
 20
362.5546258333333
 30
0.0
 10
291.6698933333333
 20
361.5880147222222
 30
0.0
 10
291.6698933333333
 20
360.6214036111111
 30
0.0
 10
291.7192822222222
 20
360.1733758333333
 30
0.0
 10
291.7192822222222
 20
359.8382369444444
 30
0.0
 10
291.7192822222222
 20
358.6717184259259
 30
0.0
 10
291.7192822222222
 20
357.5051999074074
 30
0.0
 10
291.7192822222222
 20
356.3386813888889
 30
0.0
 10
290.7185692592593
 20
356.3386813888889
 30
0.0
 10
289.7178562962963
 20
356.3386813888889
 30
0.0
 10
288.7171433333333
 20
356.3386813888889
 30
0.0
 10
288.7171433333333
 20
357.5051999074074
 30
0.0
 10
288.7171433333333
 20
358.671718425926
 30
0.0
 10
288.7171433333333
 20
359.8382369444444
 30
0.0
 10
288.7171433333333
 20
360.1733758333333
 30
0.0
 10
288.7665322222222
 20
360.6214036111111
 30
0.0
 10
288.7665322222222
 20
361.5880147222222
 30
0.0
 10
288.7665322222222
 20
362.5546258333333
 30
0.0
 10
288.7453655555556
 20
363.3377925
 30
0.0
 10
288.7171433333333
 20
363.3377925
 30
0.0
 10
287.9203359259259
 20
363.3377925
 30
0.0
 10
287.1235285185185
 20
363.3377925
 30
0.0
 10
286.3267211111111
 20
363.3377925
 30
0.0
 10
286.0617849999999
 20
363.3377925
 30
0.0
 10
285.8074322222222
 20
363.2323119444444
 30
0.0
 10
285.6197544444444
 20
363.0449869444444
 30
0.0
 10
285.584947037037
 20
363.010179537037
 30
0.0
 10
285.5501396296297
 20
362.9753721296296
 30
0.0
 10
285.5153322222222
 20
362.9405647222222
 30
0.0
 10
285.3269488888889
 20
362.7521813888888
 30
0.0
 10
285.2211155555555
 20
362.4964174999999
 30
0.0
 10
285.2211155555555
 20
362.2300702777778
 30
0.0
 10
285.2211155555555
 20
361.5532073148148
 30
0.0
 10
285.2211155555555
 20
360.8763443518519
 30
0.0
 10
285.2211155555555
 20
360.1994813888888
 30
0.0
 10
285.2211155555555
 20
359.9341924999999
 30
0.0
 10
285.115635
 20
359.6798397222222
 30
0.0
 10
284.92831
 20
359.4925147222222
 30
0.0
 10
284.1721896296296
 20
358.7363943518519
 30
0.0
 10
283.4160692592592
 20
357.9802739814815
 30
0.0
 10
282.6599488888889
 20
357.2241536111111
 30
0.0
 10
282.4726238888888
 20
357.0368286111111
 30
0.0
 10
282.2182711111111
 20
356.9313480555555
 30
0.0
 10
281.9529822222222
 20
356.9313480555555
 30
0.0
 10
280.7330766666666
 20
356.9313480555555
 30
0.0
 10
279.513171111111
 20
356.9313480555555
 30
0.0
 10
278.2932655555555
 20
356.9313480555555
 30
0.0
 10
278.0286822222222
 20
356.9313480555555
 30
0.0
 10
277.7746822222222
 20
357.0364758333333
 30
0.0
 10
277.5870044444445
 20
357.2234480555555
 30
0.0
 10
277.3106618518519
 20
357.4990850925926
 30
0.0
 10
277.0343192592592
 20
357.7747221296297
 30
0.0
 10
276.7579766666667
 20
358.0503591666666
 30
0.0
 10
276.5702988888888
 20
358.2376841666666
 30
0.0
 10
276.3166516666666
 20
358.3424591666666
 30
0.0
 10
276.0517155555555
 20
358.3424591666666
 30
0.0
 10
275.522784074074
 20
358.3424591666666
 30
0.0
 10
274.9938525925925
 20
358.3424591666666
 30
0.0
 10
274.4649211111111
 20
358.3424591666666
 30
0.0
 10
274.4366988888888
 20
358.3424591666666
 30
0.0
 10
274.4155322222222
 20
357.5592925
 30
0.0
 10
274.4155322222222
 20
356.5962091666667
 30
0.0
 10
274.4155322222222
 20
355.6295980555555
 30
0.0
 10
274.4649211111111
 20
355.1780424999999
 30
0.0
 10
274.4649211111111
 20
354.8464313888889
 30
0.0
 10
274.4649211111111
 20
353.6799128703703
 30
0.0
 10
274.4649211111111
 20
352.5133943518518
 30
0.0
 10
274.4649211111111
 20
351.3468758333333
 30
0.0
 10
273.4642081481481
 20
351.3468758333333
 30
0.0
 10
272.4634951851851
 20
351.3468758333333
 30
0.0
 10
271.4627822222222
 20
351.3468758333333
 30
0.0
 10
271.4627822222222
 20
352.5133943518518
 30
0.0
 10
271.4627822222222
 20
353.6799128703703
 30
0.0
 10
271.4627822222222
 20
354.8464313888889
 30
0.0
 10
271.4627822222222
 20
355.1780424999999
 30
0.0
 10
271.5121711111111
 20
355.6295980555555
 30
0.0
 10
271.5121711111111
 20
356.5962091666667
 30
0.0
 10
271.5121711111111
 20
357.5592925
 30
0.0
 10
271.4910044444444
 20
358.3424591666666
 30
0.0
 10
271.4627822222222
 20
358.3424591666666
 30
0.0
 10
270.9339683333333
 20
358.3424591666666
 30
0.0
 10
270.4051544444444
 20
358.3424591666666
 30
0.0
 10
269.8763405555555
 20
358.3424591666666
 30
0.0
 10
269.6114044444444
 20
358.3424591666666
 30
0.0
 10
269.3574044444444
 20
358.2373313888889
 30
0.0
 10
269.1697266666666
 20
358.0500063888888
 30
0.0
 10
268.417134074074
 20
357.298354537037
 30
0.0
 10
267.6645414814814
 20
356.5467026851852
 30
0.0
 10
266.9119488888888
 20
355.7950508333333
 30
0.0
 10
266.7246238888889
 20
355.6077258333333
 30
0.0
 10
266.4702711111111
 20
355.5025980555555
 30
0.0
 10
266.205335
 20
355.5025980555555
 30
0.0
 10
265.5439942592593
 20
355.5025980555554
 30
0.0
 10
264.8826535185185
 20
355.5025980555554
 30
0.0
 10
264.2213127777778
 20
355.5025980555555
 30
0.0
 10
263.9563766666666
 20
355.5025980555555
 30
0.0
 10
263.7020238888888
 20
355.6077258333333
 30
0.0
 10
263.5146988888889
 20
355.7950508333333
 30
0.0
 10
262.7621062962963
 20
356.5467026851852
 30
0.0
 10
262.0095137037037
 20
357.298354537037
 30
0.0
 10
261.2569211111111
 20
358.0500063888888
 30
0.0
 10
261.0695961111111
 20
358.2373313888889
 30
0.0
 10
260.8152433333333
 20
358.3424591666666
 30
0.0
 10
260.5503072222222
 20
358.3424591666666
 30
0.0
 10
260.0226692592592
 20
358.3424591666666
 30
0.0
 10
259.4950312962962
 20
358.3424591666666
 30
0.0
 10
258.9673933333333
 20
358.3424591666666
 30
0.0
 10
258.9391711111111
 20
358.3424591666666
 30
0.0
 10
258.9180044444444
 20
357.5592925
 30
0.0
 10
258.9180044444444
 20
356.5962091666667
 30
0.0
 10
258.9180044444444
 20
355.6295980555555
 30
0.0
 10
258.9709211111111
 20
355.1780424999999
 30
0.0
 10
258.9709211111111
 20
354.8464313888889
 30
0.0
 10
258.9709211111111
 20
353.6799128703703
 30
0.0
 10
258.9709211111111
 20
352.5133943518518
 30
0.0
 10
258.9709211111111
 20
351.3468758333333
 30
0.0
 10
257.9702081481481
 20
351.3468758333333
 30
0.0
 10
256.9694951851852
 20
351.3468758333333
 30
0.0
 10
255.9687822222222
 20
351.3468758333333
 30
0.0
 10
255.9687822222222
 20
352.5133943518518
 30
0.0
 10
255.9687822222222
 20
353.6799128703703
 30
0.0
 10
255.9687822222222
 20
354.8464313888889
 30
0.0
 10
255.9687822222222
 20
355.1780424999999
 30
0.0
 10
256.0181711111111
 20
355.6295980555555
 30
0.0
 10
256.0146433333333
 20
356.5962091666667
 30
0.0
 10
256.0146433333333
 20
357.5592925
 30
0.0
 10
255.9934766666667
 20
358.3424591666666
 30
0.0
 10
255.9652544444444
 20
358.3424591666666
 30
0.0
 10
255.4363229629629
 20
358.3424591666666
 30
0.0
 10
254.9073914814815
 20
358.3424591666666
 30
0.0
 10
254.37846
 20
358.3424591666666
 30
0.0
 10
254.1135238888888
 20
358.3424591666666
 30
0.0
 10
253.8598766666667
 20
358.2376841666666
 30
0.0
 10
253.6721988888889
 20
358.0503591666666
 30
0.0
 10
253.3958562962963
 20
357.7747221296295
 30
0.0
 10
253.1195137037037
 20
357.4990850925926
 30
0.0
 10
252.8431711111111
 20
357.2234480555555
 30
0.0
 10
252.6554933333333
 20
357.0364758333333
 30
0.0
 10
252.4014933333333
 20
356.9313480555555
 30
0.0
 10
252.13691
 20
356.9313480555555
 30
0.0
 10
250.9170044444444
 20
356.9313480555555
 30
0.0
 10
249.6970988888889
 20
356.9313480555555
 30
0.0
 10
248.4771933333333
 20
356.9313480555555
 30
0.0
 10
248.2119044444444
 20
356.9313480555555
 30
0.0
 10
247.9575516666667
 20
357.0368286111111
 30
0.0
 10
247.7702266666666
 20
357.2241536111111
 30
0.0
 10
247.0141062962963
 20
357.9802739814815
 30
0.0
 10
246.2579859259259
 20
358.7363943518519
 30
0.0
 10
245.5018655555555
 20
359.4925147222222
 30
0.0
 10
245.3145405555555
 20
359.6798397222222
 30
0.0
 10
245.20906
 20
359.9341924999999
 30
0.0
 10
245.20906
 20
360.1994813888888
 30
0.0
 10
245.20906
 20
360.8763443518519
 30
0.0
 10
245.20906
 20
361.5532073148148
 30
0.0
 10
245.20906
 20
362.2300702777778
 30
0.0
 10
245.20906
 20
362.4964174999999
 30
0.0
 10
245.1032266666666
 20
362.7521813888888
 30
0.0
 10
244.9148433333333
 20
362.9405647222222
 30
0.0
 10
244.8800359259259
 20
362.9753721296296
 30
0.0
 10
244.8452285185185
 20
363.010179537037
 30
0.0
 10
244.8104211111111
 20
363.0449869444444
 30
0.0
 10
244.6234488888889
 20
363.2319591666666
 30
0.0
 10
244.3694488888889
 20
363.3377925
 30
0.0
 10
244.1013377777778
 20
363.3377925
 30
0.0
 10
243.3052359259259
 20
363.3377925
 30
0.0
 10
242.509134074074
 20
363.3377925
 30
0.0
 10
241.7130322222222
 20
363.3377925
 30
0.0
 10
241.68481
 20
363.3377925
 30
0.0
 10
241.6601155555555
 20
362.5546258333333
 30
0.0
 10
241.6601155555555
 20
361.5880147222222
 30
0.0
 10
241.6601155555555
 20
360.6214036111111
 30
0.0
 10
241.7095044444444
 20
360.1733758333333
 30
0.0
 10
241.7095044444444
 20
359.8382369444444
 30
0.0
 10
241.7095044444444
 20
358.6717184259259
 30
0.0
 10
241.7095044444444
 20
357.5051999074074
 30
0.0
 10
241.7095044444444
 20
356.3386813888889
 30
0.0
 10
240.7087914814815
 20
356.3386813888889
 30
0.0
 10
239.7080785185185
 20
356.3386813888889
 30
0.0
 10
238.7073655555555
 20
356.3386813888889
 30
0.0
 10
238.7073655555555
 20
357.5051999074074
 30
0.0
 10
238.7073655555555
 20
358.671718425926
 30
0.0
 10
238.7073655555555
 20
359.8382369444444
 30
0.0
 10
238.7073655555555
 20
360.1733758333333
 30
0.0
 10
238.7567544444444
 20
360.6214036111111
 30
0.0
 10
238.7567544444444
 20
361.5880147222222
 30
0.0
 10
238.7567544444444
 20
362.5546258333333
 30
0.0
 10
238.7355877777778
 20
363.3377925
 30
0.0
 10
238.7073655555555
 20
363.3377925
 30
0.0
 10
237.9105581481481
 20
363.3377925
 30
0.0
 10
237.1137507407408
 20
363.3377925
 30
0.0
 10
236.3169433333333
 20
363.3377925
 30
0.0
 10
236.0516544444444
 20
363.3377925
 30
0.0
 10
235.7976544444444
 20
363.2323119444444
 30
0.0
 10
235.6099766666667
 20
363.0449869444444
 30
0.0
 10
235.5751692592592
 20
363.010179537037
 30
0.0
 10
235.5403618518518
 20
362.9753721296296
 30
0.0
 10
235.5055544444444
 20
362.9405647222222
 30
0.0
 10
235.3171711111111
 20
362.7521813888888
 30
0.0
 10
235.2113377777778
 20
362.4964174999999
 30
0.0
 10
235.2113377777778
 20
362.2300702777778
 30
0.0
 10
235.2113377777778
 20
359.1225684259259
 30
0.0
 10
235.2113377777778
 20
356.0150665740741
 30
0.0
 10
235.2113377777778
 20
352.9075647222222
 30
0.0
 10
235.2113377777778
 20
352.6422758333333
 30
0.0
 10
235.3168183333333
 20
352.3879230555555
 30
0.0
 10
235.5041433333333
 20
352.2005980555555
 30
0.0
 10
235.7804859259259
 20
351.9242554629629
 30
0.0
 10
236.0568285185185
 20
351.6479128703704
 30
0.0
 10
236.3331711111111
 20
351.3715702777778
 30
0.0
 10
236.5204961111111
 20
351.1842452777777
 30
0.0
 10
236.6259766666666
 20
350.9298924999999
 30
0.0
 10
236.6259766666666
 20
350.6646036111111
 30
0.0
 10
236.6259766666666
 20
350.2740786111111
 30
0.0
 10
236.6259766666666
 20
349.8835536111112
 30
0.0
 10
236.6259766666666
 20
349.4930286111111
 30
0.0
 10
236.6259766666666
 20
349.2277397222222
 30
0.0
 10
236.5204961111111
 20
348.9730341666667
 30
0.0
 10
236.3324655555556
 20
348.7853563888889
 30
0.0
 10
235.6827664814815
 20
348.1364804629629
 30
0.0
 10
235.0330674074074
 20
347.487604537037
 30
0.0
 10
234.3833683333333
 20
346.8387286111111
 30
0.0
 10
234.00766
 20
346.4637258333333
 30
0.0
 10
233.7966988888889
 20
345.9546675
 30
0.0
 10
233.7966988888889
 20
345.4237369444444
 30
0.0
 10
233.7966988888889
 20
343.4773443518519
 30
0.0
 10
233.7966988888889
 20
341.5309517592593
 30
0.0
 10
233.7966988888889
 20
339.5845591666666
 30
0.0
 10
233.7966988888889
 20
339.0543341666666
 30
0.0
 10
234.0073072222222
 20
338.5456286111111
 30
0.0
 10
234.38231
 20
338.1706258333333
 30
0.0
 10
235.3947822222222
 20
337.1581536111111
 30
0.0
 10
236.4072544444444
 20
336.1456813888889
 30
0.0
 10
237.4197266666667
 20
335.1332091666666
 30
0.0
 10
237.6070516666666
 20
334.9458841666666
 30
0.0
 10
237.8614044444444
 20
334.8404036111111
 30
0.0
 10
238.1266933333333
 20
334.8404036111111
 30
0.0
 10
238.6553896296296
 20
334.8404036111111
 30
0.0
 10
239.1840859259259
 20
334.8404036111111
 30
0.0
 10
239.7127822222222
 20
334.8404036111111
 30
0.0
 10
239.7410044444444
 20
334.8404036111111
 30
0.0
 10
239.7621711111111
 20
335.6235702777778
 30
0.0
 10
239.7621711111111
 20
336.5901813888889
 30
0.0
 10
239.7621711111111
 20
337.5567925
 30
0.0
 10
239.7127822222222
 20
338.0048202777778
 30
0.0
 10
239.7127822222222
 20
338.3399591666666
 30
0.0
 10
239.7116062962963
 20
339.5064776851852
 30
0.0
 10
239.7104303703703
 20
340.6729962037037
 30
0.0
 10
239.7092544444444
 20
341.8395147222222
 30
0.0
 10
240.7099674074074
 20
341.8395147222222
 30
0.0
 10
241.7106803703703
 20
341.8395147222222
 30
0.0
 10
242.7113933333333
 20
341.8395147222222
 30
0.0
 10
242.7125692592592
 20
340.6729962037037
 30
0.0
 10
242.7137451851852
 20
339.5064776851852
 30
0.0
 10
242.7149211111111
 20
338.3399591666666
 30
0.0
 10
242.7149211111111
 20
338.0048202777778
 30
0.0
 10
242.6655322222222
 20
337.5567925
 30
0.0
 10
242.6655322222222
 20
336.5901813888889
 30
0.0
 10
242.6655322222222
 20
335.6235702777778
 30
0.0
 10
242.6866988888889
 20
334.8404036111111
 30
0.0
 10
242.7149211111111
 20
334.8404036111111
 30
0.0
 10
243.2436174074074
 20
334.8404036111111
 30
0.0
 10
243.7723137037037
 20
334.8404036111111
 30
0.0
 10
244.30101
 20
334.8404036111111
 30
0.0
 10
244.5662988888888
 20
334.8404036111111
 30
0.0
 10
244.8206516666666
 20
334.9458841666666
 30
0.0
 10
245.0079766666667
 20
335.1332091666666
 30
0.0
 10
245.2843192592593
 20
335.4095517592592
 30
0.0
 10
245.5606618518518
 20
335.6858943518518
 30
0.0
 10
245.8370044444444
 20
335.9622369444444
 30
0.0
 10
246.0243294444444
 20
336.1495619444444
 30
0.0
 10
246.12981
 20
336.4039147222222
 30
0.0
 10
246.12981
 20
336.6692036111111
 30
0.0
 10
246.12981
 20
338.1170036111111
 30
0.0
 10
246.12981
 20
339.5648036111111
 30
0.0
 10
246.12981
 20
341.0126036111111
 30
0.0
 10
246.12981
 20
341.5421230555555
 30
0.0
 10
246.3397127777777
 20
342.0501230555556
 30
0.0
 10
246.7136572222222
 20
342.4247730555555
 30
0.0
 10
247.2550535185185
 20
342.9678156481481
 30
0.0
 10
247.7964498148148
 20
343.5108582407407
 30
0.0
 10
248.3378461111111
 20
344.0539008333333
 30
0.0
 10
248.5255238888889
 20
344.2419313888889
 30
0.0
 10
248.7802294444444
 20
344.3477647222222
 30
0.0
 10
249.0462238888889
 20
344.3477647222222
 30
0.0
 10
250.2173285185185
 20
344.3477647222223
 30
0.0
 10
251.3884331481481
 20
344.3477647222223
 30
0.0
 10
252.5595377777777
 20
344.3477647222222
 30
0.0
 10
252.8248266666667
 20
344.3477647222222
 30
0.0
 10
253.0791794444444
 20
344.2422841666666
 30
0.0
 10
253.2665044444444
 20
344.0549591666667
 30
0.0
 10
254.2835627777777
 20
343.0379008333333
 30
0.0
 10
255.3006211111111
 20
342.0208424999999
 30
0.0
 10
256.3176794444444
 20
341.0037841666667
 30
0.0
 10
257.067685
 20
340.2537786111111
 30
0.0
 10
257.4892544444444
 20
339.2363675
 30
0.0
 10
257.4892544444444
 20
338.1752119444444
 30
0.0
 10
257.4892544444444
 20
337.0636091666667
 30
0.0
 10
257.4892544444444
 20
335.9520063888888
 30
0.0
 10
257.4892544444444
 20
334.8404036111111
 30
0.0
 10
257.4892544444444
 20
332.5473480555555
 30
0.0
 10
259.4701016666667
 20
330.5848452777777
 30
0.0
 10
262.2799766666666
 20
329.7533480555555
 30
0.0
 10
262.9188572222222
 20
329.5642591666667
 30
0.0
 10
263.5464488888888
 20
329.6863202777777
 30
0.0
 10
263.9486155555555
 20
330.0884869444444
 30
0.0
 10
264.6358266666666
 20
330.7721702777777
 30
0.0
 10
264.4111072222222
 20
332.1106091666666
 30
0.0
 10
263.4508461111111
 20
333.0733397222222
 30
0.0
 10
262.74776
 20
333.7778369444444
 30
0.0
 10
262.4740044444444
 20
334.8206480555555
 30
0.0
 10
262.865235
 20
335.7357536111111
 30
0.0
 10
263.7799877777778
 20
337.8757036111111
 30
0.0
 10
266.6501877777777
 20
337.8757036111111
 30
0.0
 10
267.5649405555555
 20
335.7357536111111
 30
0.0
 10
267.9561711111111
 20
334.8206480555555
 30
0.0
 10
267.6824155555556
 20
333.7778369444444
 30
0.0
 10
266.9793294444444
 20
333.0733397222222
 30
0.0
 10
266.0190683333333
 20
332.1106091666666
 30
0.0
 10
265.7943488888889
 20
330.7721702777777
 30
0.0
 10
266.48156
 20
330.0884869444444
 30
0.0
 10
266.8837266666666
 20
329.6863202777777
 30
0.0
 10
267.5113183333333
 20
329.5642591666667
 30
0.0
 10
268.1501988888889
 20
329.7533480555555
 30
0.0
 10
270.9565461111111
 20
330.5844925
 30
0.0
 10
272.9373933333333
 20
332.5473480555555
 30
0.0
 10
272.9373933333333
 20
334.8404036111111
 30
0.0
 10
272.9373933333333
 20
335.9520063888888
 30
0.0
 10
272.9373933333333
 20
337.0636091666667
 30
0.0
 10
272.9373933333333
 20
338.1752119444444
 30
0.0
 10
272.9373933333333
 20
339.2363675
 30
0.0
 10
273.3589627777778
 20
340.2537786111111
 30
0.0
 10
274.1089683333333
 20
341.0037841666667
 30
0.0
 10
275.1260266666667
 20
342.0208425
 30
0.0
 10
276.143085
 20
343.0379008333333
 30
0.0
 10
277.1601433333333
 20
344.0549591666667
 30
0.0
 10
277.3474683333333
 20
344.2422841666666
 30
0.0
 10
277.6018211111111
 20
344.3477647222222
 30
0.0
 10
277.86711
 20
344.3477647222222
 30
0.0
 10
279.0384498148148
 20
344.3477647222223
 30
0.0
 10
280.2097896296296
 20
344.3477647222223
 30
0.0
 10
281.3811294444444
 20
344.3477647222222
 30
0.0
 10
281.6464183333333
 20
344.3477647222222
 30
0.0
 10
281.9011238888888
 20
344.2422841666666
 30
0.0
 10
282.0888016666667
 20
344.0542536111111
 30
0.0
 10
282.6310211111111
 20
343.5112110185185
 30
0.0
 10
283.1732405555555
 20
342.9681684259259
 30
0.0
 10
283.71546
 20
342.4251258333333
 30
0.0
 10
284.09011
 20
342.0501230555556
 30
0.0
 10
284.3003655555555
 20
341.5417702777777
 30
0.0
 10
284.3003655555555
 20
341.0118980555555
 30
0.0
 10
284.3003655555555
 20
339.5643332407407
 30
0.0
 10
284.3003655555555
 20
338.1167684259258
 30
0.0
 10
284.3003655555555
 20
336.6692036111111
 30
0.0
 10
284.3003655555555
 20
336.4039147222222
 30
0.0
 10
284.4058461111111
 20
336.1495619444444
 30
0.0
 10
284.5931711111111
 20
335.9622369444444
 30
0.0
 10
284.8695137037037
 20
335.6858943518518
 30
0.0
 10
285.1458562962962
 20
335.4095517592592
 30
0.0
 10
285.4221988888888
 20
335.1332091666666
 30
0.0
 10
285.6095238888889
 20
334.9458841666666
 30
0.0
 10
285.8638766666667
 20
334.8404036111111
 30
0.0
 10
286.1291655555555
 20
334.8404036111111
 30
0.0
 10
286.6566859259258
 20
334.8404036111111
 30
0.0
 10
287.1842062962962
 20
334.8404036111111
 30
0.0
 10
287.7117266666666
 20
334.8404036111111
 30
0.0
 10
287.7399488888889
 20
334.8404036111111
 30
0.0
 10
287.7611155555555
 20
335.6235702777778
 30
0.0
 10
287.7611155555555
 20
336.5901813888889
 30
0.0
 10
287.7611155555555
 20
337.5567925
 30
0.0
 10
287.7117266666666
 20
338.0048202777778
 30
0.0
 10
287.7117266666666
 20
338.3399591666666
 30
0.0
 10
287.7129025925926
 20
339.5064776851852
 30
0.0
 10
287.7140785185185
 20
340.6729962037037
 30
0.0
 10
287.7152544444444
 20
341.8395147222222
 30
0.0
 10
288.7159674074073
 20
341.8395147222222
 30
0.0
 10
289.7166803703703
 20
341.8395147222222
 30
0.0
 10
290.7173933333333
 20
341.8395147222222
 30
0.0
 10
290.7162174074074
 20
340.6729962037037
 30
0.0
 10
290.7150414814814
 20
339.5064776851852
 30
0.0
 10
290.7138655555555
 20
338.3399591666666
 30
0.0
 10
290.7138655555555
 20
338.0048202777778
 30
0.0
 10
290.6644766666666
 20
337.5567925
 30
0.0
 10
290.6644766666666
 20
336.5901813888889
 30
0.0
 10
290.6644766666666
 20
335.6235702777778
 30
0.0
 10
290.6856433333333
 20
334.8404036111111
 30
0.0
 10
290.7138655555555
 20
334.8404036111111
 30
0.0
 10
291.2436201851851
 20
334.8404036111111
 30
0.0
 10
291.7733748148148
 20
334.8404036111111
 30
0.0
 10
292.3031294444444
 20
334.8404036111111
 30
0.0
 10
292.5684183333333
 20
334.8404036111111
 30
0.0
 10
292.8231238888889
 20
334.9458841666666
 30
0.0
 10
293.0104488888888
 20
335.1335619444444
 30
0.0
 10
294.0218627777778
 20
336.1459165740741
 30
0.0
 10
295.0332766666667
 20
337.1582712037037
 30
0.0
 10
296.0446905555555
 20
338.1706258333333
 30
0.0
 10
296.4193405555555
 20
338.5456286111111
 30
0.0
 10
296.6299488888889
 20
339.0539813888889
 30
0.0
 10
296.6299488888889
 20
339.5842063888888
 30
0.0
 10
296.6299488888889
 20
341.5309517592592
 30
0.0
 10
296.6299488888889
 20
343.4776971296296
 30
0.0
 10
296.6299488888889
 20
345.4244424999999
 30
0.0
 10
296.6299488888889
 20
345.9546675
 30
0.0
 10
296.4193405555555
 20
346.4633730555555
 30
0.0
 10
296.0443377777777
 20
346.8387286111111
 30
0.0
 10
295.3952266666666
 20
347.4877221296296
 30
0.0
 10
294.7461155555555
 20
348.1367156481481
 30
0.0
 10
294.0970044444444
 20
348.7857091666666
 30
0.0
 10
293.9096794444444
 20
348.9730341666667
 30
0.0
 10
293.8041988888888
 20
349.2273869444444
 30
0.0
 10
293.8041988888888
 20
349.4926758333333
 30
0.0
  0
SPLINE
  5
DA
330
1F
100
AcDbEntity
  8
DEFAULT
 62
     1
100
AcDbSpline
210
0.0
220
0.0
230
1.0
 70
    11
 71
     3
 72
    17
 73
    13
 74
     0
 42
0.000000001
 43
0.0000000001
 40
1.0
 40
1.0
 40
1.0
 40
1.0
 40
2.0
 40
2.0
 40
2.0
 40
3.0
 40
3.0
 40
3.0
 40
4.0
 40
4.0
 40
4.0
 40
5.0
 40
5.0
 40
5.0
 40
5.0
 10
265.2150877777777
 20
342.6932369444444
 30
0.0
 10
264.4248655555555
 20
342.6932369444444
 30
0.0
 10
263.78281
 20
344.5876536111111
 30
0.0
 10
263.78281
 20
346.9195147222222
 30
0.0
 10
263.78281
 20
349.2549036111111
 30
0.0
 10
264.4248655555555
 20
351.1457925
 30
0.0
 10
265.2150877777777
 20
351.1457925
 30
0.0
 10
266.00531
 20
351.1457925
 30
0.0
 10
266.6473655555555
 20
349.2549036111111
 30
0.0
 10
266.6473655555555
 20
346.9195147222222
 30
0.0
 10
266.6473655555555
 20
344.5876536111111
 30
0.0
 10
266.00531
 20
342.6932369444444
 30
0.0
 10
265.2150877777777
 20
342.6932369444444
 30
0.0
  0
SPLINE
  5
DB
330
1F
100
AcDbEntity
  8
DEFAULT
 62
     1
100
AcDbSpline
210
0.0
220
0.0
230
1.0
 70
    11
 71
     3
 72
   161
 73
   157
 74
     0
 42
0.000000001
 43
0.0000000001
 40
1.0
 40
1.0
 40
1.0
 40
1.0
 40
9.324768885680788
 40
9.324768885680788
 40
9.324768885680788
 40
10.32476888568079
 40
10.32476888568079
 40
10.32476888568079
 40
31.66576888568068
 40
31.66576888568068
 40
31.66576888568068
 40
32.66576888568068
 40
32.66576888568068
 40
32.66576888568068
 40
35.98917075725741
 40
35.98917075725741
 40
35.98917075725741
 40
36.98917075725741
 40
36.98917075725741
 40
36.98917075725741
 40
41.4951707572575
 40
41.4951707572575
 40
41.4951707572575
 40
42.4951707572575
 40
42.4951707572575
 40
42.4951707572575
 40
43.4951707572575
 40
43.4951707572575
 40
43.4951707572575
 40
53.41517075725757
 40
53.41517075725757
 40
53.41517075725757
 40
61.92517075725756
 40
61.92517075725756
 40
61.92517075725756
 40
71.84517075725763
 40
71.84517075725763
 40
71.84517075725763
 40
72.84517075725763
 40
72.84517075725763
 40
72.84517075725763
 40
73.84517075725763
 40
73.84517075725763
 40
73.84517075725763
 40
78.34117075725761
 40
78.34117075725761
 40
78.34117075725761
 40
79.34117075725761
 40
79.34117075725761
 40
79.34117075725761
 40
82.66457262883434
 40
82.66457262883434
 40
82.66457262883434
 40
83.66457262883434
 40
83.66457262883434
 40
83.66457262883434
 40
108.8485726288343
 40
108.8485726288343
 40
108.8485726288343
 40
109.8485726288343
 40
109.8485726288343
 40
109.8485726288343
 40
114.7474084088946
 40
114.7474084088946
 40
114.7474084088946
 40
115.7474084088946
 40
115.7474084088946
 40
115.7474084088946
 40
116.7474084088946
 40
116.7474084088946
 40
116.7474084088946
 40
117.7474084088946
 40
117.7474084088946
 40
117.7474084088946
 40
118.7474084088946
 40
118.7474084088946
 40
118.7474084088946
 40
130.9504084088946
 40
130.9504084088946
 40
130.9504084088946
 40
131.9504084088946
 40
131.9504084088946
 40
131.9504084088946
 40
136.955310206133
 40
136.955310206133
 40
136.955310206133
 40
137.955310206133
 40
137.955310206133
 40
137.955310206133
 40
162.079310206133
 40
162.079310206133
 40
162.079310206133
 40
163.079310206133
 40
163.079310206133
 40
163.079310206133
 40
166.4027120777097
 40
166.4027120777097
 40
166.4027120777097
 40
167.4027120777097
 40
167.4027120777097
 40
167.4027120777097
 40
171.9087120777098
 40
171.9087120777098
 40
171.9087120777098
 40
172.9087120777098
 40
172.9087120777098
 40
172.9087120777098
 40
173.9087120777098
 40
173.9087120777098
 40
173.9087120777098
 40
183.8287120777099
 40
183.8287120777099
 40
183.8287120777099
 40
192.3387120777099
 40
192.3387120777099
 40
192.3387120777099
 40
202.2587120777099
 40
202.2587120777099
 40
202.2587120777099
 40
203.2587120777099
 40
203.2587120777099
 40
203.2587120777099
 40
204.2587120777099
 40
204.2587120777099
 40
204.2587120777099
 40
208.7547120777099
 40
208.7547120777099
 40
208.7547120777099
 40
209.7547120777099
 40
209.7547120777099
 40
209.7547120777099
 40
213.0781139492866
 40
213.0781139492866
 40
213.0781139492866
 40
214.0781139492866
 40
214.0781139492866
 40
214.0781139492866
 40
221.4481139492865
 40
221.4481139492865
 40
221.4481139492865
 40
222.4481139492865
 40
222.4481139492865
 40
222.4481139492865
 40
228.563174864764
 40
228.563174864764
 40
228.563174864764
 40
229.563174864764
 40
229.563174864764
 40
229.563174864764
 40
251.5961830570195
 40
251.5961830570195
 40
251.5961830570195
 40
252.5961830570195
 40
252.5961830570195
 40
252.5961830570195
 40
253.5961830570195
 40
253.5961830570195
 40
253.5961830570195
 40
253.5961830570195
 10
272.8410497222222
 20
428.8353261111112
 30
0.0
 10
273.5335525
 20
428.1434112962963
 30
0.0
 10
274.2260552777778
 20
427.4514964814815
 30
0.0
 10
274.9185580555555
 20
426.7595816666667
 30
0.0
 10
275.4819441666667
 20
426.1969011111111
 30
0.0
 10
275.7983858333333
 20
425.43349
 30
0.0
 10
275.7983858333333
 20
424.6372705555556
 30
0.0
 10
275.7983858333333
 20
422.1277270370371
 30
0.0
 10
275.7983858333333
 20
419.6181835185186
 30
0.0
 10
275.7983858333333
 20
417.10864
 30
0.0
 10
275.7983858333333
 20
416.8433511111111
 30
0.0
 10
275.9038663888888
 20
416.5889983333333
 30
0.0
 10
276.0911913888889
 20
416.4016733333333
 30
0.0
 10
276.3675339814815
 20
416.1253307407407
 30
0.0
 10
276.6438765740741
 20
415.8489881481482
 30
0.0
 10
276.9202191666667
 20
415.5726455555556
 30
0.0
 10
277.1075441666666
 20
415.3853205555556
 30
0.0
 10
277.3618969444444
 20
415.27984
 30
0.0
 10
277.6271858333333
 20
415.27984
 30
0.0
 10
278.1558821296297
 20
415.27984
 30
0.0
 10
278.684578425926
 20
415.27984
 30
0.0
 10
279.2132747222223
 20
415.2833677777778
 30
0.0
 10
279.2414969444444
 20
415.2833677777778
 30
0.0
 10
279.2661913888889
 20
416.0665344444444
 30
0.0
 10
279.2661913888889
 20
417.0331455555555
 30
0.0
 10
279.2661913888889
 20
417.9997566666667
 30
0.0
 10
279.2132747222223
 20
418.6912011111111
 30
0.0
 10
279.2132747222223
 20
418.7829233333333
 30
0.0
 10
279.2132747222223
 20
419.9494418518519
 30
0.0
 10
279.2132747222223
 20
421.1159603703704
 30
0.0
 10
279.2132747222223
 20
422.2824788888889
 30
0.0
 10
280.2139876851852
 20
422.2824788888889
 30
0.0
 10
281.2147006481482
 20
422.2824788888889
 30
0.0
 10
282.2154136111111
 20
422.2824788888889
 30
0.0
 10
282.2154136111111
 20
421.1159603703704
 30
0.0
 10
282.2154136111111
 20
419.9494418518519
 30
0.0
 10
282.2154136111111
 20
418.7829233333333
 30
0.0
 10
282.2154136111111
 20
418.6912011111111
 30
0.0
 10
282.1660247222222
 20
417.9997566666667
 30
0.0
 10
282.1660247222222
 20
417.0331455555555
 30
0.0
 10
282.1660247222222
 20
416.0665344444444
 30
0.0
 10
282.1871913888889
 20
415.2833677777778
 30
0.0
 10
282.2154136111111
 20
415.2833677777778
 30
0.0
 10
282.7441099074074
 20
415.2833677777778
 30
0.0
 10
283.2728062037037
 20
415.2833677777778
 30
0.0
 10
283.8015025
 20
415.2833677777778
 30
0.0
 10
284.0667913888889
 20
415.2833677777778
 30
0.0
 10
284.3211441666667
 20
415.3888483333334
 30
0.0
 10
284.5084691666667
 20
415.5761733333334
 30
0.0
 10
284.7848117592593
 20
415.852515925926
 30
0.0
 10
285.0611543518519
 20
416.1288585185185
 30
0.0
 10
285.3374969444445
 20
416.4052011111111
 30
0.0
 10
285.5248219444445
 20
416.5925261111111
 30
0.0
 10
285.6303025
 20
416.8468788888889
 30
0.0
 10
285.6303025
 20
417.1121677777778
 30
0.0
 10
285.6303025
 20
420.0736196296296
 30
0.0
 10
285.6303025
 20
423.0350714814815
 30
0.0
 10
285.6303025
 20
425.9965233333334
 30
0.0
 10
285.6303025
 20
426.7920372222222
 30
0.0
 10
285.3142136111111
 20
427.5550955555555
 30
0.0
 10
284.7515330555556
 20
428.1177761111111
 30
0.0
 10
284.3441923148148
 20
428.5251168518518
 30
0.0
 10
283.9368515740741
 20
428.9324575925925
 30
0.0
 10
283.5295108333333
 20
429.3397983333333
 30
0.0
 10
283.0338580555555
 20
429.8358038888889
 30
0.0
 10
282.7361136111111
 20
430.4905594444445
 30
0.0
 10
282.6644997222222
 20
431.1883538888889
 30
0.0
 10
281.7599775
 20
440.0240261111111
 30
0.0
 10
274.2955525
 20
446.9169511111111
 30
0.0
 10
265.2185802777777
 20
446.9169511111111
 30
0.0
 10
261.5602747222222
 20
446.9169511111111
 30
0.0
 10
258.1644358333333
 20
445.7954705555556
 30
0.0
 10
255.3542080555555
 20
443.8820038888888
 30
0.0
 10
254.3420886111111
 20
443.1926761111111
 30
0.0
 10
253.1595775
 20
442.7965066666666
 30
0.0
 10
251.9354386111111
 20
442.7965066666666
 30
0.0
 10
250.5004562037037
 20
442.7965066666666
 30
0.0
 10
249.0654737962963
 20
442.7965066666666
 30
0.0
 10
247.6304913888889
 20
442.7965066666666
 30
0.0
 10
247.3652025
 20
442.7965066666666
 30
0.0
 10
247.1108497222222
 20
442.6910261111111
 30
0.0
 10
246.9235247222222
 20
442.5037011111111
 30
0.0
 10
246.507364537037
 20
442.0875409259259
 30
0.0
 10
246.0912043518518
 20
441.6713807407407
 30
0.0
 10
245.6750441666667
 20
441.2552205555555
 30
0.0
 10
245.1123636111111
 20
440.69254
 30
0.0
 10
244.7962747222222
 20
439.9294816666666
 30
0.0
 10
244.7962747222222
 20
439.1339677777778
 30
0.0
 10
244.7962747222222
 20
436.2971640740741
 30
0.0
 10
244.7962747222222
 20
433.4603603703704
 30
0.0
 10
244.7962747222222
 20
430.6235566666667
 30
0.0
 10
244.7962747222222
 20
430.3586205555555
 30
0.0
 10
244.9017552777778
 20
430.1042677777778
 30
0.0
 10
245.0890802777778
 20
429.91659
 30
0.0
 10
245.3654228703704
 20
429.6402474074075
 30
0.0
 10
245.641765462963
 20
429.3639048148148
 30
0.0
 10
245.9181080555556
 20
429.0875622222222
 30
0.0
 10
246.1054330555556
 20
428.9002372222222
 30
0.0
 10
246.3597858333333
 20
428.7947566666667
 30
0.0
 10
246.6250747222222
 20
428.7947566666667
 30
0.0
 10
247.1537710185185
 20
428.7947566666667
 30
0.0
 10
247.6824673148148
 20
428.7947566666667
 30
0.0
 10
248.2111636111111
 20
428.7982844444444
 30
0.0
 10
248.2393858333333
 20
428.7982844444444
 30
0.0
 10
248.2640802777778
 20
429.5814511111112
 30
0.0
 10
248.2640802777778
 20
430.5480622222223
 30
0.0
 10
248.2640802777778
 20
431.5146733333333
 30
0.0
 10
248.2111636111111
 20
432.2061177777778
 30
0.0
 10
248.2111636111111
 20
432.29784
 30
0.0
 10
248.2111636111111
 20
433.4643585185185
 30
0.0
 10
248.2111636111111
 20
434.630877037037
 30
0.0
 10
248.2111636111111
 20
435.7973955555556
 30
0.0
 10
249.2118765740741
 20
435.7973955555556
 30
0.0
 10
250.212589537037
 20
435.7973955555556
 30
0.0
 10
251.2133025
 20
435.7973955555556
 30
0.0
 10
251.2133025
 20
434.630877037037
 30
0.0
 10
251.2133025
 20
433.4643585185185
 30
0.0
 10
251.2133025
 20
432.29784
 30
0.0
 10
251.2133025
 20
432.2061177777778
 30
0.0
 10
251.1639136111111
 20
431.5146733333333
 30
0.0
 10
251.1639136111111
 20
430.5480622222223
 30
0.0
 10
251.1639136111111
 20
429.5814511111112
 30
0.0
 10
251.1850802777778
 20
428.7982844444444
 30
0.0
 10
251.2133025
 20
428.7982844444444
 30
0.0
 10
251.7419987962963
 20
428.7982844444444
 30
0.0
 10
252.2706950925926
 20
428.7982844444444
 30
0.0
 10
252.7993913888889
 20
428.7982844444444
 30
0.0
 10
253.0646802777778
 20
428.7982844444444
 30
0.0
 10
253.3190330555555
 20
428.903765
 30
0.0
 10
253.5063580555556
 20
429.09109
 30
0.0
 10
253.7827006481482
 20
429.3674325925926
 30
0.0
 10
254.0590432407407
 20
429.6437751851852
 30
0.0
 10
254.3353858333333
 20
429.9201177777778
 30
0.0
 10
254.5227108333333
 20
430.1077955555556
 30
0.0
 10
254.6281913888889
 20
430.3621483333333
 30
0.0
 10
254.6281913888889
 20
430.6270844444444
 30
0.0
 10
254.6281913888889
 20
431.4937418518518
 30
0.0
 10
254.6281913888889
 20
432.3603992592592
 30
0.0
 10
254.6281913888889
 20
433.2270566666666
 30
0.0
 10
254.6281913888889
 20
433.7569288888889
 30
0.0
 10
254.8384469444444
 20
434.2652816666666
 30
0.0
 10
255.2130969444444
 20
434.6402844444444
 30
0.0
 10
255.721214537037
 20
435.1491075925926
 30
0.0
 10
256.2293321296297
 20
435.6579307407408
 30
0.0
 10
256.7374497222222
 20
436.1667538888889
 30
0.0
 10
256.9251275
 20
436.3551372222223
 30
0.0
 10
257.1798330555555
 20
436.4606177777778
 30
0.0
 10
257.4458275
 20
436.4602649999999
 30
0.0
 10
260.0367450925925
 20
436.4580307407407
 30
0.0
 10
262.6276626851852
 20
436.4557964814815
 30
0.0
 10
265.2185802777777
 20
436.4535622222223
 30
0.0
 10
268.8902913888889
 20
436.4535622222223
 30
0.0
 10
271.9121858333334
 20
433.6570927777778
 30
0.0
 10
272.2642580555555
 20
430.0778094444444
 30
0.0
 10
272.3104719444444
 20
429.6089677777778
 30
0.0
 10
272.5080275
 20
429.1679955555556
 30
0.0
 10
272.8410497222222
 20
428.8353261111112
 30
0.0
  0
SPLINE
  5
DC
330
1F
100
AcDbEntity
  8
DEFAULT
 62
     1
100
AcDbSpline
210
0.0
220
0.0
230
1.0
 70
    11
 71
     3
 72
    23
 73
    19
 74
     0
 42
0.000000001
 43
0.0000000001
 40
1.0
 40
1.0
 40
1.0
 40
1.0
 40
2.0
 40
2.0
 40
2.0
 40
3.0
 40
3.0
 40
3.0
 40
4.0
 40
4.0
 40
4.0
 40
5.0
 40
5.0
 40
5.0
 40
6.0
 40
6.0
 40
6.0
 40
7.0
 40
7.0
 40
7.0
 40
7.0
 10
277.6857469444444
 20
430.4104788888889
 30
0.0
 10
276.4968858333333
 20
430.0929788888889
 30
0.0
 10
275.2762747222222
 20
430.7985344444444
 30
0.0
 10
274.9552469444444
 20
431.9873955555556
 30
0.0
 10
273.8051913888889
 20
436.2877566666667
 30
0.0
 10
269.8752469444444
 20
439.4592288888889
 30
0.0
 10
265.2185802777777
 20
439.4592288888889
 30
0.0
 10
263.9873858333333
 20
439.4592288888889
 30
0.0
 10
262.9890247222222
 20
440.45759
 30
0.0
 10
262.9890247222222
 20
441.6887844444444
 30
0.0
 10
262.9890247222222
 20
442.9199788888889
 30
0.0
 10
263.9873858333333
 20
443.9148122222222
 30
0.0
 10
265.2185802777777
 20
443.9148122222222
 30
0.0
 10
271.9319413888889
 20
443.9148122222222
 30
0.0
 10
277.6010802777778
 20
439.3392844444444
 30
0.0
 10
279.2626636111111
 20
433.1409788888889
 30
0.0
 10
279.5836913888889
 20
431.9521177777777
 30
0.0
 10
278.8746080555555
 20
430.7315066666667
 30
0.0
 10
277.6857469444444
 20
430.4104788888889
 30
0.0
  0
SPLINE
  5
DD
330
1F
100
AcDbEntity
  8
DEFAULT
 62
     1
100
AcDbSpline
210
0.0
220
0.0
230
1.0
 70
    11
 71
     3
 72
    53
 73
    49
 74
     0
 42
0.000000001
 43
0.0000000001
 40
0.0099999999999909
 40
0.0099999999999909
 40
0.0099999999999909
 40
0.0099999999999909
 40
1.01010729802229
 40
1.01010729802229
 40
1.01010729802229
 40
12.35132405759514
 40
12.35132405759514
 40
12.35132405759514
 40
13.35143135561744
 40
13.35143135561744
 40
13.35143135561744
 40
24.80685174029241
 40
24.80685174029241
 40
24.80685174029241
 40
25.80695903831471
 40
25.80695903831471
 40
25.80695903831471
 40
35.6680169968146
 40
35.6680169968146
 40
35.6680169968146
 40
36.66812429483689
 40
36.66812429483689
 40
36.66812429483689
 40
46.56973709406962
 40
46.56973709406962
 40
46.56973709406962
 40
47.56984439209192
 40
47.56984439209192
 40
47.56984439209192
 40
59.01107188146702
 40
59.01107188146702
 40
59.01107188146702
 40
60.01117917948932
 40
60.01117917948932
 40
60.01117917948932
 40
71.36637471550428
 40
71.36637471550428
 40
71.36637471550428
 40
72.36648201352658
 40
72.36648201352658
 40
72.36648201352658
 40
82.2575431909671
 40
82.2575431909671
 40
82.2575431909671
 40
83.2576504889894
 40
83.2576504889894
 40
83.2576504889894
 40
93.21836270696659
 40
93.21836270696659
 40
93.21836270696659
 40
93.21836270696659
 10
109.6788933333333
 20
334.353676111111
 30
0.0
 10
109.47781
 20
334.036176111111
 30
0.0
 10
109.2485044444444
 20
333.7327872222222
 30
0.0
 10
108.9945044444444
 20
333.4540927777778
 30
0.0
 10
107.6610044444444
 20
333.4540927777778
 30
0.0
 10
106.3275044444444
 20
333.4540927777778
 30
0.0
 10
104.9940044444444
 20
333.4540927777778
 30
0.0
 10
104.5847822222222
 20
333.4540927777778
 30
0.0
 10
104.1790877777778
 20
333.4188149999999
 30
0.0
 10
103.7769211111111
 20
333.3482594444444
 30
0.0
 10
102.4504766666667
 20
333.1142501851852
 30
0.0
 10
101.1240322222222
 20
332.8802409259259
 30
0.0
 10
99.79758777777778
 20
332.6462316666667
 30
0.0
 10
99.50125444444443
 20
332.8755372222222
 30
0.0
 10
99.22256
 20
333.1365927777778
 30
0.0
 10
98.96855999999998
 20
333.4152872222222
 30
0.0
 10
98.96855999999998
 20
334.5747501851851
 30
0.0
 10
98.96855999999998
 20
335.7342131481481
 30
0.0
 10
98.96855999999998
 20
336.8936761111111
 30
0.0
 10
98.96855999999998
 20
337.3028983333333
 30
0.0
 10
98.93328222222222
 20
337.7085927777777
 30
0.0
 10
98.86272666666665
 20
338.1107594444444
 30
0.0
 10
98.6604674074074
 20
339.2572872222221
 30
0.0
 10
98.45820814814813
 20
340.403815
 30
0.0
 10
98.25594888888888
 20
341.5503427777777
 30
0.0
 10
98.45703222222221
 20
341.8713705555555
 30
0.0
 10
98.68633777777777
 20
342.1747594444444
 30
0.0
 10
98.94033777777777
 20
342.4534538888889
 30
0.0
 10
100.285597037037
 20
342.4534538888889
 30
0.0
 10
101.6308562962963
 20
342.4534538888889
 30
0.0
 10
102.9761155555556
 20
342.4534538888889
 30
0.0
 10
103.3853377777778
 20
342.4534538888889
 30
0.0
 10
103.79456
 20
342.4887316666666
 30
0.0
 10
104.1967266666666
 20
342.5592872222222
 30
0.0
 10
105.5114118518518
 20
342.7921205555555
 30
0.0
 10
106.826097037037
 20
343.0249538888888
 30
0.0
 10
108.1407822222222
 20
343.2577872222222
 30
0.0
 10
108.4371155555556
 20
343.0249538888888
 30
0.0
 10
108.7122822222222
 20
342.7674261111111
 30
0.0
 10
108.9662822222222
 20
342.4887316666666
 30
0.0
 10
108.9662822222222
 20
341.3257409259259
 30
0.0
 10
108.9662822222222
 20
340.1627501851851
 30
0.0
 10
108.9662822222222
 20
338.9997594444444
 30
0.0
 10
108.9662822222222
 20
338.6046483333333
 30
0.0
 10
109.00156
 20
338.2060094444444
 30
0.0
 10
109.0721155555555
 20
337.8179538888888
 30
0.0
 10
109.2743748148148
 20
336.6643705555555
 30
0.0
 10
109.4766340740741
 20
335.5107872222222
 30
0.0
 10
109.6788933333333
 20
334.353676111111
 30
0.0
  0
SPLINE
  5
DE
330
1F
100
AcDbEntity
  8
DEFAULT
 62
     1
100
AcDbSpline
210
0.0
220
0.0
230
1.0
 70
    11
 71
     3
 72
   161
 73
   157
 74
     0
 42
0.000000001
 43
0.0000000001
 40
1.0
 40
1.0
 40
1.0
 40
1.0
 40
2.0
 40
2.0
 40
2.0
 40
26.03950933359505
 40
26.03950933359505
 40
26.03950933359505
 40
27.03950933359505
 40
27.03950933359505
 40
27.03950933359505
 40
33.62350933359505
 40
33.62350933359505
 40
33.62350933359505
 40
34.62350933359505
 40
34.62350933359505
 40
34.62350933359505
 40
35.62350933359505
 40
35.62350933359505
 40
35.62350933359505
 40
36.62350933359505
 40
36.62350933359505
 40
36.62350933359505
 40
56.16950933359504
 40
56.16950933359504
 40
56.16950933359504
 40
57.16950933359504
 40
57.16950933359504
 40
57.16950933359504
 40
57.59801604299409
 40
57.59801604299409
 40
57.59801604299409
 40
58.59801604299409
 40
58.59801604299409
 40
58.59801604299409
 40
63.96801604299409
 40
63.96801604299409
 40
63.96801604299409
 40
64.9680160429941
 40
64.9680160429941
 40
64.9680160429941
 40
65.9680160429941
 40
65.9680160429941
 40
65.9680160429941
 40
70.2180160429941
 40
70.2180160429941
 40
70.2180160429941
 40
78.72801604299408
 40
78.72801604299408
 40
78.72801604299408
 40
82.97801604299408
 40
82.97801604299408
 40
82.97801604299408
 40
83.97801604299408
 40
83.97801604299408
 40
83.97801604299408
 40
84.97801604299408
 40
84.97801604299408
 40
84.97801604299408
 40
90.3380160429941
 40
90.3380160429941
 40
90.3380160429941
 40
91.3380160429941
 40
91.3380160429941
 40
91.3380160429941
 40
91.75662325745648
 40
91.75662325745648
 40
91.75662325745648
 40
92.75662325745648
 40
92.75662325745648
 40
92.75662325745648
 40
112.29662581631
 40
112.29662581631
 40
112.29662581631
 40
113.29662581631
 40
113.29662581631
 40
113.29662581631
 40
114.29662581631
 40
114.29662581631
 40
114.29662581631
 40
133.8423926214266
 40
133.8423926214266
 40
133.8423926214266
 40
134.8423926214266
 40
134.8423926214266
 40
134.8423926214266
 40
135.2695928086924
 40
135.2695928086924
 40
135.2695928086924
 40
136.2695928086924
 40
136.2695928086924
 40
136.2695928086924
 40
141.6335931815485
 40
141.6335931815485
 40
141.6335931815485
 40
142.6335931815485
 40
142.6335931815485
 40
142.6335931815485
 40
143.6335931815485
 40
143.6335931815485
 40
143.6335931815485
 40
147.8793675514367
 40
147.8793675514367
 40
147.8793675514367
 40
156.3884274290025
 40
156.3884274290025
 40
156.3884274290025
 40
160.6342017988908
 40
160.6342017988908
 40
160.6342017988908
 40
161.6342017988908
 40
161.6342017988908
 40
161.6342017988908
 40
162.6342017988908
 40
162.6342017988908
 40
162.6342017988908
 40
163.6342017988908
 40
163.6342017988908
 40
163.6342017988908
 40
164.6342017988908
 40
164.6342017988908
 40
164.6342017988908
 40
165.6342017988908
 40
165.6342017988908
 40
165.6342017988908
 40
165.6742017988908
 40
165.6742017988908
 40
165.6742017988908
 40
166.6742017988908
 40
166.6742017988908
 40
166.6742017988908
 40
167.6842017988908
 40
167.6842017988908
 40
167.6842017988908
 40
168.6842017988908
 40
168.6842017988908
 40
168.6842017988908
 40
169.6842017988908
 40
169.6842017988908
 40
169.6842017988908
 40
170.6842017988908
 40
170.6842017988908
 40
170.6842017988908
 40
171.6842017988908
 40
171.6842017988908
 40
171.6842017988908
 40
172.6842017988908
 40
172.6842017988908
 40
172.6842017988908
 40
206.6042017988907
 40
206.6042017988907
 40
206.6042017988907
 40
211.4242017988907
 40
211.4242017988907
 40
211.4242017988907
 40
212.4242017988907
 40
212.4242017988907
 40
212.4242017988907
 40
212.4242017988907
 10
102.7683294444444
 20
361.0540149999999
 30
0.0
 10
102.7683294444444
 20
361.696776111111
 30
0.0
 10
102.8942711111111
 20
362.33354
 30
0.0
 10
103.1390988888889
 20
362.9279705555555
 30
0.0
 10
104.2156590740741
 20
365.5418187037037
 30
0.0
 10
105.2922192592593
 20
368.1556668518518
 30
0.0
 10
106.3687794444444
 20
370.769515
 30
0.0
 10
106.5557516666667
 20
371.0446816666666
 30
0.0
 10
106.8661961111111
 20
371.2069594444444
 30
0.0
 10
107.1978072222222
 20
371.2069594444444
 30
0.0
 10
107.9720368518518
 20
371.2069594444444
 30
0.0
 10
108.7462664814815
 20
371.2069594444444
 30
0.0
 10
109.5204961111111
 20
371.2069594444444
 30
0.0
 10
110.0320238888889
 20
371.2069594444444
 30
0.0
 10
110.4624127777778
 20
370.8224316666667
 30
0.0
 10
110.5118016666667
 20
370.3109038888888
 30
0.0
 10
110.5118016666667
 20
367.2699594444444
 30
0.0
 10
111.1679683333333
 20
355.3672372222222
 30
0.0
 10
115.1719961111111
 20
351.3632094444444
 30
0.0
 10
117.5356072222222
 20
348.9995983333333
 30
0.0
 10
124.1643016666666
 20
349.0701538888889
 30
0.0
 10
134.2925516666667
 20
349.0701538888889
 30
0.0
 10
136.5910164814815
 20
349.0701538888889
 30
0.0
 10
138.8894812962963
 20
349.0701538888889
 30
0.0
 10
141.1879461111111
 20
349.0701538888889
 30
0.0
 10
141.453235
 20
349.0701538888889
 30
0.0
 10
141.707235
 20
348.9646733333333
 30
0.0
 10
141.8949127777778
 20
348.7773483333333
 30
0.0
 10
141.9305433333333
 20
348.7417177777778
 30
0.0
 10
141.9661738888889
 20
348.7060872222222
 30
0.0
 10
142.0018044444444
 20
348.6704566666667
 30
0.0
 10
142.1884238888889
 20
348.4838372222222
 30
0.0
 10
142.2935516666667
 20
348.2301899999999
 30
0.0
 10
142.2935516666667
 20
347.9659594444444
 30
0.0
 10
142.2935516666667
 20
347.3344872222222
 30
0.0
 10
142.2935516666667
 20
346.703015
 30
0.0
 10
142.2935516666667
 20
346.0715427777777
 30
0.0
 10
142.2935516666667
 20
346.0433205555555
 30
0.0
 10
141.510385
 20
346.0221538888889
 30
0.0
 10
140.5437738888889
 20
346.0221538888889
 30
0.0
 10
139.5771627777777
 20
346.0221538888889
 30
0.0
 10
139.129135
 20
346.0715427777777
 30
0.0
 10
138.7939961111111
 20
346.0715427777777
 30
0.0
 10
138.2942275925926
 20
346.0715427777777
 30
0.0
 10
137.7944590740741
 20
346.0715427777777
 30
0.0
 10
137.2946905555555
 20
346.0715427777777
 30
0.0
 10
137.2946905555555
 20
345.0708298148148
 30
0.0
 10
137.2946905555555
 20
344.0701168518519
 30
0.0
 10
137.2946905555555
 20
343.0694038888889
 30
0.0
 10
137.7944590740741
 20
343.0694038888889
 30
0.0
 10
138.2942275925926
 20
343.0694038888889
 30
0.0
 10
138.7939961111111
 20
343.0694038888889
 30
0.0
 10
139.129135
 20
343.0694038888889
 30
0.0
 10
139.5771627777777
 20
343.1187927777777
 30
0.0
 10
140.5437738888889
 20
343.1187927777777
 30
0.0
 10
141.510385
 20
343.1187927777777
 30
0.0
 10
142.2935516666667
 20
343.0976261111111
 30
0.0
 10
142.2935516666667
 20
343.0694038888889
 30
0.0
 10
142.2935516666667
 20
342.4391075925926
 30
0.0
 10
142.2935516666667
 20
341.8088112962963
 30
0.0
 10
142.2935516666667
 20
341.1785149999999
 30
0.0
 10
142.2935516666667
 20
340.911815
 30
0.0
 10
142.1877183333333
 20
340.6564038888889
 30
0.0
 10
141.999335
 20
340.4680205555555
 30
0.0
 10
141.9645275925926
 20
340.4332131481481
 30
0.0
 10
141.9297201851852
 20
340.3984057407407
 30
0.0
 10
141.8949127777778
 20
340.3635983333333
 30
0.0
 10
141.7079405555556
 20
340.1766261111111
 30
0.0
 10
141.4539405555556
 20
340.0707927777777
 30
0.0
 10
141.1858294444444
 20
340.0707927777777
 30
0.0
 10
138.8880701851852
 20
340.0696168518518
 30
0.0
 10
136.5903109259259
 20
340.0684409259259
 30
0.0
 10
134.2925516666667
 20
340.067265
 30
0.0
 10
123.1976905555556
 20
340.067265
 30
0.0
 10
116.3502738888889
 20
335.8409872222222
 30
0.0
 10
111.2138294444444
 20
330.701015
 30
0.0
 10
108.1940516666667
 20
327.6777094444444
 30
0.0
 10
102.5354961111111
 20
320.6821261111111
 30
0.0
 10
99.81557944444444
 20
321.9485983333333
 30
0.0
 10
97.73301462962962
 20
322.921089074074
 30
0.0
 10
95.6504498148148
 20
323.8935798148148
 30
0.0
 10
93.567885
 20
324.8660705555555
 30
0.0
 10
93.3279961111111
 20
324.9789594444444
 30
0.0
 10
93.14102388888888
 20
325.1800427777777
 30
0.0
 10
93.05282944444443
 20
325.4269872222222
 30
0.0
 10
93.03519055555553
 20
325.4740242592592
 30
0.0
 10
93.01755166666665
 20
325.5210612962963
 30
0.0
 10
92.99991277777777
 20
325.5680983333333
 30
0.0
 10
92.90819055555555
 20
325.8185705555555
 30
0.0
 10
92.92230166666666
 20
326.0937372222222
 30
0.0
 10
93.03166277777777
 20
326.3336261111111
 30
0.0
 10
93.29859796296296
 20
326.9051261111111
 30
0.0
 10
93.56553314814813
 20
327.4766261111111
 30
0.0
 10
93.83246833333334
 20
328.0481261111111
 30
0.0
 10
93.84305166666665
 20
328.0763483333333
 30
0.0
 10
94.56271833333334
 20
327.7623761111111
 30
0.0
 10
95.43760722222221
 20
327.3531538888889
 30
0.0
 10
96.31602388888888
 20
326.9474594444444
 30
0.0
 10
96.70055166666667
 20
326.7110983333333
 30
0.0
 10
97.00394055555556
 20
326.5699872222222
 30
0.0
 10
97.45667203703704
 20
326.3594964814815
 30
0.0
 10
97.9094035185185
 20
326.1490057407407
 30
0.0
 10
98.362135
 20
325.938515
 30
0.0
 10
98.78546833333333
 20
326.8451538888889
 30
0.0
 10
99.20880166666666
 20
327.7517927777777
 30
0.0
 10
99.63213499999999
 20
328.6584316666666
 30
0.0
 10
99.1794035185185
 20
328.8689224074074
 30
0.0
 10
98.72667203703702
 20
329.0794131481481
 30
0.0
 10
98.27394055555554
 20
329.2899038888889
 30
0.0
 10
97.97055166666665
 20
329.4345427777777
 30
0.0
 10
97.54369055555554
 20
329.5791816666666
 30
0.0
 10
96.66527388888888
 20
329.9848761111111
 30
0.0
 10
95.79744055555555
 20
330.3905705555555
 30
0.0
 10
95.10246833333332
 20
330.7362927777777
 30
0.0
 10
95.10246833333332
 20
330.7715705555555
 30
0.0
 10
95.54696833333334
 20
331.7275983333333
 30
0.0
 10
92.47074611111111
 20
338.7125983333333
 30
0.0
 10
90.93969055555554
 20
339.7462372222222
 30
0.0
 10
88.65721833333333
 20
341.2878761111111
 30
0.0
 10
88.13157944444444
 20
344.4522927777778
 30
0.0
 10
89.71202388888888
 20
346.7100705555555
 30
0.0
 10
90.53399611111111
 20
347.8848205555555
 30
0.0
 10
91.77577388888888
 20
348.5974316666666
 30
0.0
 10
93.09516277777776
 20
348.7879316666666
 30
0.0
 10
93.09986648148147
 20
348.7879316666666
 30
0.0
 10
93.10457018518518
 20
348.7879316666666
 30
0.0
 10
93.10927388888888
 20
348.7879316666666
 30
0.0
 10
93.99827388888887
 20
348.8584872222222
 30
0.0
 10
94.80966277777777
 20
348.241126111111
 30
0.0
 10
94.964885
 20
347.3485983333333
 30
0.0
 10
95.13421833333334
 20
346.3960983333333
 30
0.0
 10
94.49921833333333
 20
345.4894594444444
 30
0.0
 10
93.54671833333333
 20
345.3165983333333
 30
0.0
 10
93.10221833333334
 20
345.2389872222222
 30
0.0
 10
92.70357944444443
 20
344.9708761111111
 30
0.0
 10
92.47427388888887
 20
344.5263761111111
 30
0.0
 10
92.23791277777777
 20
344.0748205555555
 30
0.0
 10
92.25202388888889
 20
343.5174316666666
 30
0.0
 10
92.51307944444444
 20
343.0835149999999
 30
0.0
 10
93.09516277777776
 20
342.1169038888889
 30
0.0
 10
94.48510722222221
 20
342.0922094444444
 30
0.0
 10
95.01780166666667
 20
342.9600427777777
 30
0.0
 10
95.45171833333332
 20
343.6585427777778
 30
0.0
 10
96.107885
 20
344.5934038888889
 30
0.0
 10
96.71819055555555
 20
345.2001816666666
 30
0.0
 10
99.09944055555556
 20
347.5814316666666
 30
0.0
 10
102.3661627777778
 20
348.5445149999999
 30
0.0
 10
105.4670794444444
 20
348.0894316666667
 30
0.0
 10
105.4670794444444
 20
352.0781724074074
 30
0.0
 10
105.4670794444444
 20
356.0669131481481
 30
0.0
 10
105.4670794444444
 20
360.0556538888889
 30
0.0
 10
104.9002831481481
 20
360.0556538888889
 30
0.0
 10
104.3334868518518
 20
360.0556538888889
 30
0.0
 10
103.7666905555555
 20
360.0556538888889
 30
0.0
 10
103.2152988888889
 20
360.0556538888889
 30
0.0
 10
102.7683294444444
 20
360.5026233333333
 30
0.0
 10
102.7683294444444
 20
361.0540149999999
 30
0.0
  0
SPLINE
  5
DF
330
1F
100
AcDbEntity
  8
DEFAULT
 62
     1
100
AcDbSpline
210
0.0
220
0.0
230
1.0
 70
    11
 71
     3
 72
   101
 73
    97
 74
     0
 42
0.000000001
 43
0.0000000001
 40
1.0
 40
1.0
 40
1.0
 40
1.0
 40
78.345
 40
78.345
 40
78.345
 40
79.345
 40
79.345
 40
79.345
 40
79.76926406871189
 40
79.76926406871189
 40
79.76926406871189
 40
80.76926406871189
 40
80.76926406871189
 40
80.76926406871189
 40
102.8412640687119
 40
102.8412640687119
 40
102.8412640687119
 40
103.8412640687119
 40
103.8412640687119
 40
103.8412640687119
 40
104.2655281374238
 40
104.2655281374238
 40
104.2655281374238
 40
105.2655281374238
 40
105.2655281374238
 40
105.2655281374238
 40
110.6315281374238
 40
110.6315281374238
 40
110.6315281374238
 40
111.6315281374238
 40
111.6315281374238
 40
111.6315281374238
 40
112.6315281374238
 40
112.6315281374238
 40
112.6315281374238
 40
116.8815281374238
 40
116.8815281374238
 40
116.8815281374238
 40
125.3915281374238
 40
125.3915281374238
 40
125.3915281374238
 40
129.6415281374238
 40
129.6415281374238
 40
129.6415281374238
 40
130.6415281374238
 40
130.6415281374238
 40
130.6415281374238
 40
131.6415281374238
 40
131.6415281374238
 40
131.6415281374238
 40
181.2345281374238
 40
181.2345281374238
 40
181.2345281374238
 40
182.2345281374238
 40
182.2345281374238
 40
182.2345281374238
 40
183.2345281374238
 40
183.2345281374238
 40
183.2345281374238
 40
187.4845281374238
 40
187.4845281374238
 40
187.4845281374238
 40
195.9945281374238
 40
195.9945281374238
 40
195.9945281374238
 40
200.2445281374238
 40
200.2445281374238
 40
200.2445281374238
 40
201.2445281374238
 40
201.2445281374238
 40
201.2445281374238
 40
202.2445281374238
 40
202.2445281374238
 40
202.2445281374238
 40
207.6105281374238
 40
207.6105281374238
 40
207.6105281374238
 40
208.6105281374238
 40
208.6105281374238
 40
208.6105281374238
 40
209.0347922061357
 40
209.0347922061357
 40
209.0347922061357
 40
210.0347922061357
 40
210.0347922061357
 40
210.0347922061357
 40
232.1067922061357
 40
232.1067922061357
 40
232.1067922061357
 40
233.1067922061357
 40
233.1067922061357
 40
233.1067922061357
 40
233.5310562748476
 40
233.5310562748476
 40
233.5310562748476
 40
234.5310562748476
 40
234.5310562748476
 40
234.5310562748476
 40
234.5310562748476
 10
37.11426833333333
 20
321.7969744444444
 30
0.0
 10
28.01906925925925
 20
321.7969744444444
 30
0.0
 10
18.92387018518518
 20
321.7969744444444
 30
0.0
 10
9.82867111111111
 20
321.7969744444444
 30
0.0
 10
9.563382222222222
 20
321.7969744444444
 30
0.0
 10
9.309029444444443
 20
321.902455
 30
0.0
 10
9.121704444444442
 20
322.08978
 30
0.0
 10
9.086426666666663
 20
322.1250577777778
 30
0.0
 10
9.051148888888886
 20
322.1603355555555
 30
0.0
 10
9.015871111111109
 20
322.1956133333333
 30
0.0
 10
8.828546111111107
 20
322.3829383333333
 30
0.0
 10
8.723065555555554
 20
322.637291111111
 30
0.0
 10
8.723065555555554
 20
322.9025799999999
 30
0.0
 10
8.723065555555554
 20
325.4980837037037
 30
0.0
 10
8.723065555555554
 20
328.0935874074074
 30
0.0
 10
8.723065555555554
 20
330.6890911111111
 30
0.0
 10
8.723065555555554
 20
330.95438
 30
0.0
 10
8.828546111111107
 20
331.2087327777777
 30
0.0
 10
9.015871111111109
 20
331.3960577777777
 30
0.0
 10
9.051148888888887
 20
331.4313355555555
 30
0.0
 10
9.086426666666664
 20
331.4666133333333
 30
0.0
 10
9.121704444444442
 20
331.5018911111111
 30
0.0
 10
9.309029444444443
 20
331.6892161111111
 30
0.0
 10
9.563382222222222
 20
331.7946966666667
 30
0.0
 10
9.82867111111111
 20
331.7946966666667
 30
0.0
 10
10.45967296296296
 20
331.7946966666667
 30
0.0
 10
11.09067481481481
 20
331.7946966666667
 30
0.0
 10
11.72167666666667
 20
331.7946966666667
 30
0.0
 10
11.74989888888889
 20
331.7946966666667
 30
0.0
 10
11.77106555555555
 20
331.0115299999999
 30
0.0
 10
11.77106555555555
 20
330.0449188888888
 30
0.0
 10
11.77106555555555
 20
329.0783077777778
 30
0.0
 10
11.72167666666667
 20
328.63028
 30
0.0
 10
11.72167666666667
 20
328.295141111111
 30
0.0
 10
11.72167666666667
 20
327.7953725925925
 30
0.0
 10
11.72167666666667
 20
327.295604074074
 30
0.0
 10
11.72167666666667
 20
326.7958355555555
 30
0.0
 10
12.72238962962963
 20
326.7958355555555
 30
0.0
 10
13.72310259259259
 20
326.7958355555555
 30
0.0
 10
14.72381555555555
 20
326.7958355555555
 30
0.0
 10
14.72381555555555
 20
327.295604074074
 30
0.0
 10
14.72381555555555
 20
327.7953725925925
 30
0.0
 10
14.72381555555555
 20
328.295141111111
 30
0.0
 10
14.72381555555555
 20
328.63028
 30
0.0
 10
14.67442666666666
 20
329.0783077777778
 30
0.0
 10
14.67442666666666
 20
330.0449188888888
 30
0.0
 10
14.67442666666666
 20
331.0115299999999
 30
0.0
 10
14.69559333333333
 20
331.7946966666667
 30
0.0
 10
14.72381555555555
 20
331.7946966666667
 30
0.0
 10
20.555585
 20
331.7946966666667
 30
0.0
 10
26.38735444444444
 20
331.7946966666667
 30
0.0
 10
32.21912388888888
 20
331.7946966666667
 30
0.0
 10
32.24734611111111
 20
331.7946966666667
 30
0.0
 10
32.26851277777777
 20
331.0115299999999
 30
0.0
 10
32.26851277777777
 20
330.0449188888888
 30
0.0
 10
32.26851277777777
 20
329.0783077777778
 30
0.0
 10
32.21912388888888
 20
328.63028
 30
0.0
 10
32.21912388888888
 20
328.295141111111
 30
0.0
 10
32.21912388888888
 20
327.7953725925925
 30
0.0
 10
32.21912388888888
 20
327.295604074074
 30
0.0
 10
32.21912388888888
 20
326.7958355555555
 30
0.0
 10
33.21983685185184
 20
326.7958355555555
 30
0.0
 10
34.22054981481481
 20
326.7958355555555
 30
0.0
 10
35.22126277777777
 20
326.7958355555555
 30
0.0
 10
35.22126277777777
 20
327.295604074074
 30
0.0
 10
35.22126277777777
 20
327.7953725925925
 30
0.0
 10
35.22126277777777
 20
328.295141111111
 30
0.0
 10
35.22126277777777
 20
328.63028
 30
0.0
 10
35.17187388888888
 20
329.0783077777778
 30
0.0
 10
35.17187388888888
 20
330.0449188888888
 30
0.0
 10
35.17187388888888
 20
331.0115299999999
 30
0.0
 10
35.19304055555556
 20
331.7946966666667
 30
0.0
 10
35.22126277777777
 20
331.7946966666667
 30
0.0
 10
35.85226462962962
 20
331.7946966666667
 30
0.0
 10
36.48326648148147
 20
331.7946966666667
 30
0.0
 10
37.11426833333333
 20
331.7946966666667
 30
0.0
 10
37.37955722222222
 20
331.7946966666667
 30
0.0
 10
37.63390999999999
 20
331.6892161111111
 30
0.0
 10
37.82123499999999
 20
331.5018911111111
 30
0.0
 10
37.85651277777777
 20
331.4666133333333
 30
0.0
 10
37.89179055555555
 20
331.4313355555555
 30
0.0
 10
37.92706833333333
 20
331.3960577777777
 30
0.0
 10
38.1147461111111
 20
331.2087327777777
 30
0.0
 10
38.21987388888888
 20
330.95438
 30
0.0
 10
38.21987388888888
 20
330.6890911111111
 30
0.0
 10
38.21987388888888
 20
328.0935874074074
 30
0.0
 10
38.21987388888888
 20
325.4980837037037
 30
0.0
 10
38.21987388888888
 20
322.9025799999999
 30
0.0
 10
38.21987388888888
 20
322.637291111111
 30
0.0
 10
38.1147461111111
 20
322.3829383333333
 30
0.0
 10
37.92706833333333
 20
322.1956133333333
 30
0.0
 10
37.89179055555555
 20
322.1603355555555
 30
0.0
 10
37.85651277777777
 20
322.1250577777777
 30
0.0
 10
37.82123499999999
 20
322.08978
 30
0.0
 10
37.63390999999999
 20
321.902455
 30
0.0
 10
37.37955722222222
 20
321.7969744444444
 30
0.0
 10
37.11426833333333
 20
321.7969744444444
 30
0.0
  0
SPLINE
  5
E0
330
1F
100
AcDbEntity
  8
DEFAULT
 62
     1
100
AcDbSpline
210
0.0
220
0.0
230
1.0
 70
    11
 71
     3
 72
   101
 73
    97
 74
     0
 42
0.000000001
 43
0.0000000001
 40
1.0
 40
1.0
 40
1.0
 40
1.0
 40
113.78
 40
113.78
 40
113.78
 40
114.78
 40
114.78
 40
114.78
 40
115.2035575521697
 40
115.2035575521697
 40
115.2035575521697
 40
116.2035575521697
 40
116.2035575521697
 40
116.2035575521697
 40
138.2755575521697
 40
138.2755575521697
 40
138.2755575521697
 40
139.2755575521697
 40
139.2755575521697
 40
139.2755575521697
 40
139.6991151043395
 40
139.6991151043395
 40
139.6991151043395
 40
140.6991151043395
 40
140.6991151043395
 40
140.6991151043395
 40
146.0651151043395
 40
146.0651151043395
 40
146.0651151043395
 40
147.0651151043395
 40
147.0651151043395
 40
147.0651151043395
 40
148.0651151043395
 40
148.0651151043395
 40
148.0651151043395
 40
152.3151151043395
 40
152.3151151043395
 40
152.3151151043395
 40
160.8251151043395
 40
160.8251151043395
 40
160.8251151043395
 40
165.0751151043395
 40
165.0751151043395
 40
165.0751151043395
 40
166.0751151043395
 40
166.0751151043395
 40
166.0751151043395
 40
167.0751151043395
 40
167.0751151043395
 40
167.0751151043395
 40
252.1031151043395
 40
252.1031151043395
 40
252.1031151043395
 40
253.1031151043395
 40
253.1031151043395
 40
253.1031151043395
 40
254.1031151043395
 40
254.1031151043395
 40
254.1031151043395
 40
258.3531151043395
 40
258.3531151043395
 40
258.3531151043395
 40
266.8631151043395
 40
266.8631151043395
 40
266.8631151043395
 40
271.1131151043395
 40
271.1131151043395
 40
271.1131151043395
 40
272.1131151043395
 40
272.1131151043395
 40
272.1131151043395
 40
273.1131151043395
 40
273.1131151043395
 40
273.1131151043395
 40
278.4791151043395
 40
278.4791151043395
 40
278.4791151043395
 40
279.4791151043395
 40
279.4791151043395
 40
279.4791151043395
 40
279.9033791730515
 40
279.9033791730515
 40
279.9033791730515
 40
280.9033791730515
 40
280.9033791730515
 40
280.9033791730515
 40
302.9753791730515
 40
302.9753791730515
 40
302.9753791730515
 40
303.9753791730515
 40
303.9753791730515
 40
303.9753791730515
 40
304.3996432417636
 40
304.3996432417636
 40
304.3996432417636
 40
305.3996432417636
 40
305.3996432417636
 40
305.3996432417636
 40
305.3996432417636
 10
73.46290305555554
 20
362.6889988888889
 30
0.0
 10
73.46290305555554
 20
349.4269062962963
 30
0.0
 10
73.46290305555554
 20
336.1648137037037
 30
0.0
 10
73.46290305555554
 20
322.9027211111111
 30
0.0
 10
73.46290305555554
 20
322.6374322222222
 30
0.0
 10
73.35742249999998
 20
322.3830794444444
 30
0.0
 10
73.17009749999998
 20
322.1954016666667
 30
0.0
 10
73.13481972222222
 20
322.1602414814815
 30
0.0
 10
73.09954194444444
 20
322.1250812962963
 30
0.0
 10
73.06426416666666
 20
322.0899211111111
 30
0.0
 10
72.87693916666666
 20
321.9022433333333
 30
0.0
 10
72.62258638888888
 20
321.7971155555555
 30
0.0
 10
72.3572975
 20
321.7971155555555
 30
0.0
 10
69.76179379629629
 20
321.7971155555555
 30
0.0
 10
67.16629009259259
 20
321.7971155555555
 30
0.0
 10
64.57078638888889
 20
321.7971155555555
 30
0.0
 10
64.30549749999999
 20
321.7971155555555
 30
0.0
 10
64.05114472222222
 20
321.9022433333333
 30
0.0
 10
63.86381972222221
 20
322.0899211111111
 30
0.0
 10
63.82854194444443
 20
322.1250812962963
 30
0.0
 10
63.79326416666666
 20
322.1602414814815
 30
0.0
 10
63.75798638888889
 20
322.1954016666667
 30
0.0
 10
63.57066138888888
 20
322.3830794444444
 30
0.0
 10
63.46518083333333
 20
322.6374322222222
 30
0.0
 10
63.46518083333333
 20
322.9027211111111
 30
0.0
 10
63.46518083333333
 20
323.5337229629629
 30
0.0
 10
63.46518083333333
 20
324.1647248148149
 30
0.0
 10
63.46518083333333
 20
324.7957266666667
 30
0.0
 10
63.46518083333333
 20
324.8235961111111
 30
0.0
 10
64.2483475
 20
324.8447627777778
 30
0.0
 10
65.2149586111111
 20
324.8447627777778
 30
0.0
 10
66.1815697222222
 20
324.8447627777778
 30
0.0
 10
66.62959749999999
 20
324.7957266666667
 30
0.0
 10
66.96473638888888
 20
324.7957266666667
 30
0.0
 10
67.4645049074074
 20
324.7957266666667
 30
0.0
 10
67.96427342592592
 20
324.7957266666667
 30
0.0
 10
68.46404194444445
 20
324.7957266666667
 30
0.0
 10
68.46404194444445
 20
325.7964396296297
 30
0.0
 10
68.46404194444445
 20
326.7971525925926
 30
0.0
 10
68.46404194444445
 20
327.7978655555556
 30
0.0
 10
67.96427342592592
 20
327.7978655555556
 30
0.0
 10
67.4645049074074
 20
327.7978655555556
 30
0.0
 10
66.96473638888888
 20
327.7978655555556
 30
0.0
 10
66.62959749999999
 20
327.7978655555556
 30
0.0
 10
66.1815697222222
 20
327.7481238888889
 30
0.0
 10
65.2149586111111
 20
327.7481238888889
 30
0.0
 10
64.2483475
 20
327.7481238888889
 30
0.0
 10
63.46518083333333
 20
327.7692905555555
 30
0.0
 10
63.46518083333333
 20
327.7978655555556
 30
0.0
 10
63.46518083333333
 20
337.7965285185185
 30
0.0
 10
63.46518083333333
 20
347.7951914814815
 30
0.0
 10
63.46518083333333
 20
357.7938544444444
 30
0.0
 10
63.46518083333333
 20
357.8220766666666
 30
0.0
 10
64.2483475
 20
357.8432433333333
 30
0.0
 10
65.2149586111111
 20
357.8432433333333
 30
0.0
 10
66.1815697222222
 20
357.8432433333333
 30
0.0
 10
66.62959749999999
 20
357.7938544444444
 30
0.0
 10
66.96473638888888
 20
357.7938544444444
 30
0.0
 10
67.4645049074074
 20
357.7938544444444
 30
0.0
 10
67.96427342592592
 20
357.7938544444444
 30
0.0
 10
68.46404194444445
 20
357.7938544444444
 30
0.0
 10
68.46404194444445
 20
358.7945674074074
 30
0.0
 10
68.46404194444445
 20
359.7952803703704
 30
0.0
 10
68.46404194444445
 20
360.7959933333333
 30
0.0
 10
67.96427342592592
 20
360.7959933333333
 30
0.0
 10
67.4645049074074
 20
360.7959933333333
 30
0.0
 10
66.96473638888888
 20
360.7959933333333
 30
0.0
 10
66.62959749999999
 20
360.7959933333333
 30
0.0
 10
66.1815697222222
 20
360.7466044444445
 30
0.0
 10
65.2149586111111
 20
360.7466044444445
 30
0.0
 10
64.2483475
 20
360.7466044444445
 30
0.0
 10
63.46518083333333
 20
360.7677711111111
 30
0.0
 10
63.46518083333333
 20
360.7959933333333
 30
0.0
 10
63.46518083333333
 20
361.4269951851852
 30
0.0
 10
63.46518083333333
 20
362.0579970370371
 30
0.0
 10
63.46518083333333
 20
362.6889988888889
 30
0.0
 10
63.46518083333333
 20
362.9542877777778
 30
0.0
 10
63.57066138888888
 20
363.2086405555555
 30
0.0
 10
63.75798638888889
 20
363.3959655555555
 30
0.0
 10
63.79326416666666
 20
363.4312433333333
 30
0.0
 10
63.82854194444443
 20
363.4665211111111
 30
0.0
 10
63.86381972222221
 20
363.5017988888889
 30
0.0
 10
64.05114472222222
 20
363.6891238888889
 30
0.0
 10
64.30549749999999
 20
363.7946044444444
 30
0.0
 10
64.57078638888889
 20
363.7946044444444
 30
0.0
 10
67.16629009259259
 20
363.7946044444445
 30
0.0
 10
69.76179379629629
 20
363.7946044444445
 30
0.0
 10
72.3572975
 20
363.7946044444444
 30
0.0
 10
72.62258638888888
 20
363.7946044444444
 30
0.0
 10
72.87693916666666
 20
363.6891238888889
 30
0.0
 10
73.06426416666666
 20
363.5017988888889
 30
0.0
 10
73.09954194444443
 20
363.4665211111111
 30
0.0
 10
73.1348197222222
 20
363.4312433333333
 30
0.0
 10
73.17009749999998
 20
363.3959655555555
 30
0.0
 10
73.35742249999998
 20
363.2086405555555
 30
0.0
 10
73.46290305555554
 20
362.9542877777778
 30
0.0
 10
73.46290305555554
 20
362.6889988888889
 30
0.0
  0
SPLINE
  5
E1
330
1F
100
AcDbEntity
  8
DEFAULT
 62
     1
100
AcDbSpline
210
0.0
220
0.0
230
1.0
 70
    11
 71
     3
 72
   161
 73
   157
 74
     0
 42
0.000000001
 43
0.0000000001
 40
1.0
 40
1.0
 40
1.0
 40
1.0
 40
8.440000000000055
 40
8.440000000000055
 40
8.440000000000055
 40
9.440000000000055
 40
9.440000000000055
 40
9.440000000000055
 40
18.20105587243917
 40
18.20105587243917
 40
18.20105587243917
 40
19.20105587243917
 40
19.20105587243917
 40
19.20105587243917
 40
36.50688148117572
 40
36.50688148117572
 40
36.50688148117572
 40
37.50688148117572
 40
37.50688148117572
 40
37.50688148117572
 40
43.21688148117575
 40
43.21688148117575
 40
43.21688148117575
 40
44.21688148117575
 40
44.21688148117575
 40
44.21688148117575
 40
45.21688148117575
 40
45.21688148117575
 40
45.21688148117575
 40
49.46688148117575
 40
49.46688148117575
 40
49.46688148117575
 40
57.97688148117575
 40
57.97688148117575
 40
57.97688148117575
 40
62.22688148117575
 40
62.22688148117575
 40
62.22688148117575
 40
63.22688148117575
 40
63.22688148117575
 40
63.22688148117575
 40
64.22688148117575
 40
64.22688148117575
 40
64.22688148117575
 40
76.97688148117575
 40
76.97688148117575
 40
76.97688148117575
 40
77.97688148117575
 40
77.97688148117575
 40
77.97688148117575
 40
78.97688148117575
 40
78.97688148117575
 40
78.97688148117575
 40
83.22688148117575
 40
83.22688148117575
 40
83.22688148117575
 40
91.73688148117574
 40
91.73688148117574
 40
91.73688148117574
 40
95.98688148117574
 40
95.98688148117574
 40
95.98688148117574
 40
96.98688148117574
 40
96.98688148117574
 40
96.98688148117574
 40
97.98688148117574
 40
97.98688148117574
 40
97.98688148117574
 40
103.7168814811758
 40
103.7168814811758
 40
103.7168814811758
 40
104.7168814811758
 40
104.7168814811758
 40
104.7168814811758
 40
122.0227070899123
 40
122.0227070899123
 40
122.0227070899123
 40
123.0227070899123
 40
123.0227070899123
 40
123.0227070899123
 40
131.7837629623515
 40
131.7837629623515
 40
131.7837629623515
 40
132.7837629623515
 40
132.7837629623515
 40
132.7837629623515
 40
140.2237629623515
 40
140.2237629623515
 40
140.2237629623515
 40
141.2237629623515
 40
141.2237629623515
 40
141.2237629623515
 40
150.5222198235732
 40
150.5222198235732
 40
150.5222198235732
 40
151.5222198235732
 40
151.5222198235732
 40
151.5222198235732
 40
155.6422198235732
 40
155.6422198235732
 40
155.6422198235732
 40
156.6422198235732
 40
156.6422198235732
 40
156.6422198235732
 40
160.4022198235732
 40
160.4022198235732
 40
160.4022198235732
 40
161.4022198235732
 40
161.4022198235732
 40
161.4022198235732
 40
167.3162708886215
 40
167.3162708886215
 40
167.3162708886215
 40
168.3162708886215
 40
168.3162708886215
 40
168.3162708886215
 40
184.2385445956019
 40
184.2385445956019
 40
184.2385445956019
 40
185.2385445956019
 40
185.2385445956019
 40
185.2385445956019
 40
209.0985445956019
 40
209.0985445956019
 40
209.0985445956019
 40
210.0985445956019
 40
210.0985445956019
 40
210.0985445956019
 40
226.0208183025824
 40
226.0208183025824
 40
226.0208183025824
 40
227.0208183025824
 40
227.0208183025824
 40
227.0208183025824
 40
232.9298706800791
 40
232.9298706800791
 40
232.9298706800791
 40
233.9298706800791
 40
233.9298706800791
 40
233.9298706800791
 40
237.6898706800791
 40
237.6898706800791
 40
237.6898706800791
 40
238.6898706800791
 40
238.6898706800791
 40
238.6898706800791
 40
242.8098706800791
 40
242.8098706800791
 40
242.8098706800791
 40
243.8098706800791
 40
243.8098706800791
 40
243.8098706800791
 40
253.1083275413006
 40
253.1083275413006
 40
253.1083275413006
 40
254.1083275413006
 40
254.1083275413006
 40
254.1083275413006
 40
254.1083275413006
 10
215.3589447222222
 20
437.4060622222222
 30
0.0
 10
215.3589447222222
 20
436.5311733333333
 30
0.0
 10
215.3589447222222
 20
435.6562844444443
 30
0.0
 10
215.3589447222222
 20
434.7813955555555
 30
0.0
 10
215.3589447222222
 20
434.5168122222222
 30
0.0
 10
215.2566391666667
 20
434.2628122222222
 30
0.0
 10
215.0661391666667
 20
434.07584
 30
0.0
 10
214.3382410185185
 20
433.3467659259259
 30
0.0
 10
213.6103428703704
 20
432.6176918518518
 30
0.0
 10
212.8824447222222
 20
431.8886177777777
 30
0.0
 10
212.3885558333334
 20
431.3947288888889
 30
0.0
 10
211.9581669444445
 20
430.83734
 30
0.0
 10
211.6089169444444
 20
430.2305622222222
 30
0.0
 10
210.5858613888889
 20
428.471377037037
 30
0.0
 10
209.5628058333333
 20
426.7121918518519
 30
0.0
 10
208.5397502777778
 20
424.9530066666667
 30
0.0
 10
207.2838613888889
 20
422.7975344444444
 30
0.0
 10
204.9802225
 20
421.4710899999999
 30
0.0
 10
202.4860836111111
 20
421.4710899999999
 30
0.0
 10
201.8146299074074
 20
421.4710899999999
 30
0.0
 10
201.1431762037037
 20
421.4710899999999
 30
0.0
 10
200.4717225
 20
421.4710899999999
 30
0.0
 10
200.4435002777778
 20
421.4710899999999
 30
0.0
 10
200.4223336111111
 20
422.2542566666666
 30
0.0
 10
200.4223336111111
 20
423.2208677777778
 30
0.0
 10
200.4223336111111
 20
424.1874788888888
 30
0.0
 10
200.4717225
 20
424.6355066666666
 30
0.0
 10
200.4717225
 20
424.9706455555555
 30
0.0
 10
200.4717225
 20
425.470414074074
 30
0.0
 10
200.4717225
 20
425.9701825925925
 30
0.0
 10
200.4717225
 20
426.4699511111111
 30
0.0
 10
199.471009537037
 20
426.469951111111
 30
0.0
 10
198.4702965740741
 20
426.469951111111
 30
0.0
 10
197.4695836111111
 20
426.4699511111111
 30
0.0
 10
197.4695836111111
 20
425.9701825925925
 30
0.0
 10
197.4695836111111
 20
425.470414074074
 30
0.0
 10
197.4695836111111
 20
424.9706455555555
 30
0.0
 10
197.4695836111111
 20
424.6355066666666
 30
0.0
 10
197.5189725
 20
424.1874788888888
 30
0.0
 10
197.5189725
 20
423.2208677777778
 30
0.0
 10
197.5189725
 20
422.2542566666666
 30
0.0
 10
197.4978058333333
 20
421.4710899999999
 30
0.0
 10
197.4695836111111
 20
421.4710899999999
 30
0.0
 10
195.9702780555555
 20
421.4710899999999
 30
0.0
 10
194.4709724999999
 20
421.4710899999999
 30
0.0
 10
192.9716669444444
 20
421.4710899999999
 30
0.0
 10
192.9434447222222
 20
421.4710899999999
 30
0.0
 10
192.9222780555556
 20
422.2542566666666
 30
0.0
 10
192.9222780555556
 20
423.2208677777778
 30
0.0
 10
192.9222780555556
 20
424.1874788888888
 30
0.0
 10
192.9716669444444
 20
424.6355066666666
 30
0.0
 10
192.9716669444444
 20
424.9706455555555
 30
0.0
 10
192.9716669444444
 20
425.470414074074
 30
0.0
 10
192.9716669444444
 20
425.9701825925925
 30
0.0
 10
192.9716669444444
 20
426.4699511111111
 30
0.0
 10
191.9709539814815
 20
426.469951111111
 30
0.0
 10
190.9702410185185
 20
426.469951111111
 30
0.0
 10
189.9695280555555
 20
426.4699511111111
 30
0.0
 10
189.9695280555555
 20
425.9701825925925
 30
0.0
 10
189.9695280555555
 20
425.470414074074
 30
0.0
 10
189.9695280555555
 20
424.9706455555555
 30
0.0
 10
189.9695280555555
 20
424.6355066666666
 30
0.0
 10
190.0189169444444
 20
424.1874788888888
 30
0.0
 10
190.0189169444444
 20
423.2208677777778
 30
0.0
 10
190.0189169444444
 20
422.2542566666666
 30
0.0
 10
189.9977502777778
 20
421.4710899999999
 30
0.0
 10
189.9695280555555
 20
421.4710899999999
 30
0.0
 10
189.2957225
 20
421.4710899999999
 30
0.0
 10
188.6219169444444
 20
421.4710899999999
 30
0.0
 10
187.9481113888889
 20
421.4710899999999
 30
0.0
 10
185.4575002777778
 20
421.4710899999999
 30
0.0
 10
183.1503336111111
 20
422.7975344444444
 30
0.0
 10
181.8979725
 20
424.9530066666667
 30
0.0
 10
180.8749169444444
 20
426.7121918518519
 30
0.0
 10
179.8518613888889
 20
428.471377037037
 30
0.0
 10
178.8288058333333
 20
430.2305622222222
 30
0.0
 10
178.4795558333333
 20
430.83734
 30
0.0
 10
178.0491669444444
 20
431.3947288888889
 30
0.0
 10
177.5552780555556
 20
431.8886177777777
 30
0.0
 10
176.8273799074074
 20
432.6176918518518
 30
0.0
 10
176.0994817592592
 20
433.3467659259259
 30
0.0
 10
175.3715836111111
 20
434.07584
 30
0.0
 10
175.1810836111111
 20
434.2628122222222
 30
0.0
 10
175.0787780555555
 20
434.5168122222222
 30
0.0
 10
175.0787780555555
 20
434.7813955555555
 30
0.0
 10
175.0787780555555
 20
435.6562844444445
 30
0.0
 10
175.0787780555555
 20
436.5311733333333
 30
0.0
 10
175.0787780555555
 20
437.4060622222222
 30
0.0
 10
175.0787780555555
 20
437.6706455555556
 30
0.0
 10
175.1810836111111
 20
437.9246455555555
 30
0.0
 10
175.3715836111111
 20
438.1116177777777
 30
0.0
 10
176.1441669444444
 20
438.885377037037
 30
0.0
 10
176.9167502777778
 20
439.6591362962963
 30
0.0
 10
177.6893336111111
 20
440.4328955555555
 30
0.0
 10
177.8763058333333
 20
440.6198677777777
 30
0.0
 10
178.1303058333334
 20
440.7257011111111
 30
0.0
 10
178.3984169444444
 20
440.7257011111111
 30
0.0
 10
178.8828984259259
 20
440.7257011111112
 30
0.0
 10
179.3673799074074
 20
440.7257011111112
 30
0.0
 10
179.8518613888889
 20
440.7257011111111
 30
0.0
 10
180.4021947222222
 20
440.7257011111111
 30
0.0
 10
180.8502225
 20
440.2776733333333
 30
0.0
 10
180.8502225
 20
439.72734
 30
0.0
 10
180.8502225000001
 20
439.2851918518518
 30
0.0
 10
180.8502225000001
 20
438.8430437037036
 30
0.0
 10
180.8502225
 20
438.4008955555555
 30
0.0
 10
180.8502225
 20
437.5260066666666
 30
0.0
 10
181.0795280555556
 20
436.6652288888889
 30
0.0
 10
181.5169725
 20
435.9067566666666
 30
0.0
 10
181.8650465740741
 20
435.3046825925926
 30
0.0
 10
182.2131206481481
 20
434.7026085185185
 30
0.0
 10
182.5611947222222
 20
434.1005344444445
 30
0.0
 10
182.8257780555556
 20
433.6419233333333
 30
0.0
 10
183.2632225
 20
433.3067844444445
 30
0.0
 10
183.7747502777778
 20
433.1692011111111
 30
0.0
 10
185.5833243518519
 20
432.6847196296296
 30
0.0
 10
187.391898425926
 20
432.2002381481481
 30
0.0
 10
189.2004725
 20
431.7157566666666
 30
0.0
 10
189.7896113888889
 20
431.5570066666667
 30
0.0
 10
190.3999169444444
 20
431.4793955555555
 30
0.0
 10
191.0102225
 20
431.4793955555555
 30
0.0
 10
193.8159817592592
 20
431.4793955555555
 30
0.0
 10
196.6217410185185
 20
431.4793955555555
 30
0.0
 10
199.4275002777778
 20
431.4793955555555
 30
0.0
 10
200.0378058333334
 20
431.4793955555555
 30
0.0
 10
200.6481113888889
 20
431.5570066666667
 30
0.0
 10
201.2372502777778
 20
431.7157566666666
 30
0.0
 10
203.0458243518518
 20
432.2002381481481
 30
0.0
 10
204.854398425926
 20
432.6847196296296
 30
0.0
 10
206.6629725
 20
433.1692011111111
 30
0.0
 10
207.1745002777778
 20
433.3067844444445
 30
0.0
 10
207.6119447222222
 20
433.6419233333333
 30
0.0
 10
207.8765280555556
 20
434.1005344444445
 30
0.0
 10
208.2234262037037
 20
434.7026085185185
 30
0.0
 10
208.5703243518518
 20
435.3046825925926
 30
0.0
 10
208.9172225
 20
435.9067566666666
 30
0.0
 10
209.3546669444445
 20
436.6652288888889
 30
0.0
 10
209.5875002777778
 20
437.5260066666666
 30
0.0
 10
209.5875002777778
 20
438.4008955555555
 30
0.0
 10
209.5875002777778
 20
438.8430437037036
 30
0.0
 10
209.5875002777778
 20
439.2851918518518
 30
0.0
 10
209.5875002777778
 20
439.72734
 30
0.0
 10
209.5875002777778
 20
440.2776733333333
 30
0.0
 10
210.0320002777778
 20
440.7257011111111
 30
0.0
 10
210.5858613888889
 20
440.7257011111111
 30
0.0
 10
211.0703428703704
 20
440.7257011111112
 30
0.0
 10
211.5548243518519
 20
440.7257011111112
 30
0.0
 10
212.0393058333333
 20
440.7257011111111
 30
0.0
 10
212.3074169444444
 20
440.7257011111111
 30
0.0
 10
212.5614169444445
 20
440.6198677777777
 30
0.0
 10
212.7483891666667
 20
440.4328955555555
 30
0.0
 10
213.5209725
 20
439.6591362962963
 30
0.0
 10
214.2935558333333
 20
438.885377037037
 30
0.0
 10
215.0661391666667
 20
438.1116177777777
 30
0.0
 10
215.2566391666667
 20
437.9246455555555
 30
0.0
 10
215.3589447222222
 20
437.6706455555556
 30
0.0
 10
215.3589447222222
 20
437.4060622222222
 30
0.0
  0
SPLINE
  5
E2
330
1F
100
AcDbEntity
  8
DEFAULT
 62
     1
100
AcDbSpline
210
0.0
220
0.0
230
1.0
 70
    11
 71
     3
 72
   293
 73
   289
 74
     0
 42
0.000000001
 43
0.0000000001
 40
1.0
 40
1.0
 40
1.0
 40
1.0
 40
8.432000000000016
 40
8.432000000000016
 40
8.432000000000016
 40
9.432000000000016
 40
9.432000000000016
 40
9.432000000000016
 40
18.19588144602617
 40
18.19588144602617
 40
18.19588144602617
 40
19.19588144602617
 40
19.19588144602617
 40
19.19588144602617
 40
40.8245022296082
 40
40.8245022296082
 40
40.8245022296082
 40
41.8245022296082
 40
41.8245022296082
 40
41.8245022296082
 40
50.79950222960811
 40
50.79950222960811
 40
50.79950222960811
 40
51.79950222960811
 40
51.79950222960811
 40
51.79950222960811
 40
55.94143535316286
 40
55.94143535316286
 40
55.94143535316286
 40
56.94143535316286
 40
56.94143535316286
 40
56.94143535316286
 40
59.44743535316294
 40
59.44743535316294
 40
59.44743535316294
 40
60.44743535316294
 40
60.44743535316294
 40
60.44743535316294
 40
65.03843535316295
 40
65.03843535316295
 40
65.03843535316295
 40
66.03843535316295
 40
66.03843535316295
 40
66.03843535316295
 40
73.97217343807596
 40
73.97217343807596
 40
73.97217343807596
 40
74.97217343807596
 40
74.97217343807596
 40
74.97217343807596
 40
77.874173438076
 40
77.874173438076
 40
77.874173438076
 40
78.874173438076
 40
78.874173438076
 40
78.874173438076
 40
79.874173438076
 40
79.874173438076
 40
79.874173438076
 40
89.79417343807607
 40
89.79417343807607
 40
89.79417343807607
 40
98.30417343807606
 40
98.30417343807606
 40
98.30417343807606
 40
108.2241734380761
 40
108.2241734380761
 40
108.2241734380761
 40
109.2241734380761
 40
109.2241734380761
 40
109.2241734380761
 40
110.2241734380761
 40
110.2241734380761
 40
110.2241734380761
 40
127.2441734380761
 40
127.2441734380761
 40
127.2441734380761
 40
128.2441734380761
 40
128.2441734380761
 40
128.2441734380761
 40
129.2441734380761
 40
129.2441734380761
 40
129.2441734380761
 40
139.1641734380762
 40
139.1641734380762
 40
139.1641734380762
 40
147.6741734380762
 40
147.6741734380762
 40
147.6741734380762
 40
157.5941734380763
 40
157.5941734380763
 40
157.5941734380763
 40
158.5941734380763
 40
158.5941734380763
 40
158.5941734380763
 40
159.5941734380763
 40
159.5941734380763
 40
159.5941734380763
 40
162.4961734380763
 40
162.4961734380763
 40
162.4961734380763
 40
163.4961734380763
 40
163.4961734380763
 40
163.4961734380763
 40
171.429204447722
 40
171.429204447722
 40
171.429204447722
 40
172.429204447722
 40
172.429204447722
 40
172.429204447722
 40
177.020204447722
 40
177.020204447722
 40
177.020204447722
 40
178.020204447722
 40
178.020204447722
 40
178.020204447722
 40
180.5262044477221
 40
180.5262044477221
 40
180.5262044477221
 40
181.5262044477221
 40
181.5262044477221
 40
181.5262044477221
 40
185.6681375712768
 40
185.6681375712768
 40
185.6681375712768
 40
186.6681375712768
 40
186.6681375712768
 40
186.6681375712768
 40
195.6431375712767
 40
195.6431375712767
 40
195.6431375712767
 40
196.6431375712767
 40
196.6431375712767
 40
196.6431375712767
 40
218.2717583548587
 40
218.2717583548587
 40
218.2717583548587
 40
219.2717583548587
 40
219.2717583548587
 40
219.2717583548587
 40
228.0356398008849
 40
228.0356398008849
 40
228.0356398008849
 40
229.0356398008849
 40
229.0356398008849
 40
229.0356398008849
 40
236.4676398008849
 40
236.4676398008849
 40
236.4676398008849
 40
237.4676398008849
 40
237.4676398008849
 40
237.4676398008849
 40
249.6015921660462
 40
249.6015921660462
 40
249.6015921660462
 40
250.6015921660462
 40
250.6015921660462
 40
250.6015921660462
 40
254.7225921660462
 40
254.7225921660462
 40
254.7225921660462
 40
255.7225921660462
 40
255.7225921660462
 40
255.7225921660462
 40
259.4705921660462
 40
259.4705921660462
 40
259.4705921660462
 40
260.4705921660462
 40
260.4705921660462
 40
260.4705921660462
 40
266.3682500062402
 40
266.3682500062402
 40
266.3682500062402
 40
267.3682500062402
 40
267.3682500062402
 40
267.3682500062402
 40
270.4246478860982
 40
270.4246478860982
 40
270.4246478860982
 40
271.4246478860982
 40
271.4246478860982
 40
271.4246478860982
 40
272.4246478860982
 40
272.4246478860982
 40
272.4246478860982
 40
276.6696449414563
 40
276.6696449414563
 40
276.6696449414563
 40
285.1815483713597
 40
285.1815483713597
 40
285.1815483713597
 40
289.4362046441976
 40
289.4362046441976
 40
289.4362046441976
 40
290.4362046441976
 40
290.4362046441976
 40
290.4362046441976
 40
291.4362046441976
 40
291.4362046441976
 40
291.4362046441976
 40
295.7951491265236
 40
295.7951491265236
 40
295.7951491265236
 40
296.7951491265236
 40
296.7951491265236
 40
296.7951491265236
 40
304.4671491265236
 40
304.4671491265236
 40
304.4671491265236
 40
305.4671491265236
 40
305.4671491265236
 40
305.4671491265236
 40
306.4671491265236
 40
306.4671491265236
 40
306.4671491265236
 40
310.7171491265236
 40
310.7171491265236
 40
310.7171491265236
 40
319.2271491265236
 40
319.2271491265236
 40
319.2271491265236
 40
323.4771491265236
 40
323.4771491265236
 40
323.4771491265236
 40
324.4771491265236
 40
324.4771491265236
 40
324.4771491265236
 40
325.4771491265236
 40
325.4771491265236
 40
325.4771491265236
 40
333.1531491265237
 40
333.1531491265237
 40
333.1531491265237
 40
334.1531491265237
 40
334.1531491265237
 40
334.1531491265237
 40
338.5251692545651
 40
338.5251692545651
 40
338.5251692545651
 40
339.5251692545651
 40
339.5251692545651
 40
339.5251692545651
 40
340.5251692545651
 40
340.5251692545651
 40
340.5251692545651
 40
344.779825527403
 40
344.779825527403
 40
344.779825527403
 40
353.2917289573063
 40
353.2917289573063
 40
353.2917289573063
 40
357.5367260126644
 40
357.5367260126644
 40
357.5367260126644
 40
358.5367260126644
 40
358.5367260126644
 40
358.5367260126644
 40
359.5367260126644
 40
359.5367260126644
 40
359.5367260126644
 40
362.5851382223238
 40
362.5851382223238
 40
362.5851382223238
 40
363.5851382223238
 40
363.5851382223238
 40
363.5851382223238
 40
369.4850281365511
 40
369.4850281365511
 40
369.4850281365511
 40
370.4850281365511
 40
370.4850281365511
 40
370.4850281365511
 40
374.2330281365511
 40
374.2330281365511
 40
374.2330281365511
 40
375.2330281365511
 40
375.2330281365511
 40
375.2330281365511
 40
379.3540281365511
 40
379.3540281365511
 40
379.3540281365511
 40
380.3540281365511
 40
380.3540281365511
 40
380.3540281365511
 40
392.4879805017123
 40
392.4879805017123
 40
392.4879805017123
 40
393.4879805017123
 40
393.4879805017123
 40
393.4879805017123
 40
393.4879805017123
 10
216.0680280555555
 20
401.5502933333333
 30
0.0
 10
216.0680280555556
 20
400.6763451851851
 30
0.0
 10
216.0680280555556
 20
399.802397037037
 30
0.0
 10
216.0680280555555
 20
398.9284488888889
 30
0.0
 10
216.0680280555555
 20
398.6635127777777
 30
0.0
 10
215.9625475
 20
398.4088072222222
 30
0.0
 10
215.7752225
 20
398.2214822222222
 30
0.0
 10
215.0465012037037
 20
397.4927609259259
 30
0.0
 10
214.3177799074074
 20
396.7640396296296
 30
0.0
 10
213.5890586111111
 20
396.0353183333333
 30
0.0
 10
213.0944641666667
 20
395.5407238888888
 30
0.0
 10
212.6665447222222
 20
394.9829822222222
 30
0.0
 10
212.3165891666667
 20
394.37691
 30
0.0
 10
211.0455308333333
 20
392.1739303703703
 30
0.0
 10
209.7744725
 20
389.9709507407408
 30
0.0
 10
208.5034141666667
 20
387.7679711111111
 30
0.0
 10
208.0649113888889
 20
387.0080877777777
 30
0.0
 10
207.8341947222222
 20
386.1462516666666
 30
0.0
 10
207.8341947222222
 20
385.2688933333333
 30
0.0
 10
207.8341947222222
 20
384.2134998148147
 30
0.0
 10
207.8341947222222
 20
383.1581062962962
 30
0.0
 10
207.8341947222222
 20
382.1027127777778
 30
0.0
 10
207.8341947222222
 20
381.7516988888888
 30
0.0
 10
207.9266225
 20
381.407035
 30
0.0
 10
208.1019530555556
 20
381.1029405555555
 30
0.0
 10
208.3454873148148
 20
380.6811359259259
 30
0.0
 10
208.5890215740741
 20
380.2593312962963
 30
0.0
 10
208.8325558333333
 20
379.8375266666666
 30
0.0
 10
208.9203975
 20
379.6854794444444
 30
0.0
 10
208.9666113888889
 20
379.512971111111
 30
0.0
 10
208.9666113888889
 20
379.3376405555555
 30
0.0
 10
208.9666113888889
 20
379.0429535185185
 30
0.0
 10
208.9666113888889
 20
378.7482664814815
 30
0.0
 10
208.9666113888889
 20
378.4535794444444
 30
0.0
 10
208.9666113888889
 20
377.9011294444444
 30
0.0
 10
208.5189363888889
 20
377.4534544444444
 30
0.0
 10
207.9664863888889
 20
377.4534544444444
 30
0.0
 10
207.4266187962963
 20
377.4534544444444
 30
0.0
 10
206.8867512037037
 20
377.4534544444444
 30
0.0
 10
206.3468836111111
 20
377.4534544444444
 30
0.0
 10
206.0815947222222
 20
377.4534544444444
 30
0.0
 10
205.8272419444444
 20
377.558935
 30
0.0
 10
205.6399169444445
 20
377.74626
 30
0.0
 10
204.9802225
 20
378.4059544444444
 30
0.0
 10
204.3205280555556
 20
379.0656488888889
 30
0.0
 10
203.6608336111111
 20
379.7253433333333
 30
0.0
 10
203.2858308333333
 20
380.100346111111
 30
0.0
 10
202.7771252777778
 20
380.3109544444445
 30
0.0
 10
202.2469002777778
 20
380.3109544444445
 30
0.0
 10
201.905646574074
 20
380.3109544444445
 30
0.0
 10
201.5643928703704
 20
380.3109544444445
 30
0.0
 10
201.2231391666666
 20
380.3109544444445
 30
0.0
 10
201.1949169444445
 20
380.3109544444445
 30
0.0
 10
201.1737502777778
 20
381.094121111111
 30
0.0
 10
201.1737502777778
 20
382.0607322222222
 30
0.0
 10
201.1737502777778
 20
383.0273433333332
 30
0.0
 10
201.2231391666666
 20
383.475371111111
 30
0.0
 10
201.2231391666666
 20
383.81051
 30
0.0
 10
201.2231391666666
 20
384.9770285185185
 30
0.0
 10
201.2231391666666
 20
386.143547037037
 30
0.0
 10
201.2231391666666
 20
387.3100655555555
 30
0.0
 10
200.2224262037037
 20
387.3100655555556
 30
0.0
 10
199.2217132407407
 20
387.3100655555556
 30
0.0
 10
198.2210002777778
 20
387.3100655555555
 30
0.0
 10
198.2210002777778
 20
386.143547037037
 30
0.0
 10
198.2210002777778
 20
384.9770285185185
 30
0.0
 10
198.2210002777778
 20
383.81051
 30
0.0
 10
198.2210002777778
 20
383.475371111111
 30
0.0
 10
198.2703891666666
 20
383.0273433333332
 30
0.0
 10
198.2703891666666
 20
382.0607322222222
 30
0.0
 10
198.2703891666666
 20
381.094121111111
 30
0.0
 10
198.2492225
 20
380.3109544444445
 30
0.0
 10
198.2210002777778
 20
380.3109544444445
 30
0.0
 10
196.2195743518519
 20
380.3109544444445
 30
0.0
 10
194.2181484259259
 20
380.3109544444445
 30
0.0
 10
192.2167225
 20
380.3109544444445
 30
0.0
 10
192.1885002777778
 20
380.3109544444445
 30
0.0
 10
192.1673336111111
 20
381.094121111111
 30
0.0
 10
192.1673336111111
 20
382.0607322222222
 30
0.0
 10
192.1673336111111
 20
383.0273433333332
 30
0.0
 10
192.2167225
 20
383.475371111111
 30
0.0
 10
192.2167225
 20
383.81051
 30
0.0
 10
192.2167225
 20
384.9770285185185
 30
0.0
 10
192.2167225
 20
386.143547037037
 30
0.0
 10
192.2167225
 20
387.3100655555555
 30
0.0
 10
191.2160095370371
 20
387.3100655555556
 30
0.0
 10
190.215296574074
 20
387.3100655555556
 30
0.0
 10
189.2145836111111
 20
387.3100655555555
 30
0.0
 10
189.2145836111111
 20
386.143547037037
 30
0.0
 10
189.2145836111111
 20
384.9770285185185
 30
0.0
 10
189.2145836111111
 20
383.81051
 30
0.0
 10
189.2145836111111
 20
383.475371111111
 30
0.0
 10
189.2639725
 20
383.0273433333332
 30
0.0
 10
189.2639725
 20
382.0607322222222
 30
0.0
 10
189.2639725
 20
381.094121111111
 30
0.0
 10
189.2428058333333
 20
380.3109544444445
 30
0.0
 10
189.2145836111111
 20
380.3109544444445
 30
0.0
 10
188.8733299074074
 20
380.3109544444445
 30
0.0
 10
188.5320762037037
 20
380.3109544444445
 30
0.0
 10
188.1908225
 20
380.3109544444445
 30
0.0
 10
187.6605975
 20
380.3109544444445
 30
0.0
 10
187.1518919444445
 20
380.100346111111
 30
0.0
 10
186.7768891666667
 20
379.7253433333333
 30
0.0
 10
186.1171947222223
 20
379.0657664814814
 30
0.0
 10
185.4575002777778
 20
378.4061896296296
 30
0.0
 10
184.7978058333333
 20
377.7466127777778
 30
0.0
 10
184.6104808333333
 20
377.558935
 30
0.0
 10
184.3561280555555
 20
377.4534544444444
 30
0.0
 10
184.0908391666667
 20
377.4534544444444
 30
0.0
 10
183.5509715740741
 20
377.4534544444444
 30
0.0
 10
183.0111039814815
 20
377.4534544444444
 30
0.0
 10
182.4712363888889
 20
377.4534544444444
 30
0.0
 10
181.9187863888889
 20
377.4534544444444
 30
0.0
 10
181.4711113888889
 20
377.9011294444444
 30
0.0
 10
181.4711113888889
 20
378.4535794444444
 30
0.0
 10
181.4711113888889
 20
378.7482664814815
 30
0.0
 10
181.4711113888889
 20
379.0429535185185
 30
0.0
 10
181.4711113888889
 20
379.3376405555555
 30
0.0
 10
181.4711113888889
 20
379.512971111111
 30
0.0
 10
181.5173252777778
 20
379.6854794444444
 30
0.0
 10
181.6051669444444
 20
379.8375266666666
 30
0.0
 10
181.8487012037037
 20
380.2593312962963
 30
0.0
 10
182.092235462963
 20
380.6811359259259
 30
0.0
 10
182.3357697222222
 20
381.1029405555555
 30
0.0
 10
182.5111002777778
 20
381.407035
 30
0.0
 10
182.6035280555556
 20
381.7516988888888
 30
0.0
 10
182.6035280555556
 20
382.1027127777778
 30
0.0
 10
182.6035280555556
 20
383.1581062962962
 30
0.0
 10
182.6035280555556
 20
384.2134998148147
 30
0.0
 10
182.6035280555556
 20
385.2688933333333
 30
0.0
 10
182.6035280555556
 20
386.1462516666666
 30
0.0
 10
182.3728113888889
 20
387.0080877777777
 30
0.0
 10
181.9343086111111
 20
387.7679711111111
 30
0.0
 10
180.6632502777777
 20
389.9709507407408
 30
0.0
 10
179.3921919444444
 20
392.1739303703703
 30
0.0
 10
178.1211336111111
 20
394.37691
 30
0.0
 10
177.7711780555556
 20
394.9829822222222
 30
0.0
 10
177.3436113888889
 20
395.5407238888888
 30
0.0
 10
176.8486641666667
 20
396.0353183333333
 30
0.0
 10
176.1199428703704
 20
396.7640396296296
 30
0.0
 10
175.3912215740741
 20
397.4927609259259
 30
0.0
 10
174.6625002777778
 20
398.2214822222222
 30
0.0
 10
174.4751752777778
 20
398.4088072222222
 30
0.0
 10
174.3696947222222
 20
398.6635127777777
 30
0.0
 10
174.3696947222222
 20
398.9284488888889
 30
0.0
 10
174.3696947222222
 20
399.802397037037
 30
0.0
 10
174.3696947222222
 20
400.6763451851851
 30
0.0
 10
174.3696947222222
 20
401.5502933333333
 30
0.0
 10
174.3696947222222
 20
401.8155822222222
 30
0.0
 10
174.4751752777778
 20
402.0699349999999
 30
0.0
 10
174.6625002777778
 20
402.2572599999999
 30
0.0
 10
175.6714447222222
 20
403.2662044444444
 30
0.0
 10
176.6803891666667
 20
404.2751488888889
 30
0.0
 10
177.6893336111111
 20
405.2840933333333
 30
0.0
 10
177.8766586111111
 20
405.4714183333333
 30
0.0
 10
178.1310113888889
 20
405.5768988888888
 30
0.0
 10
178.3963002777778
 20
405.5768988888888
 30
0.0
 10
178.8808993518519
 20
405.5768988888888
 30
0.0
 10
179.3654984259259
 20
405.5768988888888
 30
0.0
 10
179.8500975
 20
405.5768988888888
 30
0.0
 10
180.4025475
 20
405.5768988888888
 30
0.0
 10
180.8502225
 20
405.1292238888888
 30
0.0
 10
180.8502225
 20
404.5767738888889
 30
0.0
 10
180.8502225
 20
404.1360368518519
 30
0.0
 10
180.8502225
 20
403.6952998148147
 30
0.0
 10
180.8502225
 20
403.2545627777777
 30
0.0
 10
180.8502225
 20
402.3772044444444
 30
0.0
 10
181.0812919444444
 20
401.5150155555555
 30
0.0
 10
181.5197947222222
 20
400.7551322222222
 30
0.0
 10
181.8664576851852
 20
400.1544692592593
 30
0.0
 10
182.2131206481481
 20
399.5538062962963
 30
0.0
 10
182.5597836111111
 20
398.9531433333333
 30
0.0
 10
182.8250725
 20
398.4938266666666
 30
0.0
 10
183.2618113888889
 20
398.1586877777777
 30
0.0
 10
183.7740447222222
 20
398.0211044444445
 30
0.0
 10
184.1211780555556
 20
397.9279711111112
 30
0.0
 10
184.4683113888889
 20
397.8348377777778
 30
0.0
 10
184.8154447222222
 20
397.7417044444444
 30
0.0
 10
184.8401391666667
 20
397.7346488888888
 30
0.0
 10
184.6602225
 20
396.9726488888888
 30
0.0
 10
184.4097502777778
 20
396.0413155555555
 30
0.0
 10
184.1592780555555
 20
395.1064544444444
 30
0.0
 10
183.9970002777778
 20
394.6866488888889
 30
0.0
 10
183.9088058333333
 20
394.3620933333333
 30
0.0
 10
183.7794539814815
 20
393.8799637037037
 30
0.0
 10
183.6501021296296
 20
393.3978340740741
 30
0.0
 10
183.5207502777778
 20
392.9157044444444
 30
0.0
 10
184.4873613888889
 20
392.6558248148148
 30
0.0
 10
185.4539725
 20
392.3959451851852
 30
0.0
 10
186.4205836111111
 20
392.1360655555555
 30
0.0
 10
186.549935462963
 20
392.6193711111111
 30
0.0
 10
186.6792873148148
 20
393.1026766666666
 30
0.0
 10
186.8086391666666
 20
393.5859822222222
 30
0.0
 10
186.8968336111111
 20
393.9105377777777
 30
0.0
 10
186.9638613888889
 20
394.3550377777777
 30
0.0
 10
187.2143336111111
 20
395.2898988888888
 30
0.0
 10
187.4648058333333
 20
396.2177044444444
 30
0.0
 10
187.6835280555555
 20
396.9655933333332
 30
0.0
 10
187.7152780555556
 20
396.9655933333332
 30
0.0
 10
188.210460462963
 20
396.833184074074
 30
0.0
 10
188.7056428703704
 20
396.7007748148147
 30
0.0
 10
189.2008252777778
 20
396.5683655555555
 30
0.0
 10
189.7906697222222
 20
396.4106738888889
 30
0.0
 10
190.3988586111111
 20
396.3305933333333
 30
0.0
 10
191.0095169444444
 20
396.3305933333333
 30
0.0
 10
191.9116873148148
 20
396.3305933333333
 30
0.0
 10
192.8138576851852
 20
396.3305933333333
 30
0.0
 10
193.7160280555555
 20
396.3305933333333
 30
0.0
 10
193.7442502777778
 20
396.3305933333333
 30
0.0
 10
193.7654169444444
 20
395.5474266666666
 30
0.0
 10
193.7654169444444
 20
394.5808155555555
 30
0.0
 10
193.7654169444444
 20
393.6142044444443
 30
0.0
 10
193.7160280555555
 20
393.1661766666666
 30
0.0
 10
193.7160280555555
 20
392.8310377777778
 30
0.0
 10
193.7160280555555
 20
392.3312692592593
 30
0.0
 10
193.7160280555555
 20
391.8315007407408
 30
0.0
 10
193.7160280555555
 20
391.3317322222222
 30
0.0
 10
194.7167410185185
 20
391.3317322222222
 30
0.0
 10
195.7174539814814
 20
391.3317322222222
 30
0.0
 10
196.7181669444444
 20
391.3317322222222
 30
0.0
 10
196.7181669444444
 20
391.8315007407408
 30
0.0
 10
196.7181669444444
 20
392.3312692592593
 30
0.0
 10
196.7181669444444
 20
392.8310377777778
 30
0.0
 10
196.7181669444444
 20
393.1661766666666
 30
0.0
 10
196.6687780555555
 20
393.6142044444443
 30
0.0
 10
196.6687780555555
 20
394.5808155555555
 30
0.0
 10
196.6687780555555
 20
395.5474266666666
 30
0.0
 10
196.6934725
 20
396.3305933333333
 30
0.0
 10
196.7216947222222
 20
396.3305933333333
 30
0.0
 10
197.6243354629629
 20
396.3305933333333
 30
0.0
 10
198.5269762037037
 20
396.3305933333333
 30
0.0
 10
199.4296169444444
 20
396.3305933333333
 30
0.0
 10
200.0395697222222
 20
396.3305933333333
 30
0.0
 10
200.6467002777778
 20
396.4103211111111
 30
0.0
 10
201.2358391666667
 20
396.5676599999999
 30
0.0
 10
201.7325502777778
 20
396.7003044444444
 30
0.0
 10
202.2292613888889
 20
396.8329488888888
 30
0.0
 10
202.7259725
 20
396.9655933333332
 30
0.0
 10
202.7541947222222
 20
396.9655933333332
 30
0.0
 10
202.9764447222222
 20
396.2177044444444
 30
0.0
 10
203.2233891666667
 20
395.2898988888888
 30
0.0
 10
203.4738613888889
 20
394.3550377777777
 30
0.0
 10
203.5444169444444
 20
393.9105377777777
 30
0.0
 10
203.6290836111111
 20
393.5859822222222
 30
0.0
 10
203.758435462963
 20
393.1026766666666
 30
0.0
 10
203.8877873148148
 20
392.6193711111111
 30
0.0
 10
204.0171391666667
 20
392.1360655555555
 30
0.0
 10
204.9837502777778
 20
392.3959451851852
 30
0.0
 10
205.9503613888889
 20
392.6558248148148
 30
0.0
 10
206.9169725
 20
392.9157044444444
 30
0.0
 10
206.7876206481481
 20
393.3978340740741
 30
0.0
 10
206.6582687962963
 20
393.8799637037037
 30
0.0
 10
206.5289169444445
 20
394.3620933333333
 30
0.0
 10
206.4442502777778
 20
394.6866488888889
 30
0.0
 10
206.2784447222222
 20
395.1064544444444
 30
0.0
 10
206.0279725
 20
396.0413155555555
 30
0.0
 10
205.7810280555556
 20
396.9726488888888
 30
0.0
 10
205.5975836111111
 20
397.7346488888888
 30
0.0
 10
205.6258058333333
 20
397.7417044444444
 30
0.0
 10
205.9719984259259
 20
397.8347201851851
 30
0.0
 10
206.3181910185185
 20
397.9277359259258
 30
0.0
 10
206.6643836111111
 20
398.0207516666666
 30
0.0
 10
207.1762641666666
 20
398.158335
 30
0.0
 10
207.6126502777778
 20
398.4934738888888
 30
0.0
 10
207.8775863888889
 20
398.9524377777777
 30
0.0
 10
208.2243669444444
 20
399.5533359259259
 30
0.0
 10
208.5711475
 20
400.1542340740741
 30
0.0
 10
208.9179280555555
 20
400.7551322222222
 30
0.0
 10
209.3564308333333
 20
401.5150155555555
 30
0.0
 10
209.5875002777778
 20
402.3772044444444
 30
0.0
 10
209.5875002777778
 20
403.2545627777777
 30
0.0
 10
209.5875002777778
 20
403.6952998148147
 30
0.0
 10
209.5875002777778
 20
404.1360368518519
 30
0.0
 10
209.5875002777778
 20
404.5767738888889
 30
0.0
 10
209.5875002777778
 20
405.1292238888888
 30
0.0
 10
210.0351752777778
 20
405.5768988888888
 30
0.0
 10
210.5876252777778
 20
405.5768988888888
 30
0.0
 10
211.0722243518519
 20
405.5768988888888
 30
0.0
 10
211.556823425926
 20
405.5768988888888
 30
0.0
 10
212.0414225
 20
405.5768988888888
 30
0.0
 10
212.3067113888889
 20
405.5768988888888
 30
0.0
 10
212.5610641666667
 20
405.4714183333333
 30
0.0
 10
212.7483891666667
 20
405.2840933333333
 30
0.0
 10
213.7573336111111
 20
404.2751488888889
 30
0.0
 10
214.7662780555555
 20
403.2662044444444
 30
0.0
 10
215.7752225
 20
402.2572599999999
 30
0.0
 10
215.9625475
 20
402.0699349999999
 30
0.0
 10
216.0680280555555
 20
401.8155822222222
 30
0.0
 10
216.0680280555555
 20
401.5502933333333
 30
0.0
  0
SPLINE
  5
E3
330
1F
100
AcDbEntity
  8
DEFAULT
 62
    18
100
AcDbSpline
210
0.0
220
0.0
230
1.0
 70
    11
 71
     3
 72
    59
 73
    55
 74
     0
 42
0.000000001
 43
0.0000000001
 40
1.441610904509184
 40
1.441610904509184
 40
1.441610904509184
 40
1.441610904509184
 40
2.441610904509184
 40
2.441610904509184
 40
2.441610904509184
 40
3.441610904509184
 40
3.441610904509184
 40
3.441610904509184
 40
4.441610904509184
 40
4.441610904509184
 40
4.441610904509184
 40
5.422610904509178
 40
5.422610904509178
 40
5.422610904509178
 40
6.742610904509342
 40
6.742610904509342
 40
6.742610904509342
 40
7.723610904509337
 40
7.723610904509337
 40
7.723610904509337
 40
8.723610904509336
 40
8.723610904509336
 40
8.723610904509336
 40
9.723610904509336
 40
9.723610904509336
 40
9.723610904509336
 40
10.72361090450934
 40
10.72361090450934
 40
10.72361090450934
 40
12.08503736231008
 40
12.08503736231008
 40
12.08503736231008
 40
13.08503736231008
 40
13.08503736231008
 40
13.08503736231008
 40
14.08503736231008
 40
14.08503736231008
 40
14.08503736231008
 40
15.08503736231008
 40
15.08503736231008
 40
15.08503736231008
 40
15.12403736231007
 40
15.12403736231007
 40
15.12403736231007
 40
16.12403736231007
 40
16.12403736231007
 40
16.12403736231007
 40
17.12403736231007
 40
17.12403736231007
 40
17.12403736231007
 40
18.12403736231007
 40
18.12403736231007
 40
18.12403736231007
 40
19.56564826681925
 40
19.56564826681925
 40
19.56564826681925
 40
19.56564826681925
 10
217.2489869444444
 20
423.5745627777778
 30
0.0
 10
217.4253758333333
 20
423.4616738888889
 30
0.0
 10
217.8345980555555
 20
423.285285
 30
0.0
 10
218.2653397222222
 20
423.285285
 30
0.0
 10
219.0626175
 20
423.285285
 30
0.0
 10
219.3095619444444
 20
423.7936377777778
 30
0.0
 10
219.3025063888889
 20
424.1746377777778
 30
0.0
 10
219.2954508333333
 20
424.8166933333333
 30
0.0
 10
218.7168952777777
 20
425.0918599999999
 30
0.0
 10
218.1171730555555
 20
425.0918599999999
 30
0.0
 10
218.0018147222222
 20
425.0918599999999
 30
0.0
 10
217.8864563888889
 20
425.0918599999999
 30
0.0
 10
217.7710980555555
 20
425.0918599999999
 30
0.0
 10
217.7710980555555
 20
425.2470822222222
 30
0.0
 10
217.7710980555555
 20
425.4023044444444
 30
0.0
 10
217.7710980555555
 20
425.5575266666667
 30
0.0
 10
217.8864563888889
 20
425.5575266666667
 30
0.0
 10
218.0018147222222
 20
425.5575266666667
 30
0.0
 10
218.1171730555555
 20
425.5575266666667
 30
0.0
 10
218.5687286111111
 20
425.5575266666667
 30
0.0
 10
219.1402286111111
 20
425.79036
 30
0.0
 10
219.1402286111111
 20
426.3339905555555
 30
0.0
 10
219.1402286111111
 20
426.7012322222222
 30
0.0
 10
218.9073952777778
 20
427.0257877777777
 30
0.0
 10
218.3358952777778
 20
427.0257877777777
 30
0.0
 10
217.9686536111111
 20
427.0257877777777
 30
0.0
 10
217.6158758333333
 20
426.8631572222221
 30
0.0
 10
217.4183202777778
 20
426.7220461111111
 30
0.0
 10
217.3641100925926
 20
426.8726822222222
 30
0.0
 10
217.3098999074074
 20
427.0233183333333
 30
0.0
 10
217.2556897222222
 20
427.1739544444444
 30
0.0
 10
217.4959313888889
 20
427.3503433333333
 30
0.0
 10
217.9615980555555
 20
427.5267322222222
 30
0.0
 10
218.4558397222222
 20
427.5267322222222
 30
0.0
 10
219.3589508333333
 20
427.5267322222222
 30
0.0
 10
219.7685258333333
 20
426.9901572222222
 30
0.0
 10
219.7685258333333
 20
426.4324155555556
 30
0.0
 10
219.7685258333333
 20
425.9600461111111
 30
0.0
 10
219.4863036111111
 20
425.5575266666667
 30
0.0
 10
218.9215063888888
 20
425.3529155555555
 30
0.0
 10
218.9215063888888
 20
425.3483294444443
 30
0.0
 10
218.9215063888888
 20
425.3437433333333
 30
0.0
 10
218.9215063888888
 20
425.3391572222222
 30
0.0
 10
219.4863036111111
 20
425.2262683333333
 30
0.0
 10
219.9449147222222
 20
424.8022294444444
 30
0.0
 10
219.9449147222222
 20
424.1601738888889
 30
0.0
 10
219.9449147222222
 20
423.426396111111
 30
0.0
 10
219.3730619444444
 20
422.7843405555555
 30
0.0
 10
218.2720425
 20
422.7843405555555
 30
0.0
 10
217.7569869444444
 20
422.7843405555555
 30
0.0
 10
217.3054313888888
 20
422.9469711111111
 30
0.0
 10
217.0793008333333
 20
423.0951377777778
 30
0.0
 10
217.1358628703704
 20
423.2549461111111
 30
0.0
 10
217.1924249074074
 20
423.4147544444444
 30
0.0
 10
217.2489869444444
 20
423.5745627777778
 30
0.0
  0
SPLINE
  5
E4
330
1F
100
AcDbEntity
  8
DEFAULT
 62
    18
100
AcDbSpline
210
0.0
220
0.0
230
1.0
 70
    11
 71
     3
 72
    59
 73
    55
 74
     0
 42
0.000000001
 43
0.0000000001
 40
0.0
 40
0.0
 40
0.0
 40
0.0
 40
2.496710035226281
 40
2.496710035226281
 40
2.496710035226281
 40
3.496710035226281
 40
3.496710035226281
 40
3.496710035226281
 40
3.557710035226317
 40
3.557710035226317
 40
3.557710035226317
 40
4.557710035226316
 40
4.557710035226316
 40
4.557710035226316
 40
7.026985435014625
 40
7.026985435014625
 40
7.026985435014625
 40
8.927985435014692
 40
8.927985435014692
 40
8.927985435014692
 40
14.65666111094543
 40
14.65666111094543
 40
14.65666111094543
 40
20.7031476940778
 40
20.7031476940778
 40
20.7031476940778
 40
22.7031476940778
 40
22.7031476940778
 40
22.7031476940778
 40
25.3048394513773
 40
25.3048394513773
 40
25.3048394513773
 40
26.3048394513773
 40
26.3048394513773
 40
26.3048394513773
 40
26.34483945137727
 40
26.34483945137727
 40
26.34483945137727
 40
27.34483945137727
 40
27.34483945137727
 40
27.34483945137727
 40
29.93620993820468
 40
29.93620993820468
 40
29.93620993820468
 40
31.87620993820474
 40
31.87620993820474
 40
31.87620993820474
 40
37.89758552854956
 40
37.89758552854956
 40
37.89758552854956
 40
43.66178538629223
 40
43.66178538629223
 40
43.66178538629223
 40
45.62178538629227
 40
45.62178538629227
 40
45.62178538629227
 40
45.62178538629227
 10
214.3210019444444
 20
426.2775813888888
 30
0.0
 10
214.4833973148147
 20
426.0329887962962
 30
0.0
 10
214.6457926851851
 20
425.7883962037035
 30
0.0
 10
214.8081880555555
 20
425.543803611111
 30
0.0
 10
214.9348352777778
 20
425.3529508333333
 30
0.0
 10
215.0410213888889
 20
425.1765619444444
 30
0.0
 10
215.1535575
 20
424.9864147222222
 30
0.0
 10
215.1607306481481
 20
424.9864147222222
 30
0.0
 10
215.1679037962963
 20
424.9864147222222
 30
0.0
 10
215.1750769444444
 20
424.9864147222222
 30
0.0
 10
215.2879658333333
 20
425.1910258333334
 30
0.0
 10
215.4005019444444
 20
425.3674147222222
 30
0.0
 10
215.5137436111111
 20
425.5505063888889
 30
0.0
 10
215.673669537037
 20
425.7928647222222
 30
0.0
 10
215.833595462963
 20
426.0352230555555
 30
0.0
 10
215.9935213888889
 20
426.2775813888888
 30
0.0
 10
216.2170649074074
 20
426.2775813888888
 30
0.0
 10
216.4406084259259
 20
426.2775813888888
 30
0.0
 10
216.6641519444444
 20
426.2775813888888
 30
0.0
 10
216.2759787962963
 20
425.7270128703703
 30
0.0
 10
215.8878056481481
 20
425.1764443518518
 30
0.0
 10
215.4996325
 20
424.6258758333333
 30
0.0
 10
215.8994473148148
 20
424.0379128703703
 30
0.0
 10
216.2992621296296
 20
423.4499499074074
 30
0.0
 10
216.6990769444444
 20
422.8619869444444
 30
0.0
 10
216.4638917592592
 20
422.8619869444444
 30
0.0
 10
216.2287065740741
 20
422.8619869444444
 30
0.0
 10
215.9935213888889
 20
422.8619869444444
 30
0.0
 10
215.8265399074074
 20
423.1183387962963
 30
0.0
 10
215.6595584259259
 20
423.3746906481481
 30
0.0
 10
215.4925769444444
 20
423.6310425
 30
0.0
 10
215.3581686111111
 20
423.8289508333333
 30
0.0
 10
215.2456325
 20
424.0190980555555
 30
0.0
 10
215.1253352777777
 20
424.2237091666667
 30
0.0
 10
215.1206315740741
 20
424.2237091666667
 30
0.0
 10
215.1159278703703
 20
424.2237091666667
 30
0.0
 10
215.1112241666666
 20
424.2237091666667
 30
0.0
 10
214.9986880555555
 20
424.0190980555555
 30
0.0
 10
214.8783908333333
 20
423.8356536111111
 30
0.0
 10
214.7517436111111
 20
423.6310425
 30
0.0
 10
214.5869963888889
 20
423.3746906481481
 30
0.0
 10
214.4222491666667
 20
423.1183387962963
 30
0.0
 10
214.2575019444444
 20
422.8619869444444
 30
0.0
 10
214.0293723148148
 20
422.8619869444444
 30
0.0
 10
213.8012426851852
 20
422.8619869444444
 30
0.0
 10
213.5731130555555
 20
422.8619869444444
 30
0.0
 10
213.9776315740741
 20
423.443129537037
 30
0.0
 10
214.3821500925926
 20
424.0242721296297
 30
0.0
 10
214.7866686111111
 20
424.6054147222222
 30
0.0
 10
214.4009649074074
 20
425.162803611111
 30
0.0
 10
214.0152612037037
 20
425.7201924999999
 30
0.0
 10
213.6295574999999
 20
426.2775813888888
 30
0.0
 10
213.8600389814814
 20
426.2775813888888
 30
0.0
 10
214.0905204629629
 20
426.2775813888888
 30
0.0
 10
214.3210019444444
 20
426.2775813888888
 30
0.0
  0
SPLINE
  5
E5
330
1F
100
AcDbEntity
  8
DEFAULT
 62
    18
100
AcDbSpline
210
0.0
220
0.0
230
1.0
 70
    11
 71
     3
 72
    47
 73
    43
 74
     0
 42
0.000000001
 43
0.0000000001
 40
8.302000000000021
 40
8.302000000000021
 40
8.302000000000021
 40
8.302000000000021
 40
9.381999999999948
 40
9.381999999999948
 40
9.381999999999948
 40
11.3062351727375
 40
11.3062351727375
 40
11.3062351727375
 40
12.3062351727375
 40
12.3062351727375
 40
12.3062351727375
 40
13.3062351727375
 40
13.3062351727375
 40
13.3062351727375
 40
14.3062351727375
 40
14.3062351727375
 40
14.3062351727375
 40
15.66682328087311
 40
15.66682328087311
 40
15.66682328087311
 40
16.6668232808731
 40
16.6668232808731
 40
16.6668232808731
 40
17.6668232808731
 40
17.6668232808731
 40
17.6668232808731
 40
18.6668232808731
 40
18.6668232808731
 40
18.6668232808731
 40
20.08358084658434
 40
20.08358084658434
 40
20.08358084658434
 40
20.1235808465843
 40
20.1235808465843
 40
20.1235808465843
 40
25.96558084658434
 40
25.96558084658434
 40
25.96558084658434
 40
27.42558084658438
 40
27.42558084658438
 40
27.42558084658438
 40
35.7275808465844
 40
35.7275808465844
 40
35.7275808465844
 40
35.7275808465844
 10
161.6575591666667
 20
415.7507277777778
 30
0.0
 10
161.6575591666667
 20
415.8777277777778
 30
0.0
 10
161.6575591666667
 20
416.0047277777778
 30
0.0
 10
161.6575591666667
 20
416.1317277777778
 30
0.0
 10
161.8198369444444
 20
416.2894194444445
 30
0.0
 10
161.9821147222222
 20
416.4471111111111
 30
0.0
 10
162.1443925
 20
416.6048027777778
 30
0.0
 10
163.3159675
 20
417.7195805555555
 30
0.0
 10
163.8451341666667
 20
418.3126
 30
0.0
 10
163.8521897222222
 20
419.0040444444444
 30
0.0
 10
163.8521897222222
 20
419.4697111111111
 30
0.0
 10
163.6264119444444
 20
419.9004527777777
 30
0.0
 10
162.9420230555556
 20
419.9004527777777
 30
0.0
 10
162.5253925
 20
419.9004527777777
 30
0.0
 10
162.1796702777778
 20
419.6884333333334
 30
0.0
 10
161.9680036111111
 20
419.5120444444444
 30
0.0
 10
161.9021517592592
 20
419.6578592592593
 30
0.0
 10
161.8362999074074
 20
419.803674074074
 30
0.0
 10
161.7704480555555
 20
419.9494888888889
 30
0.0
 10
162.0879480555556
 20
420.2179527777778
 30
0.0
 10
162.5395036111111
 20
420.4155083333333
 30
0.0
 10
163.0690230555555
 20
420.4155083333333
 30
0.0
 10
164.0568008333333
 20
420.4155083333333
 30
0.0
 10
164.4730786111111
 20
419.738175
 30
0.0
 10
164.4730786111111
 20
419.0816555555555
 30
0.0
 10
164.4730786111111
 20
418.2346361111111
 30
0.0
 10
163.8592452777777
 20
417.5506
 30
0.0
 10
162.8926341666667
 20
416.6189138888889
 30
0.0
 10
162.7702202777778
 20
416.5059074074074
 30
0.0
 10
162.6478063888889
 20
416.3929009259259
 30
0.0
 10
162.5253925
 20
416.2798944444444
 30
0.0
 10
162.5253925
 20
416.2751907407408
 30
0.0
 10
162.5253925
 20
416.2704870370371
 30
0.0
 10
162.5253925
 20
416.2657833333333
 30
0.0
 10
163.2123684259259
 20
416.2657833333333
 30
0.0
 10
163.8993443518518
 20
416.2657833333333
 30
0.0
 10
164.5863202777778
 20
416.2657833333333
 30
0.0
 10
164.5863202777778
 20
416.0940981481481
 30
0.0
 10
164.5863202777778
 20
415.9224129629631
 30
0.0
 10
164.5863202777778
 20
415.7507277777778
 30
0.0
 10
163.6100665740741
 20
415.7507277777779
 30
0.0
 10
162.6338128703703
 20
415.7507277777779
 30
0.0
 10
161.6575591666667
 20
415.7507277777778
 30
0.0
  0
SPLINE
  5
E6
330
1F
100
AcDbEntity
  8
DEFAULT
 62
    18
100
AcDbSpline
210
0.0
220
0.0
230
1.0
 70
    11
 71
     3
 72
    59
 73
    55
 74
     0
 42
0.000000001
 43
0.0000000001
 40
0.0
 40
0.0
 40
0.0
 40
0.0
 40
2.496710035226313
 40
2.496710035226313
 40
2.496710035226313
 40
3.496710035226313
 40
3.496710035226313
 40
3.496710035226313
 40
3.557710035226292
 40
3.557710035226292
 40
3.557710035226292
 40
4.557710035226291
 40
4.557710035226291
 40
4.557710035226291
 40
7.026150838648527
 40
7.026150838648527
 40
7.026150838648527
 40
8.927150838648537
 40
8.927150838648537
 40
8.927150838648537
 40
14.65500925170313
 40
14.65500925170313
 40
14.65500925170313
 40
20.70232278748078
 40
20.70232278748078
 40
20.70232278748078
 40
22.70232278748078
 40
22.70232278748078
 40
22.70232278748078
 40
25.30485251833883
 40
25.30485251833883
 40
25.30485251833883
 40
26.30485251833883
 40
26.30485251833883
 40
26.30485251833883
 40
26.34485251833879
 40
26.34485251833879
 40
26.34485251833879
 40
27.34485251833879
 40
27.34485251833879
 40
27.34485251833879
 40
29.93706431524124
 40
29.93706431524124
 40
29.93706431524124
 40
31.87706431524124
 40
31.87706431524124
 40
31.87706431524124
 40
37.89843990558603
 40
37.89843990558603
 40
37.89843990558603
 40
43.66263976332864
 40
43.66263976332864
 40
43.66263976332864
 40
45.62263976332862
 40
45.62263976332862
 40
45.62263976332862
 40
45.62263976332862
 10
158.8777055555555
 20
419.1662163888888
 30
0.0
 10
159.0401009259259
 20
418.9216237962962
 30
0.0
 10
159.2024962962963
 20
418.6770312037036
 30
0.0
 10
159.3648916666666
 20
418.4324386111111
 30
0.0
 10
159.4915388888889
 20
418.2419386111111
 30
0.0
 10
159.597725
 20
418.0655497222222
 30
0.0
 10
159.7102611111111
 20
417.8750497222221
 30
0.0
 10
159.7174342592592
 20
417.8750497222221
 30
0.0
 10
159.7246074074074
 20
417.8750497222221
 30
0.0
 10
159.7317805555556
 20
417.8750497222221
 30
0.0
 10
159.8446694444444
 20
418.0796608333333
 30
0.0
 10
159.9572055555556
 20
418.2560497222222
 30
0.0
 10
160.0704472222222
 20
418.4394941666666
 30
0.0
 10
160.2303731481481
 20
418.6817349074074
 30
0.0
 10
160.3902990740741
 20
418.9239756481481
 30
0.0
 10
160.550225
 20
419.1662163888888
 30
0.0
 10
160.7737685185185
 20
419.1662163888888
 30
0.0
 10
160.997312037037
 20
419.1662163888888
 30
0.0
 10
161.2208555555555
 20
419.1662163888888
 30
0.0
 10
160.8326824074074
 20
418.6157654629629
 30
0.0
 10
160.4445092592593
 20
418.065314537037
 30
0.0
 10
160.0563361111111
 20
417.514863611111
 30
0.0
 10
160.4561509259259
 20
416.9267830555555
 30
0.0
 10
160.8559657407407
 20
416.3387024999999
 30
0.0
 10
161.2557805555555
 20
415.7506219444444
 30
0.0
 10
161.0205953703704
 20
415.7506219444444
 30
0.0
 10
160.7854101851852
 20
415.7506219444444
 30
0.0
 10
160.550225
 20
415.7506219444444
 30
0.0
 10
160.3832435185185
 20
416.0070913888888
 30
0.0
 10
160.216262037037
 20
416.2635608333333
 30
0.0
 10
160.0492805555556
 20
416.5200302777777
 30
0.0
 10
159.9148722222222
 20
416.7175858333333
 30
0.0
 10
159.8023361111111
 20
416.9080858333332
 30
0.0
 10
159.6820388888889
 20
417.1126969444444
 30
0.0
 10
159.6773351851852
 20
417.1126969444444
 30
0.0
 10
159.6726314814815
 20
417.1126969444444
 30
0.0
 10
159.6679277777778
 20
417.1126969444444
 30
0.0
 10
159.5553916666667
 20
416.9080858333332
 30
0.0
 10
159.4350944444444
 20
416.7246413888888
 30
0.0
 10
159.3084472222222
 20
416.5200302777777
 30
0.0
 10
159.1437
 20
416.2635608333333
 30
0.0
 10
158.9789527777778
 20
416.0070913888888
 30
0.0
 10
158.8142055555556
 20
415.7506219444444
 30
0.0
 10
158.5860759259259
 20
415.7506219444444
 30
0.0
 10
158.3579462962963
 20
415.7506219444444
 30
0.0
 10
158.1298166666667
 20
415.7506219444444
 30
0.0
 10
158.5343351851852
 20
416.331764537037
 30
0.0
 10
158.9388537037037
 20
416.9129071296296
 30
0.0
 10
159.3433722222222
 20
417.4940497222221
 30
0.0
 10
158.9576685185185
 20
418.0514386111111
 30
0.0
 10
158.5719648148148
 20
418.6088275
 30
0.0
 10
158.1862611111111
 20
419.1662163888888
 30
0.0
 10
158.4167425925926
 20
419.1662163888888
 30
0.0
 10
158.647224074074
 20
419.1662163888888
 30
0.0
 10
158.8777055555555
 20
419.1662163888888
 30
0.0
  0
SPLINE
  5
E7
330
1F
100
AcDbEntity
  8
DEFAULT
 62
     1
100
AcDbSpline
210
0.0
220
0.0
230
1.0
 70
    11
 71
     3
 72
   101
 73
    97
 74
     0
 42
0.000000001
 43
0.0000000001
 40
1.0
 40
1.0
 40
1.0
 40
1.0
 40
62.75199999999995
 40
62.75199999999995
 40
62.75199999999995
 40
63.75199999999995
 40
63.75199999999995
 40
63.75199999999995
 40
64.17626406871186
 40
64.17626406871186
 40
64.17626406871186
 40
65.17626406871186
 40
65.17626406871186
 40
65.17626406871186
 40
87.24826406871186
 40
87.24826406871186
 40
87.24826406871186
 40
88.24826406871186
 40
88.24826406871186
 40
88.24826406871186
 40
88.67252813742377
 40
88.67252813742377
 40
88.67252813742377
 40
89.67252813742377
 40
89.67252813742377
 40
89.67252813742377
 40
103.5385281374238
 40
103.5385281374238
 40
103.5385281374238
 40
104.5385281374238
 40
104.5385281374238
 40
104.5385281374238
 40
105.5385281374238
 40
105.5385281374238
 40
105.5385281374238
 40
109.7885281374238
 40
109.7885281374238
 40
109.7885281374238
 40
118.2985281374237
 40
118.2985281374237
 40
118.2985281374237
 40
122.5485281374237
 40
122.5485281374237
 40
122.5485281374237
 40
123.5485281374237
 40
123.5485281374237
 40
123.5485281374237
 40
124.5485281374237
 40
124.5485281374237
 40
124.5485281374237
 40
141.5485281374237
 40
141.5485281374237
 40
141.5485281374237
 40
142.5485281374237
 40
142.5485281374237
 40
142.5485281374237
 40
143.5485281374237
 40
143.5485281374237
 40
143.5485281374237
 40
147.7985281374237
 40
147.7985281374237
 40
147.7985281374237
 40
156.3085281374237
 40
156.3085281374237
 40
156.3085281374237
 40
160.5585281374237
 40
160.5585281374237
 40
160.5585281374237
 40
161.5585281374237
 40
161.5585281374237
 40
161.5585281374237
 40
162.5585281374237
 40
162.5585281374237
 40
162.5585281374237
 40
176.4245281374237
 40
176.4245281374237
 40
176.4245281374237
 40
177.4245281374237
 40
177.4245281374237
 40
177.4245281374237
 40
177.8487922061358
 40
177.8487922061358
 40
177.8487922061358
 40
178.8487922061358
 40
178.8487922061358
 40
178.8487922061358
 40
200.9207922061358
 40
200.9207922061358
 40
200.9207922061358
 40
201.9207922061358
 40
201.9207922061358
 40
201.9207922061358
 40
202.3450562748478
 40
202.3450562748478
 40
202.3450562748478
 40
203.3450562748478
 40
203.3450562748478
 40
203.3450562748478
 40
203.3450562748478
 10
155.0366963888889
 20
400.3438286111111
 30
0.0
 10
155.0366963888889
 20
393.0822508333333
 30
0.0
 10
155.0366963888889
 20
385.8206730555555
 30
0.0
 10
155.0366963888889
 20
378.5590952777778
 30
0.0
 10
155.0366963888889
 20
378.2938063888889
 30
0.0
 10
154.9312158333333
 20
378.0394536111111
 30
0.0
 10
154.7438908333333
 20
377.8521286111111
 30
0.0
 10
154.7086130555556
 20
377.8168508333333
 30
0.0
 10
154.6733352777778
 20
377.7815730555556
 30
0.0
 10
154.6380575
 20
377.7462952777778
 30
0.0
 10
154.4507325
 20
377.5589702777778
 30
0.0
 10
154.1963797222222
 20
377.4534897222222
 30
0.0
 10
153.9310908333333
 20
377.4534897222222
 30
0.0
 10
151.3355871296296
 20
377.4534897222222
 30
0.0
 10
148.7400834259259
 20
377.4534897222222
 30
0.0
 10
146.1445797222222
 20
377.4534897222222
 30
0.0
 10
145.8792908333333
 20
377.4534897222222
 30
0.0
 10
145.6249380555556
 20
377.5589702777778
 30
0.0
 10
145.4376130555555
 20
377.7462952777778
 30
0.0
 10
145.4023352777778
 20
377.7815730555556
 30
0.0
 10
145.3670575
 20
377.8168508333333
 30
0.0
 10
145.3317797222222
 20
377.8521286111111
 30
0.0
 10
145.1444547222222
 20
378.0394536111111
 30
0.0
 10
145.0389741666667
 20
378.2938063888889
 30
0.0
 10
145.0389741666667
 20
378.5590952777778
 30
0.0
 10
145.0389741666667
 20
380.1896341666666
 30
0.0
 10
145.0389741666667
 20
381.8201730555556
 30
0.0
 10
145.0389741666667
 20
383.4507119444444
 30
0.0
 10
145.0389741666667
 20
383.4789341666666
 30
0.0
 10
145.8221408333333
 20
383.5001008333333
 30
0.0
 10
146.7887519444444
 20
383.5001008333333
 30
0.0
 10
147.7553630555556
 20
383.5001008333333
 30
0.0
 10
148.2033908333333
 20
383.4507119444444
 30
0.0
 10
148.5385297222222
 20
383.4507119444444
 30
0.0
 10
149.0382982407407
 20
383.4507119444444
 30
0.0
 10
149.5380667592593
 20
383.4507119444444
 30
0.0
 10
150.0378352777778
 20
383.4507119444444
 30
0.0
 10
150.0378352777778
 20
384.4514249074074
 30
0.0
 10
150.0378352777778
 20
385.4521378703704
 30
0.0
 10
150.0378352777778
 20
386.4528508333333
 30
0.0
 10
149.5380667592592
 20
386.4528508333333
 30
0.0
 10
149.0382982407407
 20
386.4528508333333
 30
0.0
 10
148.5385297222222
 20
386.4528508333333
 30
0.0
 10
148.2033908333333
 20
386.4528508333333
 30
0.0
 10
147.7553630555556
 20
386.4034619444444
 30
0.0
 10
146.7887519444444
 20
386.4034619444444
 30
0.0
 10
145.8221408333333
 20
386.4034619444444
 30
0.0
 10
145.0389741666667
 20
386.4246286111111
 30
0.0
 10
145.0389741666667
 20
386.4528508333333
 30
0.0
 10
145.0389741666667
 20
388.4519249074074
 30
0.0
 10
145.0389741666667
 20
390.4509989814815
 30
0.0
 10
145.0389741666667
 20
392.4500730555555
 30
0.0
 10
145.0389741666667
 20
392.4782952777778
 30
0.0
 10
145.8221408333333
 20
392.4994619444444
 30
0.0
 10
146.7887519444444
 20
392.4994619444444
 30
0.0
 10
147.7553630555556
 20
392.4994619444444
 30
0.0
 10
148.2033908333333
 20
392.4500730555555
 30
0.0
 10
148.5385297222222
 20
392.4500730555555
 30
0.0
 10
149.0382982407407
 20
392.4500730555555
 30
0.0
 10
149.5380667592593
 20
392.4500730555555
 30
0.0
 10
150.0378352777778
 20
392.4500730555555
 30
0.0
 10
150.0378352777778
 20
393.4507860185186
 30
0.0
 10
150.0378352777778
 20
394.4514989814815
 30
0.0
 10
150.0378352777778
 20
395.4522119444445
 30
0.0
 10
149.5380667592592
 20
395.4522119444444
 30
0.0
 10
149.0382982407407
 20
395.4522119444444
 30
0.0
 10
148.5385297222222
 20
395.4522119444445
 30
0.0
 10
148.2033908333333
 20
395.4522119444445
 30
0.0
 10
147.7553630555556
 20
395.4028230555555
 30
0.0
 10
146.7887519444444
 20
395.4028230555555
 30
0.0
 10
145.8221408333333
 20
395.4028230555555
 30
0.0
 10
145.0389741666667
 20
395.4239897222222
 30
0.0
 10
145.0389741666667
 20
395.4522119444445
 30
0.0
 10
145.0389741666667
 20
397.0827508333334
 30
0.0
 10
145.0389741666667
 20
398.7132897222222
 30
0.0
 10
145.0389741666667
 20
400.3438286111111
 30
0.0
 10
145.0389741666667
 20
400.6091175
 30
0.0
 10
145.1444547222222
 20
400.8634702777778
 30
0.0
 10
145.3317797222222
 20
401.0507952777778
 30
0.0
 10
145.3670575
 20
401.0860730555555
 30
0.0
 10
145.4023352777778
 20
401.1213508333333
 30
0.0
 10
145.4376130555555
 20
401.1566286111112
 30
0.0
 10
145.6249380555556
 20
401.3443063888889
 30
0.0
 10
145.8792908333333
 20
401.4494341666667
 30
0.0
 10
146.1445797222222
 20
401.4494341666667
 30
0.0
 10
148.7400834259259
 20
401.4494341666667
 30
0.0
 10
151.3355871296296
 20
401.4494341666667
 30
0.0
 10
153.9310908333333
 20
401.4494341666667
 30
0.0
 10
154.1963797222222
 20
401.4494341666667
 30
0.0
 10
154.4507325
 20
401.3443063888889
 30
0.0
 10
154.6380575
 20
401.1566286111112
 30
0.0
 10
154.6733352777778
 20
401.1213508333333
 30
0.0
 10
154.7086130555555
 20
401.0860730555556
 30
0.0
 10
154.7438908333333
 20
401.0507952777778
 30
0.0
 10
154.9312158333333
 20
400.8634702777778
 30
0.0
 10
155.0366963888889
 20
400.6091175
 30
0.0
 10
155.0366963888889
 20
400.3438286111111
 30
0.0
  0
SPLINE
  5
E8
330
1F
100
AcDbEntity
  8
DEFAULT
 62
     1
100
AcDbSpline
210
0.0
220
0.0
230
1.0
 70
    11
 71
     3
 72
   134
 73
   130
 74
     0
 42
0.000000001
 43
0.0000000001
 40
1.0
 40
1.0
 40
1.0
 40
1.0
 40
23.06999999999994
 40
23.06999999999994
 40
23.06999999999994
 40
24.06999999999994
 40
24.06999999999994
 40
24.06999999999994
 40
24.49426406871199
 40
24.49426406871199
 40
24.49426406871199
 40
25.49426406871199
 40
25.49426406871199
 40
25.49426406871199
 40
30.864264068712
 40
30.864264068712
 40
30.864264068712
 40
31.864264068712
 40
31.864264068712
 40
31.864264068712
 40
32.864264068712
 40
32.864264068712
 40
32.864264068712
 40
37.114264068712
 40
37.114264068712
 40
37.114264068712
 40
45.624264068712
 40
45.624264068712
 40
45.624264068712
 40
49.874264068712
 40
49.874264068712
 40
49.874264068712
 40
50.874264068712
 40
50.874264068712
 40
50.874264068712
 40
51.874264068712
 40
51.874264068712
 40
51.874264068712
 40
68.874264068712
 40
68.874264068712
 40
68.874264068712
 40
69.874264068712
 40
69.874264068712
 40
69.874264068712
 40
70.874264068712
 40
70.874264068712
 40
70.874264068712
 40
75.124264068712
 40
75.124264068712
 40
75.124264068712
 40
83.634264068712
 40
83.634264068712
 40
83.634264068712
 40
87.884264068712
 40
87.884264068712
 40
87.884264068712
 40
88.884264068712
 40
88.884264068712
 40
88.884264068712
 40
89.884264068712
 40
89.884264068712
 40
89.884264068712
 40
95.25426406871199
 40
95.25426406871199
 40
95.25426406871199
 40
96.25426406871199
 40
96.25426406871199
 40
96.25426406871199
 40
96.67852813742404
 40
96.67852813742404
 40
96.67852813742404
 40
97.67852813742404
 40
97.67852813742404
 40
97.67852813742404
 40
119.748528137424
 40
119.748528137424
 40
119.748528137424
 40
120.748528137424
 40
120.748528137424
 40
120.748528137424
 40
121.1727922061359
 40
121.1727922061359
 40
121.1727922061359
 40
122.1727922061359
 40
122.1727922061359
 40
122.1727922061359
 40
123.1727922061359
 40
123.1727922061359
 40
123.1727922061359
 40
124.1727922061359
 40
124.1727922061359
 40
124.1727922061359
 40
125.1727922061359
 40
125.1727922061359
 40
125.1727922061359
 40
126.1727922061359
 40
126.1727922061359
 40
126.1727922061359
 40
127.1727922061359
 40
127.1727922061359
 40
127.1727922061359
 40
128.1727922061359
 40
128.1727922061359
 40
128.1727922061359
 40
129.1727922061359
 40
129.1727922061359
 40
129.1727922061359
 40
130.1727922061359
 40
130.1727922061359
 40
130.1727922061359
 40
131.1727922061359
 40
131.1727922061359
 40
131.1727922061359
 40
132.1727922061359
 40
132.1727922061359
 40
132.1727922061359
 40
133.1727922061359
 40
133.1727922061359
 40
133.1727922061359
 40
134.1727922061359
 40
134.1727922061359
 40
134.1727922061359
 40
135.1727922061359
 40
135.1727922061359
 40
135.1727922061359
 40
135.5970562748477
 40
135.5970562748477
 40
135.5970562748477
 40
136.5970562748477
 40
136.5970562748477
 40
136.5970562748477
 40
136.5970562748477
 10
32.47086611111111
 20
406.6345972222222
 30
0.0
 10
32.47086611111111
 20
404.0393287037036
 30
0.0
 10
32.47086611111111
 20
401.4440601851852
 30
0.0
 10
32.47086611111111
 20
398.8487916666666
 30
0.0
 10
32.47086611111111
 20
398.5842083333333
 30
0.0
 10
32.36503277777778
 20
398.3302083333333
 30
0.0
 10
32.17806055555555
 20
398.1397083333333
 30
0.0
 10
32.14278277777778
 20
398.1044305555556
 30
0.0
 10
32.107505
 20
398.0691527777777
 30
0.0
 10
32.07222722222222
 20
398.0338749999999
 30
0.0
 10
31.885255
 20
397.8469027777777
 30
0.0
 10
31.631255
 20
397.7410694444444
 30
0.0
 10
31.36667166666667
 20
397.7410694444444
 30
0.0
 10
30.73519944444445
 20
397.7410694444445
 30
0.0
 10
30.10372722222222
 20
397.7410694444445
 30
0.0
 10
29.472255
 20
397.7410694444444
 30
0.0
 10
29.44403277777778
 20
397.7410694444444
 30
0.0
 10
29.42286611111111
 20
398.5242361111111
 30
0.0
 10
29.42286611111111
 20
399.4908472222222
 30
0.0
 10
29.42286611111111
 20
400.4574583333333
 30
0.0
 10
29.472255
 20
400.905486111111
 30
0.0
 10
29.472255
 20
401.240625
 30
0.0
 10
29.472255
 20
401.7403935185185
 30
0.0
 10
29.472255
 20
402.240162037037
 30
0.0
 10
29.472255
 20
402.7399305555555
 30
0.0
 10
28.47154203703704
 20
402.7399305555555
 30
0.0
 10
27.47082907407408
 20
402.7399305555555
 30
0.0
 10
26.47011611111111
 20
402.7399305555555
 30
0.0
 10
26.47011611111111
 20
402.240162037037
 30
0.0
 10
26.47011611111111
 20
401.7403935185185
 30
0.0
 10
26.47011611111111
 20
401.240625
 30
0.0
 10
26.47011611111111
 20
400.905486111111
 30
0.0
 10
26.519505
 20
400.4574583333333
 30
0.0
 10
26.519505
 20
399.4908472222222
 30
0.0
 10
26.519505
 20
398.5242361111111
 30
0.0
 10
26.49833833333334
 20
397.7410694444444
 30
0.0
 10
26.47011611111111
 20
397.7410694444444
 30
0.0
 10
24.47104203703704
 20
397.7410694444445
 30
0.0
 10
22.47196796296296
 20
397.7410694444445
 30
0.0
 10
20.47289388888889
 20
397.7410694444444
 30
0.0
 10
20.44467166666666
 20
397.7410694444444
 30
0.0
 10
20.423505
 20
398.5242361111111
 30
0.0
 10
20.423505
 20
399.4908472222222
 30
0.0
 10
20.423505
 20
400.4574583333333
 30
0.0
 10
20.47289388888889
 20
400.905486111111
 30
0.0
 10
20.47289388888889
 20
401.240625
 30
0.0
 10
20.47289388888889
 20
401.7403935185185
 30
0.0
 10
20.47289388888889
 20
402.240162037037
 30
0.0
 10
20.47289388888889
 20
402.7399305555555
 30
0.0
 10
19.47218092592593
 20
402.7399305555555
 30
0.0
 10
18.47146796296297
 20
402.7399305555555
 30
0.0
 10
17.470755
 20
402.7399305555555
 30
0.0
 10
17.470755
 20
402.240162037037
 30
0.0
 10
17.470755
 20
401.7403935185185
 30
0.0
 10
17.470755
 20
401.240625
 30
0.0
 10
17.470755
 20
400.905486111111
 30
0.0
 10
17.52014388888889
 20
400.4574583333333
 30
0.0
 10
17.52014388888889
 20
399.4908472222222
 30
0.0
 10
17.52014388888889
 20
398.5242361111111
 30
0.0
 10
17.49897722222222
 20
397.7410694444444
 30
0.0
 10
17.470755
 20
397.7410694444444
 30
0.0
 10
16.83928277777778
 20
397.7410694444445
 30
0.0
 10
16.20781055555556
 20
397.7410694444445
 30
0.0
 10
15.57633833333333
 20
397.7410694444444
 30
0.0
 10
15.311755
 20
397.7410694444444
 30
0.0
 10
15.057755
 20
397.8469027777777
 30
0.0
 10
14.87078277777778
 20
398.0338749999999
 30
0.0
 10
14.835505
 20
398.0691527777777
 30
0.0
 10
14.80022722222222
 20
398.1044305555556
 30
0.0
 10
14.76494944444445
 20
398.1397083333333
 30
0.0
 10
14.57797722222222
 20
398.3302083333333
 30
0.0
 10
14.47214388888889
 20
398.5842083333333
 30
0.0
 10
14.47214388888889
 20
398.8487916666666
 30
0.0
 10
14.47214388888889
 20
401.4440601851852
 30
0.0
 10
14.47214388888889
 20
404.0393287037036
 30
0.0
 10
14.47214388888889
 20
406.6345972222222
 30
0.0
 10
14.47214388888889
 20
406.8991805555555
 30
0.0
 10
14.57797722222222
 20
407.1531805555555
 30
0.0
 10
14.76494944444445
 20
407.3401527777777
 30
0.0
 10
14.80022722222222
 20
407.3754305555555
 30
0.0
 10
14.835505
 20
407.4107083333333
 30
0.0
 10
14.87078277777778
 20
407.445986111111
 30
0.0
 10
15.057755
 20
407.636486111111
 30
0.0
 10
15.311755
 20
407.7387916666667
 30
0.0
 10
15.57633833333333
 20
407.7387916666667
 30
0.0
 10
15.978505
 20
407.7387916666667
 30
0.0
 10
16.97333833333333
 20
408.2220972222221
 30
0.0
 10
16.97333833333333
 20
408.638375
 30
0.0
 10
16.97333833333333
 20
410.2611527777777
 30
0.0
 10
18.90303277777778
 20
412.144986111111
 30
0.0
 10
20.32119944444445
 20
413.1398194444444
 30
0.0
 10
20.99853277777778
 20
413.6160694444444
 30
0.0
 10
21.93339388888889
 20
413.4537916666666
 30
0.0
 10
22.40611611111111
 20
412.7729305555555
 30
0.0
 10
22.88236611111111
 20
412.0955972222222
 30
0.0
 10
22.71656055555556
 20
411.1642638888888
 30
0.0
 10
22.042755
 20
410.6844861111111
 30
0.0
 10
21.40069944444445
 20
410.2329305555555
 30
0.0
 10
20.97383833333333
 20
409.4850416666666
 30
0.0
 10
20.97383833333333
 20
408.638375
 30
0.0
 10
20.97383833333333
 20
407.2554861111111
 30
0.0
 10
22.09214388888889
 20
406.1371805555555
 30
0.0
 10
23.471505
 20
406.1371805555555
 30
0.0
 10
24.85439388888889
 20
406.1371805555555
 30
0.0
 10
25.97269944444444
 20
407.2554861111111
 30
0.0
 10
25.97269944444444
 20
408.638375
 30
0.0
 10
25.97269944444444
 20
409.4850416666666
 30
0.0
 10
25.55642166666666
 20
410.2364583333333
 30
0.0
 10
24.90731055555555
 20
410.6844861111111
 30
0.0
 10
24.22644944444444
 20
411.160736111111
 30
0.0
 10
24.06417166666667
 20
412.0955972222222
 30
0.0
 10
24.53689388888889
 20
412.7729305555555
 30
0.0
 10
25.01314388888889
 20
413.4537916666666
 30
0.0
 10
25.94447722222222
 20
413.6160694444444
 30
0.0
 10
26.62533833333333
 20
413.1398194444444
 30
0.0
 10
28.043505
 20
412.144986111111
 30
0.0
 10
29.97319944444444
 20
410.2611527777777
 30
0.0
 10
29.97319944444444
 20
408.638375
 30
0.0
 10
29.97319944444444
 20
408.2220972222221
 30
0.0
 10
30.96803277777778
 20
407.7387916666667
 30
0.0
 10
31.37019944444444
 20
407.7387916666667
 30
0.0
 10
31.63478277777778
 20
407.7387916666667
 30
0.0
 10
31.885255
 20
407.636486111111
 30
0.0
 10
32.07222722222222
 20
407.445986111111
 30
0.0
 10
32.107505
 20
407.4107083333333
 30
0.0
 10
32.14278277777778
 20
407.3754305555555
 30
0.0
 10
32.17806055555555
 20
407.3401527777777
 30
0.0
 10
32.36503277777778
 20
407.1531805555555
 30
0.0
 10
32.47086611111111
 20
406.8991805555555
 30
0.0
 10
32.47086611111111
 20
406.6345972222222
 30
0.0
  0
SPLINE
  5
E9
330
1F
100
AcDbEntity
  8
DEFAULT
 62
     1
100
AcDbSpline
210
0.0
220
0.0
230
1.0
 70
    11
 71
     3
 72
   149
 73
   145
 74
     0
 42
0.000000001
 43
0.0000000001
 40
4.250011764689599
 40
4.250011764689599
 40
4.250011764689599
 40
4.250011764689599
 40
12.76001176468959
 40
12.76001176468959
 40
12.76001176468959
 40
17.01002352937919
 40
17.01002352937919
 40
17.01002352937919
 40
18.01002352937919
 40
18.01002352937919
 40
18.01002352937919
 40
19.01002352937919
 40
19.01002352937919
 40
19.01002352937919
 40
36.01002352937919
 40
36.01002352937919
 40
36.01002352937919
 40
37.01002352937919
 40
37.01002352937919
 40
37.01002352937919
 40
38.01002352937919
 40
38.01002352937919
 40
38.01002352937919
 40
42.26003529406879
 40
42.26003529406879
 40
42.26003529406879
 40
50.77004116950741
 40
50.77004116950741
 40
50.77004116950741
 40
55.020052934197
 40
55.020052934197
 40
55.020052934197
 40
56.020052934197
 40
56.020052934197
 40
56.020052934197
 40
57.020052934197
 40
57.020052934197
 40
57.020052934197
 40
80.82005293419701
 40
80.82005293419701
 40
80.82005293419701
 40
81.82005293419701
 40
81.82005293419701
 40
81.82005293419701
 40
82.24431700290891
 40
82.24431700290891
 40
82.24431700290891
 40
83.24431700290891
 40
83.24431700290891
 40
83.24431700290891
 40
105.3243170029088
 40
105.3243170029088
 40
105.3243170029088
 40
106.3243170029088
 40
106.3243170029088
 40
106.3243170029088
 40
106.7485810716207
 40
106.7485810716207
 40
106.7485810716207
 40
107.7485810716207
 40
107.7485810716207
 40
107.7485810716207
 40
113.1185810716208
 40
113.1185810716208
 40
113.1185810716208
 40
114.1185810716208
 40
114.1185810716208
 40
114.1185810716208
 40
115.1185810716208
 40
115.1185810716208
 40
115.1185810716208
 40
119.3685810716208
 40
119.3685810716208
 40
119.3685810716208
 40
127.8785810716207
 40
127.8785810716207
 40
127.8785810716207
 40
132.1285810716207
 40
132.1285810716207
 40
132.1285810716207
 40
133.1285810716207
 40
133.1285810716207
 40
133.1285810716207
 40
134.1285810716207
 40
134.1285810716207
 40
134.1285810716207
 40
187.9785810716208
 40
187.9785810716208
 40
187.9785810716208
 40
188.9785810716208
 40
188.9785810716208
 40
188.9785810716208
 40
189.9785810716208
 40
189.9785810716208
 40
189.9785810716208
 40
194.2285810716208
 40
194.2285810716208
 40
194.2285810716208
 40
202.7385810716208
 40
202.7385810716208
 40
202.7385810716208
 40
206.9885810716208
 40
206.9885810716208
 40
206.9885810716208
 40
207.9885810716208
 40
207.9885810716208
 40
207.9885810716208
 40
208.9885810716208
 40
208.9885810716208
 40
208.9885810716208
 40
214.3585810716208
 40
214.3585810716208
 40
214.3585810716208
 40
215.3585810716208
 40
215.3585810716208
 40
215.3585810716208
 40
215.7828451403327
 40
215.7828451403327
 40
215.7828451403327
 40
216.7828451403327
 40
216.7828451403327
 40
216.7828451403327
 40
238.8628451403326
 40
238.8628451403326
 40
238.8628451403326
 40
239.8628451403326
 40
239.8628451403326
 40
239.8628451403326
 40
240.2871092090445
 40
240.2871092090445
 40
240.2871092090445
 40
241.2871092090445
 40
241.2871092090445
 40
241.2871092090445
 40
265.0771092090445
 40
265.0771092090445
 40
265.0771092090445
 40
266.0771092090445
 40
266.0771092090445
 40
266.0771092090445
 40
267.0771092090445
 40
267.0771092090445
 40
267.0771092090445
 40
271.3271209737341
 40
271.3271209737341
 40
271.3271209737341
 40
271.3271209737341
 10
102.1239455555556
 20
402.7399305555555
 30
0.0
 10
103.1246585185185
 20
402.7399305555555
 30
0.0
 10
104.1253714814815
 20
402.7399305555555
 30
0.0
 10
105.1260844444444
 20
402.7399305555555
 30
0.0
 10
105.1249085185185
 20
403.2396990740741
 30
0.0
 10
105.1237325925926
 20
403.7394675925926
 30
0.0
 10
105.1225566666667
 20
404.2392361111111
 30
0.0
 10
105.1225566666667
 20
404.574375
 30
0.0
 10
105.0731677777778
 20
405.0224027777778
 30
0.0
 10
105.0731677777778
 20
405.9890138888888
 30
0.0
 10
105.0731677777778
 20
406.955625
 30
0.0
 10
105.0943344444444
 20
407.7387916666667
 30
0.0
 10
105.1225566666667
 20
407.7387916666667
 30
0.0
 10
107.1216307407407
 20
407.7387916666667
 30
0.0
 10
109.1207048148148
 20
407.7387916666667
 30
0.0
 10
111.1197788888889
 20
407.7387916666667
 30
0.0
 10
111.1480011111111
 20
407.7387916666667
 30
0.0
 10
111.1691677777778
 20
406.955625
 30
0.0
 10
111.1691677777778
 20
405.9890138888888
 30
0.0
 10
111.1691677777778
 20
405.0224027777778
 30
0.0
 10
111.1197788888889
 20
404.574375
 30
0.0
 10
111.1197788888889
 20
404.2392361111111
 30
0.0
 10
111.1209548148148
 20
403.7394675925926
 30
0.0
 10
111.1221307407407
 20
403.2396990740741
 30
0.0
 10
111.1233066666667
 20
402.7399305555555
 30
0.0
 10
112.1240196296296
 20
402.7411064814814
 30
0.0
 10
113.1247325925926
 20
402.7422824074074
 30
0.0
 10
114.1254455555555
 20
402.7434583333333
 30
0.0
 10
114.1242696296296
 20
403.2432268518518
 30
0.0
 10
114.1230937037037
 20
403.7429953703704
 30
0.0
 10
114.1219177777778
 20
404.2427638888889
 30
0.0
 10
114.1219177777778
 20
404.5779027777778
 30
0.0
 10
114.0725288888889
 20
405.0259305555555
 30
0.0
 10
114.0725288888889
 20
405.9925416666666
 30
0.0
 10
114.0725288888889
 20
406.9132916666666
 30
0.0
 10
114.0901677777778
 20
407.6682361111111
 30
0.0
 10
114.1219177777778
 20
407.7387916666667
 30
0.0
 10
116.9206214814815
 20
407.7387916666667
 30
0.0
 10
119.7193251851852
 20
407.7387916666667
 30
0.0
 10
122.5180288888889
 20
407.7387916666667
 30
0.0
 10
122.7826122222222
 20
407.7387916666667
 30
0.0
 10
123.0366122222222
 20
407.6329583333332
 30
0.0
 10
123.2235844444444
 20
407.445986111111
 30
0.0
 10
123.2588622222222
 20
407.4107083333333
 30
0.0
 10
123.29414
 20
407.3754305555555
 30
0.0
 10
123.3294177777778
 20
407.3401527777777
 30
0.0
 10
123.51639
 20
407.1531805555555
 30
0.0
 10
123.6222233333333
 20
406.8991805555555
 30
0.0
 10
123.6222233333333
 20
406.6345972222222
 30
0.0
 10
123.6222233333333
 20
404.0381527777777
 30
0.0
 10
123.6222233333333
 20
401.4417083333333
 30
0.0
 10
123.6222233333333
 20
398.8452638888888
 30
0.0
 10
123.6222233333333
 20
398.5806805555555
 30
0.0
 10
123.51639
 20
398.3266805555555
 30
0.0
 10
123.3294177777778
 20
398.1397083333333
 30
0.0
 10
123.29414
 20
398.1044305555556
 30
0.0
 10
123.2588622222222
 20
398.0691527777778
 30
0.0
 10
123.2235844444444
 20
398.033875
 30
0.0
 10
123.0366122222222
 20
397.8469027777778
 30
0.0
 10
122.7826122222222
 20
397.7410694444444
 30
0.0
 10
122.5180288888889
 20
397.7410694444444
 30
0.0
 10
121.8865566666667
 20
397.7410694444445
 30
0.0
 10
121.2550844444444
 20
397.7410694444445
 30
0.0
 10
120.6236122222222
 20
397.7410694444444
 30
0.0
 10
120.59539
 20
397.7410694444444
 30
0.0
 10
120.5742233333333
 20
398.5242361111111
 30
0.0
 10
120.5742233333333
 20
399.4908472222222
 30
0.0
 10
120.5742233333333
 20
400.4574583333333
 30
0.0
 10
120.6236122222222
 20
400.905486111111
 30
0.0
 10
120.6236122222222
 20
401.240625
 30
0.0
 10
120.6236122222222
 20
401.7403935185185
 30
0.0
 10
120.6236122222222
 20
402.240162037037
 30
0.0
 10
120.6236122222222
 20
402.7399305555555
 30
0.0
 10
119.6228992592593
 20
402.7399305555555
 30
0.0
 10
118.6221862962963
 20
402.7399305555555
 30
0.0
 10
117.6214733333333
 20
402.7399305555555
 30
0.0
 10
117.6214733333333
 20
402.240162037037
 30
0.0
 10
117.6214733333333
 20
401.7403935185185
 30
0.0
 10
117.6214733333333
 20
401.240625
 30
0.0
 10
117.6214733333333
 20
400.905486111111
 30
0.0
 10
117.6708622222222
 20
400.4574583333333
 30
0.0
 10
117.6708622222222
 20
399.4908472222222
 30
0.0
 10
117.6708622222222
 20
398.5242361111111
 30
0.0
 10
117.6496955555556
 20
397.7410694444444
 30
0.0
 10
117.6214733333333
 20
397.7410694444444
 30
0.0
 10
111.2891122222222
 20
397.7410694444445
 30
0.0
 10
104.9567511111111
 20
397.7410694444445
 30
0.0
 10
98.62438999999999
 20
397.7410694444444
 30
0.0
 10
98.59616777777778
 20
397.7410694444444
 30
0.0
 10
98.5750011111111
 20
398.5242361111111
 30
0.0
 10
98.5750011111111
 20
399.4908472222222
 30
0.0
 10
98.5750011111111
 20
400.4574583333333
 30
0.0
 10
98.62438999999999
 20
400.905486111111
 30
0.0
 10
98.62438999999999
 20
401.240625
 30
0.0
 10
98.62438999999999
 20
401.7403935185185
 30
0.0
 10
98.62438999999999
 20
402.240162037037
 30
0.0
 10
98.62438999999999
 20
402.7399305555555
 30
0.0
 10
97.62367703703704
 20
402.7399305555555
 30
0.0
 10
96.62296407407406
 20
402.7399305555555
 30
0.0
 10
95.62225111111111
 20
402.7399305555555
 30
0.0
 10
95.62225111111111
 20
402.240162037037
 30
0.0
 10
95.62225111111111
 20
401.7403935185185
 30
0.0
 10
95.62225111111111
 20
401.240625
 30
0.0
 10
95.62225111111111
 20
400.905486111111
 30
0.0
 10
95.67164
 20
400.4574583333333
 30
0.0
 10
95.67164
 20
399.4908472222222
 30
0.0
 10
95.67164
 20
398.5242361111111
 30
0.0
 10
95.65047333333332
 20
397.7410694444444
 30
0.0
 10
95.62225111111111
 20
397.7410694444444
 30
0.0
 10
94.99077888888888
 20
397.7410694444445
 30
0.0
 10
94.35930666666667
 20
397.7410694444445
 30
0.0
 10
93.72783444444444
 20
397.7410694444444
 30
0.0
 10
93.4632511111111
 20
397.7410694444444
 30
0.0
 10
93.20925111111112
 20
397.8469027777778
 30
0.0
 10
93.02227888888888
 20
398.033875
 30
0.0
 10
92.9870011111111
 20
398.0691527777778
 30
0.0
 10
92.9517233333333
 20
398.1044305555556
 30
0.0
 10
92.91644555555554
 20
398.1397083333333
 30
0.0
 10
92.72947333333333
 20
398.3266805555555
 30
0.0
 10
92.62364
 20
398.5806805555555
 30
0.0
 10
92.62364
 20
398.8452638888888
 30
0.0
 10
92.62363999999998
 20
401.4417083333333
 30
0.0
 10
92.62363999999998
 20
404.0381527777777
 30
0.0
 10
92.62364
 20
406.6345972222222
 30
0.0
 10
92.62364
 20
406.8991805555555
 30
0.0
 10
92.72947333333333
 20
407.1531805555555
 30
0.0
 10
92.91644555555554
 20
407.3401527777777
 30
0.0
 10
92.9517233333333
 20
407.3754305555555
 30
0.0
 10
92.9870011111111
 20
407.4107083333333
 30
0.0
 10
93.02227888888888
 20
407.445986111111
 30
0.0
 10
93.20925111111112
 20
407.6329583333332
 30
0.0
 10
93.4632511111111
 20
407.7387916666667
 30
0.0
 10
93.72783444444444
 20
407.7387916666667
 30
0.0
 10
96.52536222222221
 20
407.7387916666667
 30
0.0
 10
99.32288999999999
 20
407.7387916666667
 30
0.0
 10
102.1204177777778
 20
407.7387916666667
 30
0.0
 10
102.14864
 20
407.7387916666667
 30
0.0
 10
102.1698066666667
 20
406.955625
 30
0.0
 10
102.1698066666667
 20
405.9890138888888
 30
0.0
 10
102.1698066666667
 20
405.0224027777778
 30
0.0
 10
102.1204177777778
 20
404.574375
 30
0.0
 10
102.1204177777778
 20
404.2392361111111
 30
0.0
 10
102.1215937037037
 20
403.7394675925926
 30
0.0
 10
102.1227696296296
 20
403.2396990740741
 30
0.0
 10
102.1239455555556
 20
402.7399305555555
 30
0.0
  0
SPLINE
  5
EA
330
1F
100
AcDbEntity
  8
DEFAULT
 62
     1
100
AcDbSpline
210
0.0
220
0.0
230
1.0
 70
    11
 71
     3
 72
   107
 73
   103
 74
     0
 42
0.000000001
 43
0.0000000001
 40
1.0
 40
1.0
 40
1.0
 40
1.0
 40
2.0
 40
2.0
 40
2.0
 40
3.0
 40
3.0
 40
3.0
 40
4.0
 40
4.0
 40
4.0
 40
5.0
 40
5.0
 40
5.0
 40
9.25
 40
9.25
 40
9.25
 40
17.76000000000001
 40
17.76000000000001
 40
17.76000000000001
 40
22.01000000000001
 40
22.01000000000001
 40
22.01000000000001
 40
23.01000000000001
 40
23.01000000000001
 40
23.01000000000001
 40
24.01000000000001
 40
24.01000000000001
 40
24.01000000000001
 40
41.01000000000001
 40
41.01000000000001
 40
41.01000000000001
 40
42.01000000000001
 40
42.01000000000001
 40
42.01000000000001
 40
43.01000000000001
 40
43.01000000000001
 40
43.01000000000001
 40
47.26000000000001
 40
47.26000000000001
 40
47.26000000000001
 40
55.77
 40
55.77
 40
55.77
 40
60.02
 40
60.02
 40
60.02
 40
61.02
 40
61.02
 40
61.02
 40
62.02
 40
62.02
 40
62.02
 40
63.02
 40
63.02
 40
63.02
 40
64.02000000000001
 40
64.02000000000001
 40
64.02000000000001
 40
65.02000000000001
 40
65.02000000000001
 40
65.02000000000001
 40
66.02000000000001
 40
66.02000000000001
 40
66.02000000000001
 40
67.02000000000001
 40
67.02000000000001
 40
67.02000000000001
 40
68.02000000000001
 40
68.02000000000001
 40
68.02000000000001
 40
69.02000000000001
 40
69.02000000000001
 40
69.02000000000001
 40
70.02000000000001
 40
70.02000000000001
 40
70.02000000000001
 40
71.02000000000001
 40
71.02000000000001
 40
71.02000000000001
 40
105.04
 40
105.04
 40
105.04
 40
106.04
 40
106.04
 40
106.04
 40
107.04
 40
107.04
 40
107.04
 40
108.04
 40
108.04
 40
108.04
 40
109.04
 40
109.04
 40
109.04
 40
110.04
 40
110.04
 40
110.04
 40
111.04
 40
111.04
 40
111.04
 40
112.04
 40
112.04
 40
112.04
 40
112.04
 10
38.97612361111111
 20
384.1482594444444
 30
0.0
 10
38.97612361111111
 20
381.8340372222222
 30
0.0
 10
37.8507625
 20
378.4473705555555
 30
0.0
 10
36.04806805555555
 20
377.6430372222221
 30
0.0
 10
34.34062361111111
 20
376.884565
 30
0.0
 10
32.02287361111112
 20
378.6484538888889
 30
0.0
 10
29.47229027777778
 20
378.6484538888889
 30
0.0
 10
29.44406805555556
 20
378.6484538888889
 30
0.0
 10
29.42290138888889
 20
379.4316205555555
 30
0.0
 10
29.42290138888889
 20
380.3982316666666
 30
0.0
 10
29.42290138888889
 20
381.3648427777777
 30
0.0
 10
29.47229027777778
 20
381.8128705555555
 30
0.0
 10
29.47229027777778
 20
382.1480094444444
 30
0.0
 10
29.47229027777778
 20
382.6477779629629
 30
0.0
 10
29.47229027777778
 20
383.1475464814814
 30
0.0
 10
29.47229027777778
 20
383.6473149999999
 30
0.0
 10
28.47157731481481
 20
383.6473149999999
 30
0.0
 10
27.47086435185185
 20
383.6473149999999
 30
0.0
 10
26.47015138888889
 20
383.6473149999999
 30
0.0
 10
26.47015138888888
 20
383.1475464814814
 30
0.0
 10
26.47015138888888
 20
382.6477779629629
 30
0.0
 10
26.47015138888889
 20
382.1480094444444
 30
0.0
 10
26.47015138888889
 20
381.8128705555555
 30
0.0
 10
26.51954027777778
 20
381.3648427777777
 30
0.0
 10
26.51954027777778
 20
380.3982316666666
 30
0.0
 10
26.51954027777778
 20
379.4316205555555
 30
0.0
 10
26.49837361111111
 20
378.6484538888889
 30
0.0
 10
26.47015138888889
 20
378.6484538888889
 30
0.0
 10
24.47107731481482
 20
378.6484538888888
 30
0.0
 10
22.47200324074074
 20
378.6484538888888
 30
0.0
 10
20.47292916666667
 20
378.6484538888889
 30
0.0
 10
20.44470694444444
 20
378.6484538888889
 30
0.0
 10
20.42354027777778
 20
379.4316205555555
 30
0.0
 10
20.42354027777778
 20
380.3982316666666
 30
0.0
 10
20.42354027777778
 20
381.3648427777777
 30
0.0
 10
20.47292916666667
 20
381.8128705555555
 30
0.0
 10
20.47292916666667
 20
382.1480094444444
 30
0.0
 10
20.47292916666667
 20
382.6477779629629
 30
0.0
 10
20.47292916666667
 20
383.1475464814814
 30
0.0
 10
20.47292916666667
 20
383.6473149999999
 30
0.0
 10
19.4722162037037
 20
383.6473149999999
 30
0.0
 10
18.47150324074074
 20
383.6473149999999
 30
0.0
 10
17.47079027777778
 20
383.6473149999999
 30
0.0
 10
17.47079027777778
 20
383.1475464814814
 30
0.0
 10
17.47079027777778
 20
382.6477779629629
 30
0.0
 10
17.47079027777778
 20
382.1480094444444
 30
0.0
 10
17.47079027777778
 20
381.8128705555555
 30
0.0
 10
17.52017916666667
 20
381.3648427777777
 30
0.0
 10
17.52017916666667
 20
380.3982316666666
 30
0.0
 10
17.52017916666667
 20
379.4316205555555
 30
0.0
 10
17.4990125
 20
378.6484538888889
 30
0.0
 10
17.47079027777778
 20
378.6484538888889
 30
0.0
 10
14.91667916666667
 20
378.6484538888889
 30
0.0
 10
12.60245694444444
 20
376.884565
 30
0.0
 10
10.8950125
 20
377.6430372222221
 30
0.0
 10
9.088790277777779
 20
378.4473705555555
 30
0.0
 10
7.966956944444444
 20
381.8340372222222
 30
0.0
 10
7.966956944444444
 20
384.1482594444444
 30
0.0
 10
7.966956944444444
 20
386.2331761111111
 30
0.0
 10
9.385123611111114
 20
387.9864816666666
 30
0.0
 10
11.30423472222222
 20
388.4980094444443
 30
0.0
 10
12.10504027777778
 20
388.7132038888889
 30
0.0
 10
12.9270125
 20
388.233426111111
 30
0.0
 10
13.14220694444444
 20
387.4326205555555
 30
0.0
 10
13.35740138888889
 20
386.6318149999999
 30
0.0
 10
12.88115138888889
 20
385.8098427777777
 30
0.0
 10
12.08034583333334
 20
385.5946483333332
 30
0.0
 10
11.44181805555556
 20
385.4253149999999
 30
0.0
 10
10.96909583333333
 20
384.8432316666666
 30
0.0
 10
10.96909583333333
 20
384.1482594444444
 30
0.0
 10
10.96909583333333
 20
383.3192316666666
 30
0.0
 10
11.64290138888889
 20
382.6489538888889
 30
0.0
 10
12.46840138888889
 20
382.6489538888889
 30
0.0
 10
14.1017625
 20
382.6489538888889
 30
0.0
 10
14.47217916666667
 20
385.2030649999999
 30
0.0
 10
14.47217916666667
 20
386.504815
 30
0.0
 10
14.47217916666667
 20
387.6901483333332
 30
0.0
 10
15.81273472222222
 20
388.6461761111111
 30
0.0
 10
17.47079027777778
 20
388.6461761111111
 30
0.0
 10
21.47129027777778
 20
388.6461761111111
 30
0.0
 10
25.47179027777777
 20
388.6461761111111
 30
0.0
 10
29.47229027777778
 20
388.6461761111111
 30
0.0
 10
31.13034583333333
 20
388.6461761111111
 30
0.0
 10
32.47090138888889
 20
387.6901483333332
 30
0.0
 10
32.47090138888889
 20
386.504815
 30
0.0
 10
32.47090138888889
 20
385.2030649999999
 30
0.0
 10
32.83779027777778
 20
382.6489538888889
 30
0.0
 10
34.47467916666666
 20
382.6489538888889
 30
0.0
 10
35.30017916666667
 20
382.6489538888889
 30
0.0
 10
35.97398472222222
 20
383.3192316666666
 30
0.0
 10
35.97398472222222
 20
384.1482594444444
 30
0.0
 10
35.97398472222222
 20
384.8432316666666
 30
0.0
 10
35.5012625
 20
385.4253149999999
 30
0.0
 10
34.86273472222222
 20
385.5946483333332
 30
0.0
 10
34.06192916666667
 20
385.8098427777777
 30
0.0
 10
33.58567916666667
 20
386.6318149999999
 30
0.0
 10
33.80087361111111
 20
387.4326205555555
 30
0.0
 10
34.01606805555556
 20
388.233426111111
 30
0.0
 10
34.83804027777778
 20
388.7132038888889
 30
0.0
 10
35.63884583333333
 20
388.4980094444443
 30
0.0
 10
37.55795694444444
 20
387.9864816666666
 30
0.0
 10
38.97612361111111
 20
386.2331761111111
 30
0.0
 10
38.97612361111111
 20
384.1482594444444
 30
0.0
  0
SPLINE
  5
EB
330
1F
100
AcDbEntity
  8
DEFAULT
 62
    18
100
AcDbSpline
210
0.0
220
0.0
230
1.0
 70
    11
 71
     3
 72
    47
 73
    43
 74
     0
 42
0.000000001
 43
0.0000000001
 40
8.302000000000021
 40
8.302000000000021
 40
8.302000000000021
 40
8.302000000000021
 40
9.381999999999948
 40
9.381999999999948
 40
9.381999999999948
 40
11.3062351727375
 40
11.3062351727375
 40
11.3062351727375
 40
12.3062351727375
 40
12.3062351727375
 40
12.3062351727375
 40
13.3062351727375
 40
13.3062351727375
 40
13.3062351727375
 40
14.3062351727375
 40
14.3062351727375
 40
14.3062351727375
 40
15.66682328087308
 40
15.66682328087308
 40
15.66682328087308
 40
16.66682328087308
 40
16.66682328087308
 40
16.66682328087308
 40
17.66682328087308
 40
17.66682328087308
 40
17.66682328087308
 40
18.66682328087308
 40
18.66682328087308
 40
18.66682328087308
 40
20.08358084658427
 40
20.08358084658427
 40
20.08358084658427
 40
20.12358084658424
 40
20.12358084658424
 40
20.12358084658424
 40
25.96558084658422
 40
25.96558084658422
 40
25.96558084658422
 40
27.42558084658426
 40
27.42558084658426
 40
27.42558084658426
 40
35.72758084658427
 40
35.72758084658427
 40
35.72758084658427
 40
35.72758084658427
 10
293.3278783333333
 20
413.2103397222222
 30
0.0
 10
293.3278783333333
 20
413.3373397222222
 30
0.0
 10
293.3278783333333
 20
413.4643397222222
 30
0.0
 10
293.3278783333333
 20
413.5913397222222
 30
0.0
 10
293.490156111111
 20
413.7490313888889
 30
0.0
 10
293.6524338888889
 20
413.9067230555556
 30
0.0
 10
293.8147116666667
 20
414.0644147222222
 30
0.0
 10
294.9862866666666
 20
415.1791924999999
 30
0.0
 10
295.5154533333333
 20
415.7722119444444
 30
0.0
 10
295.5225088888889
 20
416.4636563888889
 30
0.0
 10
295.5225088888889
 20
416.9293230555555
 30
0.0
 10
295.2967311111111
 20
417.3600647222222
 30
0.0
 10
294.6123422222222
 20
417.3600647222222
 30
0.0
 10
294.1957116666666
 20
417.3600647222222
 30
0.0
 10
293.8499894444444
 20
417.1480452777778
 30
0.0
 10
293.6383227777777
 20
416.9716563888889
 30
0.0
 10
293.5724709259259
 20
417.1174712037037
 30
0.0
 10
293.5066190740741
 20
417.2632860185186
 30
0.0
 10
293.4407672222222
 20
417.4091008333334
 30
0.0
 10
293.7582672222222
 20
417.6775647222222
 30
0.0
 10
294.2098227777777
 20
417.8751202777777
 30
0.0
 10
294.7393422222222
 20
417.8751202777777
 30
0.0
 10
295.72712
 20
417.8751202777777
 30
0.0
 10
296.1437505555555
 20
417.1977869444445
 30
0.0
 10
296.1437505555555
 20
416.5412675
 30
0.0
 10
296.1437505555555
 20
415.6946008333333
 30
0.0
 10
295.5295644444444
 20
415.0098591666667
 30
0.0
 10
294.5629533333333
 20
414.0785258333333
 30
0.0
 10
294.4405394444444
 20
413.9655193518518
 30
0.0
 10
294.3181255555555
 20
413.8525128703703
 30
0.0
 10
294.1957116666666
 20
413.7395063888889
 30
0.0
 10
294.1957116666666
 20
413.7348026851852
 30
0.0
 10
294.1957116666666
 20
413.7300989814815
 30
0.0
 10
294.1957116666666
 20
413.7253952777778
 30
0.0
 10
294.8826875925926
 20
413.7253952777778
 30
0.0
 10
295.5696635185185
 20
413.7253952777778
 30
0.0
 10
296.2566394444444
 20
413.7253952777778
 30
0.0
 10
296.2566394444444
 20
413.5537100925926
 30
0.0
 10
296.2566394444444
 20
413.3820249074074
 30
0.0
 10
296.2566394444444
 20
413.2103397222222
 30
0.0
 10
295.2803857407407
 20
413.2103397222222
 30
0.0
 10
294.304132037037
 20
413.2103397222222
 30
0.0
 10
293.3278783333333
 20
413.2103397222222
 30
0.0
  0
SPLINE
  5
EC
330
1F
100
AcDbEntity
  8
DEFAULT
 62
    18
100
AcDbSpline
210
0.0
220
0.0
230
1.0
 70
    11
 71
     3
 72
    59
 73
    55
 74
     0
 42
0.000000001
 43
0.0000000001
 40
0.0
 40
0.0
 40
0.0
 40
0.0
 40
2.496710035226534
 40
2.496710035226534
 40
2.496710035226534
 40
3.496710035226534
 40
3.496710035226534
 40
3.496710035226534
 40
3.557710035226569
 40
3.557710035226569
 40
3.557710035226569
 40
4.557710035226569
 40
4.557710035226569
 40
4.557710035226569
 40
7.026150838648805
 40
7.026150838648805
 40
7.026150838648805
 40
8.927150838648872
 40
8.927150838648872
 40
8.927150838648872
 40
14.6550092517035
 40
14.6550092517035
 40
14.6550092517035
 40
20.70232278748115
 40
20.70232278748115
 40
20.70232278748115
 40
22.70232278748115
 40
22.70232278748115
 40
22.70232278748115
 40
25.3048525183392
 40
25.3048525183392
 40
25.3048525183392
 40
26.3048525183392
 40
26.3048525183392
 40
26.3048525183392
 40
26.34485251833916
 40
26.34485251833916
 40
26.34485251833916
 40
27.34485251833916
 40
27.34485251833916
 40
27.34485251833916
 40
29.93706431524158
 40
29.93706431524158
 40
29.93706431524158
 40
31.87706431524163
 40
31.87706431524163
 40
31.87706431524163
 40
37.89843990558646
 40
37.89843990558646
 40
37.89843990558646
 40
43.66263976332913
 40
43.66263976332913
 40
43.66263976332913
 40
45.62263976332917
 40
45.62263976332917
 40
45.62263976332917
 40
45.62263976332917
 10
290.54806
 20
416.6257930555555
 30
0.0
 10
290.7104553703703
 20
416.3812004629629
 30
0.0
 10
290.8728507407407
 20
416.1366078703703
 30
0.0
 10
291.0352461111111
 20
415.8920152777777
 30
0.0
 10
291.1618933333334
 20
415.7015152777778
 30
0.0
 10
291.2680794444445
 20
415.5251263888889
 30
0.0
 10
291.3806155555556
 20
415.3346263888888
 30
0.0
 10
291.3877887037037
 20
415.3346263888888
 30
0.0
 10
291.3949618518519
 20
415.3346263888888
 30
0.0
 10
291.402135
 20
415.3346263888888
 30
0.0
 10
291.5150238888889
 20
415.5392375
 30
0.0
 10
291.62756
 20
415.7156263888889
 30
0.0
 10
291.7408016666666
 20
415.8990708333333
 30
0.0
 10
291.9007275925925
 20
416.1413115740741
 30
0.0
 10
292.0606535185184
 20
416.3835523148148
 30
0.0
 10
292.2205794444444
 20
416.6257930555555
 30
0.0
 10
292.4441229629629
 20
416.6257930555555
 30
0.0
 10
292.6676664814815
 20
416.6257930555555
 30
0.0
 10
292.89121
 20
416.6257930555555
 30
0.0
 10
292.5030368518518
 20
416.0753421296296
 30
0.0
 10
292.1148637037036
 20
415.5248912037036
 30
0.0
 10
291.7266905555555
 20
414.9744402777777
 30
0.0
 10
292.1265053703704
 20
414.3863597222222
 30
0.0
 10
292.5263201851852
 20
413.7982791666666
 30
0.0
 10
292.926135
 20
413.2101986111111
 30
0.0
 10
292.6909498148148
 20
413.2101986111111
 30
0.0
 10
292.4557646296296
 20
413.2101986111111
 30
0.0
 10
292.2205794444444
 20
413.2101986111111
 30
0.0
 10
292.0535979629629
 20
413.4666680555555
 30
0.0
 10
291.8866164814814
 20
413.7231375
 30
0.0
 10
291.719635
 20
413.9796069444444
 30
0.0
 10
291.5852266666667
 20
414.1771625
 30
0.0
 10
291.4726905555555
 20
414.3676624999999
 30
0.0
 10
291.3523933333333
 20
414.5722736111111
 30
0.0
 10
291.3476896296297
 20
414.5722736111111
 30
0.0
 10
291.3429859259259
 20
414.5722736111111
 30
0.0
 10
291.3382822222222
 20
414.5722736111111
 30
0.0
 10
291.2257461111111
 20
414.3676624999999
 30
0.0
 10
291.1054488888889
 20
414.1842180555555
 30
0.0
 10
290.9788016666666
 20
413.9796069444444
 30
0.0
 10
290.8140544444444
 20
413.7231375
 30
0.0
 10
290.6493072222222
 20
413.4666680555555
 30
0.0
 10
290.48456
 20
413.2101986111111
 30
0.0
 10
290.2564303703704
 20
413.2101986111111
 30
0.0
 10
290.0283007407407
 20
413.2101986111111
 30
0.0
 10
289.8001711111111
 20
413.2101986111111
 30
0.0
 10
290.2046896296296
 20
413.7913412037037
 30
0.0
 10
290.6092081481482
 20
414.3724837962962
 30
0.0
 10
291.0137266666667
 20
414.9536263888888
 30
0.0
 10
290.628022962963
 20
415.5110152777777
 30
0.0
 10
290.2423192592593
 20
416.0684041666666
 30
0.0
 10
289.8566155555555
 20
416.6257930555555
 30
0.0
 10
290.087097037037
 20
416.6257930555555
 30
0.0
 10
290.3175785185185
 20
416.6257930555555
 30
0.0
 10
290.54806
 20
416.6257930555555
 30
0.0
  0
POLYLINE
  5
ED
330
1F
100
AcDbEntity
  8
DEFAULT
 62
    18
100
AcDb2dPolyline
 66
     1
 10
0.0
 20
0.0
 30
0.0
 70
     1
  0
VERTEX
  5
EE
330
ED
100
AcDbEntity
  8
DEFAULT
 62
    18
100
AcDbVertex
100
AcDb2dVertex
 10
195.5550586111111
 20
218.1903391666667
 30
0.0
  0
VERTEX
  5
EF
330
ED
100
AcDbEntity
  8
DEFAULT
 62
    18
100
AcDbVertex
100
AcDb2dVertex
 10
195.5550586111111
 20
219.4395252777778
 30
0.0
  0
VERTEX
  5
F0
330
ED
100
AcDbEntity
  8
DEFAULT
 62
    18
100
AcDbVertex
100
AcDb2dVertex
 10
193.4235752777778
 20
219.4395252777778
 30
0.0
  0
VERTEX
  5
F1
330
ED
100
AcDbEntity
  8
DEFAULT
 62
    18
100
AcDbVertex
100
AcDb2dVertex
 10
193.4235752777778
 20
219.8487475
 30
0.0
  0
VERTEX
  5
F2
330
ED
100
AcDbEntity
  8
DEFAULT
 62
    18
100
AcDbVertex
100
AcDb2dVertex
 10
195.4703919444444
 20
222.7775086111111
 30
0.0
  0
VERTEX
  5
F3
330
ED
100
AcDbEntity
  8
DEFAULT
 62
    18
100
AcDbVertex
100
AcDb2dVertex
 10
196.1406697222222
 20
222.7775086111111
 30
0.0
  0
VERTEX
  5
F4
330
ED
100
AcDbEntity
  8
DEFAULT
 62
    18
100
AcDbVertex
100
AcDb2dVertex
 10
196.1406697222222
 20
219.9263586111111
 30
0.0
  0
VERTEX
  5
F5
330
ED
100
AcDbEntity
  8
DEFAULT
 62
    18
100
AcDbVertex
100
AcDb2dVertex
 10
196.7827252777778
 20
219.9263586111111
 30
0.0
  0
VERTEX
  5
F6
330
ED
100
AcDbEntity
  8
DEFAULT
 62
    18
100
AcDbVertex
100
AcDb2dVertex
 10
196.7827252777778
 20
219.4395252777778
 30
0.0
  0
VERTEX
  5
F7
330
ED
100
AcDbEntity
  8
DEFAULT
 62
    18
100
AcDbVertex
100
AcDb2dVertex
 10
196.1406697222222
 20
219.4395252777778
 30
0.0
  0
VERTEX
  5
F8
330
ED
100
AcDbEntity
  8
DEFAULT
 62
    18
100
AcDbVertex
100
AcDb2dVertex
 10
196.1406697222222
 20
218.1903391666667
 30
0.0
  0
SEQEND
  5
F9
330
ED
100
AcDbEntity
  8
DEFAULT
 62
    18
  0
SPLINE
  5
FA
330
1F
100
AcDbEntity
  8
DEFAULT
 62
    18
100
AcDbSpline
210
0.0
220
0.0
230
1.0
 70
    11
 71
     3
 72
    26
 73
    22
 74
     0
 42
0.000000001
 43
0.0000000001
 40
4.261999999999944
 40
4.261999999999944
 40
4.261999999999944
 40
4.261999999999944
 40
8.602999999999952
 40
8.602999999999952
 40
8.602999999999952
 40
9.602999999999952
 40
9.602999999999952
 40
9.602999999999952
 40
9.662999999999897
 40
9.662999999999897
 40
9.662999999999897
 40
10.6629999999999
 40
10.6629999999999
 40
10.6629999999999
 40
16.10946692820207
 40
16.10946692820207
 40
16.10946692820207
 40
16.14946692820203
 40
16.14946692820203
 40
16.14946692820203
 40
20.41146692820197
 40
20.41146692820197
 40
20.41146692820197
 40
20.41146692820197
 10
195.5550586111111
 20
219.9263586111111
 30
0.0
 10
195.5550586111111
 20
220.4368280555556
 30
0.0
 10
195.5550586111111
 20
220.9472975
 30
0.0
 10
195.5550586111111
 20
221.4577669444444
 30
0.0
 10
195.5550586111111
 20
221.6976558333333
 30
0.0
 10
195.5621141666666
 20
221.9375447222222
 30
0.0
 10
195.5762252777777
 20
222.1777863888889
 30
0.0
 10
195.5691697222222
 20
222.1777863888889
 30
0.0
 10
195.5621141666666
 20
222.1777863888889
 30
0.0
 10
195.5550586111111
 20
222.1777863888889
 30
0.0
 10
195.4139475
 20
221.9093225
 30
0.0
 10
195.3007058333333
 20
221.7117669444445
 30
0.0
 10
195.1737058333333
 20
221.5001002777778
 30
0.0
 10
194.7996437962963
 20
220.9802234259259
 30
0.0
 10
194.4255817592592
 20
220.4603465740741
 30
0.0
 10
194.0515197222222
 20
219.9404697222222
 30
0.0
 10
194.0515197222222
 20
219.9357660185185
 30
0.0
 10
194.0515197222222
 20
219.9310623148148
 30
0.0
 10
194.0515197222222
 20
219.9263586111111
 30
0.0
 10
194.5526993518519
 20
219.9263586111111
 30
0.0
 10
195.0538789814815
 20
219.9263586111111
 30
0.0
 10
195.5550586111111
 20
219.9263586111111
 30
0.0
  0
SPLINE
  5
FB
330
1F
100
AcDbEntity
  8
DEFAULT
 62
    18
100
AcDbSpline
210
0.0
220
0.0
230
1.0
 70
    11
 71
     3
 72
    59
 73
    55
 74
     0
 42
0.000000001
 43
0.0000000001
 40
0.0
 40
0.0
 40
0.0
 40
0.0
 40
2.496710035226376
 40
2.496710035226376
 40
2.496710035226376
 40
3.496710035226376
 40
3.496710035226376
 40
3.496710035226376
 40
3.557710035226412
 40
3.557710035226412
 40
3.557710035226412
 40
4.557710035226412
 40
4.557710035226412
 40
4.557710035226412
 40
7.026150838648648
 40
7.026150838648648
 40
7.026150838648648
 40
8.927150838648714
 40
8.927150838648714
 40
8.927150838648714
 40
14.65500925170334
 40
14.65500925170334
 40
14.65500925170334
 40
20.70232278748099
 40
20.70232278748099
 40
20.70232278748099
 40
22.70232278748099
 40
22.70232278748099
 40
22.70232278748099
 40
25.30485251833904
 40
25.30485251833904
 40
25.30485251833904
 40
26.30485251833904
 40
26.30485251833904
 40
26.30485251833904
 40
26.344852518339
 40
26.344852518339
 40
26.344852518339
 40
27.344852518339
 40
27.344852518339
 40
27.344852518339
 40
29.93706431524142
 40
29.93706431524142
 40
29.93706431524142
 40
31.87706431524147
 40
31.87706431524147
 40
31.87706431524147
 40
37.89843990558629
 40
37.89843990558629
 40
37.89843990558629
 40
43.66263976332897
 40
43.66263976332897
 40
43.66263976332897
 40
45.622639763329
 40
45.622639763329
 40
45.622639763329
 40
45.622639763329
 10
190.8556
 20
221.6058277777777
 30
0.0
 10
191.0179953703703
 20
221.3612351851851
 30
0.0
 10
191.1803907407407
 20
221.1166425925925
 30
0.0
 10
191.3427861111111
 20
220.8720499999999
 30
0.0
 10
191.4694333333333
 20
220.68155
 30
0.0
 10
191.5756194444445
 20
220.5051611111111
 30
0.0
 10
191.6881555555556
 20
220.3146611111111
 30
0.0
 10
191.6953287037037
 20
220.3146611111111
 30
0.0
 10
191.7025018518518
 20
220.3146611111111
 30
0.0
 10
191.709675
 20
220.3146611111111
 30
0.0
 10
191.8225638888889
 20
220.5192722222222
 30
0.0
 10
191.9351
 20
220.6956611111111
 30
0.0
 10
192.0483416666667
 20
220.8791055555556
 30
0.0
 10
192.2082675925926
 20
221.1213462962963
 30
0.0
 10
192.3681935185185
 20
221.363587037037
 30
0.0
 10
192.5281194444444
 20
221.6058277777778
 30
0.0
 10
192.751662962963
 20
221.6058277777778
 30
0.0
 10
192.9752064814815
 20
221.6058277777778
 30
0.0
 10
193.19875
 20
221.6058277777778
 30
0.0
 10
192.8105768518518
 20
221.0553768518518
 30
0.0
 10
192.4224037037037
 20
220.5049259259259
 30
0.0
 10
192.0342305555556
 20
219.9544749999999
 30
0.0
 10
192.4340453703704
 20
219.3663944444444
 30
0.0
 10
192.8338601851852
 20
218.7783138888888
 30
0.0
 10
193.233675
 20
218.1902333333333
 30
0.0
 10
192.9984898148148
 20
218.1902333333333
 30
0.0
 10
192.7633046296296
 20
218.1902333333333
 30
0.0
 10
192.5281194444444
 20
218.1902333333333
 30
0.0
 10
192.3611379629629
 20
218.4467027777778
 30
0.0
 10
192.1941564814815
 20
218.7031722222222
 30
0.0
 10
192.027175
 20
218.9596416666666
 30
0.0
 10
191.8927666666667
 20
219.1571972222222
 30
0.0
 10
191.7802305555555
 20
219.3476972222222
 30
0.0
 10
191.6599333333333
 20
219.5523083333333
 30
0.0
 10
191.6552296296296
 20
219.5523083333333
 30
0.0
 10
191.6505259259259
 20
219.5523083333333
 30
0.0
 10
191.6458222222222
 20
219.5523083333333
 30
0.0
 10
191.5332861111111
 20
219.3476972222222
 30
0.0
 10
191.4129888888889
 20
219.1642527777777
 30
0.0
 10
191.2863416666667
 20
218.9596416666666
 30
0.0
 10
191.1215944444444
 20
218.7031722222222
 30
0.0
 10
190.9568472222222
 20
218.4467027777778
 30
0.0
 10
190.7921
 20
218.1902333333333
 30
0.0
 10
190.5639703703704
 20
218.1902333333333
 30
0.0
 10
190.3358407407408
 20
218.1902333333333
 30
0.0
 10
190.1077111111111
 20
218.1902333333333
 30
0.0
 10
190.5122296296296
 20
218.7713759259259
 30
0.0
 10
190.9167481481481
 20
219.3525185185185
 30
0.0
 10
191.3212666666667
 20
219.9336611111111
 30
0.0
 10
190.935562962963
 20
220.49105
 30
0.0
 10
190.5498592592593
 20
221.0484388888889
 30
0.0
 10
190.1641555555555
 20
221.6058277777778
 30
0.0
 10
190.394637037037
 20
221.6058277777778
 30
0.0
 10
190.6251185185185
 20
221.6058277777778
 30
0.0
 10
190.8556
 20
221.6058277777777
 30
0.0
  0
SPLINE
  5
FC
330
1F
100
AcDbEntity
  8
DEFAULT
 62
    18
100
AcDbSpline
210
0.0
220
0.0
230
1.0
 70
    11
 71
     3
 72
    47
 73
    43
 74
     0
 42
0.000000001
 43
0.0000000001
 40
8.302000000000021
 40
8.302000000000021
 40
8.302000000000021
 40
8.302000000000021
 40
9.382000000000062
 40
9.382000000000062
 40
9.382000000000062
 40
11.3069322065985
 40
11.3069322065985
 40
11.3069322065985
 40
12.3069322065985
 40
12.3069322065985
 40
12.3069322065985
 40
13.3069322065985
 40
13.3069322065985
 40
13.3069322065985
 40
14.3069322065985
 40
14.3069322065985
 40
14.3069322065985
 40
15.66752031473409
 40
15.66752031473409
 40
15.66752031473409
 40
16.66752031473408
 40
16.66752031473408
 40
16.66752031473408
 40
17.66752031473408
 40
17.66752031473408
 40
17.66752031473408
 40
18.66752031473408
 40
18.66752031473408
 40
18.66752031473408
 40
20.08427788044527
 40
20.08427788044527
 40
20.08427788044527
 40
20.12327788044526
 40
20.12327788044526
 40
20.12327788044526
 40
25.96527788044525
 40
25.96527788044525
 40
25.96527788044525
 40
27.42627788044526
 40
27.42627788044526
 40
27.42627788044526
 40
35.72827788044528
 40
35.72827788044528
 40
35.72827788044528
 40
35.72827788044528
 10
193.7761766666666
 20
263.2625333333333
 30
0.0
 10
193.7761766666666
 20
263.3895333333333
 30
0.0
 10
193.7761766666666
 20
263.5165333333333
 30
0.0
 10
193.7761766666666
 20
263.6435333333333
 30
0.0
 10
193.9384544444444
 20
263.8013425925926
 30
0.0
 10
194.1007322222222
 20
263.9591518518519
 30
0.0
 10
194.26301
 20
264.1169611111111
 30
0.0
 10
195.434585
 20
265.2317388888889
 30
0.0
 10
195.9637516666666
 20
265.8244055555555
 30
0.0
 10
195.9708072222222
 20
266.5162027777777
 30
0.0
 10
195.9708072222222
 20
266.9818694444444
 30
0.0
 10
195.7450294444444
 20
267.4126111111111
 30
0.0
 10
195.0606405555555
 20
267.4126111111111
 30
0.0
 10
194.64401
 20
267.4126111111111
 30
0.0
 10
194.2982877777777
 20
267.2002388888889
 30
0.0
 10
194.0866211111111
 20
267.02385
 30
0.0
 10
194.0207692592593
 20
267.1696648148148
 30
0.0
 10
193.9549174074074
 20
267.3154796296296
 30
0.0
 10
193.8890655555555
 20
267.4612944444444
 30
0.0
 10
194.2065655555555
 20
267.7301111111111
 30
0.0
 10
194.6581211111111
 20
267.9273138888888
 30
0.0
 10
195.1876405555555
 20
267.9273138888888
 30
0.0
 10
196.1754183333333
 20
267.9273138888888
 30
0.0
 10
196.5916961111111
 20
267.2499805555555
 30
0.0
 10
196.5916961111111
 20
266.5938138888889
 30
0.0
 10
196.5916961111111
 20
265.7471472222222
 30
0.0
 10
195.9778627777777
 20
265.0624055555555
 30
0.0
 10
195.0112516666666
 20
264.1307194444444
 30
0.0
 10
194.8888377777778
 20
264.0177129629629
 30
0.0
 10
194.7664238888889
 20
263.9047064814815
 30
0.0
 10
194.64401
 20
263.7917
 30
0.0
 10
194.64401
 20
263.7871138888889
 30
0.0
 10
194.64401
 20
263.7825277777778
 30
0.0
 10
194.64401
 20
263.7779416666667
 30
0.0
 10
195.3309859259259
 20
263.7779416666667
 30
0.0
 10
196.0179618518519
 20
263.7779416666667
 30
0.0
 10
196.7049377777778
 20
263.7779416666667
 30
0.0
 10
196.7049377777778
 20
263.6061388888889
 30
0.0
 10
196.7049377777778
 20
263.4343361111111
 30
0.0
 10
196.7049377777778
 20
263.2625333333333
 30
0.0
 10
195.7286840740741
 20
263.2625333333333
 30
0.0
 10
194.7524303703703
 20
263.2625333333333
 30
0.0
 10
193.7761766666666
 20
263.2625333333333
 30
0.0
  0
SPLINE
  5
FD
330
1F
100
AcDbEntity
  8
DEFAULT
 62
    18
100
AcDbSpline
210
0.0
220
0.0
230
1.0
 70
    11
 71
     3
 72
    59
 73
    55
 74
     0
 42
0.000000001
 43
0.0000000001
 40
0.0
 40
0.0
 40
0.0
 40
0.0
 40
2.496710035226281
 40
2.496710035226281
 40
2.496710035226281
 40
3.496710035226281
 40
3.496710035226281
 40
3.496710035226281
 40
3.557710035226317
 40
3.557710035226317
 40
3.557710035226317
 40
4.557710035226316
 40
4.557710035226316
 40
4.557710035226316
 40
7.025316365255462
 40
7.025316365255462
 40
7.025316365255462
 40
8.926316365255529
 40
8.926316365255529
 40
8.926316365255529
 40
14.65335757341877
 40
14.65335757341877
 40
14.65335757341877
 40
20.70149811411394
 40
20.70149811411394
 40
20.70149811411394
 40
22.70149811411394
 40
22.70149811411394
 40
22.70149811411394
 40
25.30486593292095
 40
25.30486593292095
 40
25.30486593292095
 40
26.30486593292095
 40
26.30486593292095
 40
26.30486593292095
 40
26.34486593292091
 40
26.34486593292091
 40
26.34486593292091
 40
27.34486593292091
 40
27.34486593292091
 40
27.34486593292091
 40
29.937919152583
 40
29.937919152583
 40
29.937919152583
 40
31.87791915258306
 40
31.87791915258306
 40
31.87791915258306
 40
37.89929474292788
 40
37.89929474292788
 40
37.89929474292788
 40
43.66349460067055
 40
43.66349460067055
 40
43.66349460067055
 40
45.62349460067059
 40
45.62349460067059
 40
45.62349460067059
 40
45.62349460067059
 10
190.9963230555555
 20
266.6780219444443
 30
0.0
 10
191.1587184259258
 20
266.4334293518518
 30
0.0
 10
191.3211137962962
 20
266.1888367592592
 30
0.0
 10
191.4835091666666
 20
265.9442441666666
 30
0.0
 10
191.6101563888889
 20
265.7540969444444
 30
0.0
 10
191.7163425
 20
265.5777080555555
 30
0.0
 10
191.8288786111111
 20
265.3868552777777
 30
0.0
 10
191.8360517592592
 20
265.3868552777777
 30
0.0
 10
191.8432249074074
 20
265.3868552777777
 30
0.0
 10
191.8503980555555
 20
265.3868552777777
 30
0.0
 10
191.9632869444444
 20
265.5914663888888
 30
0.0
 10
192.0761758333333
 20
265.7678552777777
 30
0.0
 10
192.1890647222222
 20
265.9516525
 30
0.0
 10
192.3489906481481
 20
266.1937756481481
 30
0.0
 10
192.508916574074
 20
266.4358987962963
 30
0.0
 10
192.6688425
 20
266.6780219444444
 30
0.0
 10
192.8923860185185
 20
266.6780219444444
 30
0.0
 10
193.115929537037
 20
266.6780219444444
 30
0.0
 10
193.3394730555555
 20
266.6780219444444
 30
0.0
 10
192.9512999074074
 20
266.1276886111111
 30
0.0
 10
192.5631267592592
 20
265.5773552777778
 30
0.0
 10
192.1749536111111
 20
265.0270219444444
 30
0.0
 10
192.5747684259259
 20
264.4388237962963
 30
0.0
 10
192.9745832407407
 20
263.8506256481481
 30
0.0
 10
193.3743980555555
 20
263.2624274999999
 30
0.0
 10
193.1392128703703
 20
263.2624274999999
 30
0.0
 10
192.9040276851852
 20
263.2624274999999
 30
0.0
 10
192.6688425
 20
263.2624274999999
 30
0.0
 10
192.5018610185185
 20
263.519014537037
 30
0.0
 10
192.334879537037
 20
263.7756015740741
 30
0.0
 10
192.1678980555555
 20
264.0321886111111
 30
0.0
 10
192.0334897222222
 20
264.2293913888888
 30
0.0
 10
191.9209536111111
 20
264.4202441666666
 30
0.0
 10
191.8006563888889
 20
264.6248552777777
 30
0.0
 10
191.7959526851851
 20
264.6248552777777
 30
0.0
 10
191.7912489814814
 20
264.6248552777777
 30
0.0
 10
191.7865452777777
 20
264.6248552777777
 30
0.0
 10
191.6740091666667
 20
264.4202441666666
 30
0.0
 10
191.5537119444444
 20
264.2367997222222
 30
0.0
 10
191.4270647222222
 20
264.0321886111111
 30
0.0
 10
191.2623175
 20
263.775601574074
 30
0.0
 10
191.0975702777777
 20
263.519014537037
 30
0.0
 10
190.9328230555555
 20
263.2624274999999
 30
0.0
 10
190.7046934259259
 20
263.2624274999999
 30
0.0
 10
190.4765637962963
 20
263.2624274999999
 30
0.0
 10
190.2484341666666
 20
263.2624274999999
 30
0.0
 10
190.6529526851852
 20
263.8435700925925
 30
0.0
 10
191.0574712037037
 20
264.4247126851851
 30
0.0
 10
191.4619897222222
 20
265.0058552777778
 30
0.0
 10
191.0762860185185
 20
265.5632441666667
 30
0.0
 10
190.6905823148148
 20
266.1206330555556
 30
0.0
 10
190.3048786111111
 20
266.6780219444444
 30
0.0
 10
190.5353600925926
 20
266.6780219444444
 30
0.0
 10
190.765841574074
 20
266.6780219444444
 30
0.0
 10
190.9963230555555
 20
266.6780219444443
 30
0.0
  0
POLYLINE
  5
FE
330
1F
100
AcDbEntity
  8
DEFAULT
 62
    18
100
AcDb2dPolyline
 66
     1
 10
0.0
 20
0.0
 30
0.0
 70
     1
  0
VERTEX
  5
FF
330
FE
100
AcDbEntity
  8
DEFAULT
 62
    18
100
AcDbVertex
100
AcDb2dVertex
 10
294.6757716666666
 20
327.5687011111111
 30
0.0
  0
VERTEX
  5
100
330
FE
100
AcDbEntity
  8
DEFAULT
 62
    18
100
AcDbVertex
100
AcDb2dVertex
 10
294.6616605555555
 20
327.5687011111111
 30
0.0
  0
VERTEX
  5
101
330
FE
100
AcDbEntity
  8
DEFAULT
 62
    18
100
AcDbVertex
100
AcDb2dVertex
 10
293.8643827777777
 20
327.1386649999999
 30
0.0
  0
VERTEX
  5
102
330
FE
100
AcDbEntity
  8
DEFAULT
 62
    18
100
AcDbVertex
100
AcDb2dVertex
 10
293.7440855555555
 20
327.6113872222222
 30
0.0
  0
VERTEX
  5
103
330
FE
100
AcDbEntity
  8
DEFAULT
 62
    18
100
AcDbVertex
100
AcDb2dVertex
 10
294.7463272222222
 20
328.1476094444444
 30
0.0
  0
VERTEX
  5
104
330
FE
100
AcDbEntity
  8
DEFAULT
 62
    18
100
AcDbVertex
100
AcDb2dVertex
 10
295.2754938888888
 20
328.1476094444444
 30
0.0
  0
VERTEX
  5
105
330
FE
100
AcDbEntity
  8
DEFAULT
 62
    18
100
AcDbVertex
100
AcDb2dVertex
 10
295.2754938888888
 20
323.5607927777777
 30
0.0
  0
VERTEX
  5
106
330
FE
100
AcDbEntity
  8
DEFAULT
 62
    18
100
AcDbVertex
100
AcDb2dVertex
 10
294.6757716666666
 20
323.5607927777777
 30
0.0
  0
SEQEND
  5
107
330
FE
100
AcDbEntity
  8
DEFAULT
 62
    18
  0
SPLINE
  5
108
330
1F
100
AcDbEntity
  8
DEFAULT
 62
    18
100
AcDbSpline
210
0.0
220
0.0
230
1.0
 70
    11
 71
     3
 72
    59
 73
    55
 74
     0
 42
0.000000001
 43
0.0000000001
 40
0.0
 40
0.0
 40
0.0
 40
0.0
 40
2.496710035226471
 40
2.496710035226471
 40
2.496710035226471
 40
3.496710035226471
 40
3.496710035226471
 40
3.496710035226471
 40
3.557710035226506
 40
3.557710035226506
 40
3.557710035226506
 40
4.557710035226506
 40
4.557710035226506
 40
4.557710035226506
 40
7.026150838648742
 40
7.026150838648742
 40
7.026150838648742
 40
8.92715083864881
 40
8.92715083864881
 40
8.92715083864881
 40
14.65582651457954
 40
14.65582651457954
 40
14.65582651457954
 40
20.70231309771192
 40
20.70231309771192
 40
20.70231309771192
 40
22.70231309771192
 40
22.70231309771192
 40
22.70231309771192
 40
25.30400485501142
 40
25.30400485501142
 40
25.30400485501142
 40
26.30400485501142
 40
26.30400485501142
 40
26.30400485501142
 40
26.34400485501138
 40
26.34400485501138
 40
26.34400485501138
 40
27.34400485501138
 40
27.34400485501138
 40
27.34400485501138
 40
29.9353753418388
 40
29.9353753418388
 40
29.9353753418388
 40
31.87537534183885
 40
31.87537534183885
 40
31.87537534183885
 40
37.89675093218368
 40
37.89675093218368
 40
37.89675093218368
 40
43.66095078992635
 40
43.66095078992635
 40
43.66095078992635
 40
45.62095078992639
 40
45.62095078992639
 40
45.62095078992639
 40
45.62095078992639
 10
290.548201111111
 20
326.9761402777777
 30
0.0
 10
290.7105964814814
 20
326.731547685185
 30
0.0
 10
290.8729918518517
 20
326.4869550925924
 30
0.0
 10
291.0353872222221
 20
326.2423624999998
 30
0.0
 10
291.1620344444444
 20
326.0515097222222
 30
0.0
 10
291.2682205555556
 20
325.8751208333333
 30
0.0
 10
291.3807566666666
 20
325.6849736111111
 30
0.0
 10
291.3879298148148
 20
325.6849736111111
 30
0.0
 10
291.3951029629629
 20
325.6849736111111
 30
0.0
 10
291.4022761111111
 20
325.6849736111111
 30
0.0
 10
291.515165
 20
325.8895847222222
 30
0.0
 10
291.6280538888889
 20
326.0659736111111
 30
0.0
 10
291.7409427777777
 20
326.2494180555556
 30
0.0
 10
291.9008687037037
 20
326.4916587962963
 30
0.0
 10
292.0607946296296
 20
326.733899537037
 30
0.0
 10
292.2207205555555
 20
326.9761402777777
 30
0.0
 10
292.444264074074
 20
326.9761402777777
 30
0.0
 10
292.6678075925925
 20
326.9761402777777
 30
0.0
 10
292.8913511111111
 20
326.9761402777777
 30
0.0
 10
292.503177962963
 20
326.4255717592592
 30
0.0
 10
292.1150048148148
 20
325.8750032407407
 30
0.0
 10
291.7268316666666
 20
325.3244347222222
 30
0.0
 10
292.1266464814814
 20
324.7364717592592
 30
0.0
 10
292.5264612962962
 20
324.1485087962963
 30
0.0
 10
292.9262761111111
 20
323.5605458333333
 30
0.0
 10
292.6910909259259
 20
323.5605458333333
 30
0.0
 10
292.4559057407407
 20
323.5605458333333
 30
0.0
 10
292.2207205555555
 20
323.5605458333333
 30
0.0
 10
292.053739074074
 20
323.8168976851851
 30
0.0
 10
291.8867575925926
 20
324.073249537037
 30
0.0
 10
291.7197761111111
 20
324.3296013888889
 30
0.0
 10
291.5853677777778
 20
324.5275097222222
 30
0.0
 10
291.4728316666666
 20
324.7176569444444
 30
0.0
 10
291.3525344444444
 20
324.9222680555555
 30
0.0
 10
291.3478307407407
 20
324.9222680555555
 30
0.0
 10
291.343127037037
 20
324.9222680555555
 30
0.0
 10
291.3384233333333
 20
324.9222680555555
 30
0.0
 10
291.2258872222222
 20
324.7176569444444
 30
0.0
 10
291.1055899999999
 20
324.5342125
 30
0.0
 10
290.9789427777777
 20
324.3296013888889
 30
0.0
 10
290.8141955555555
 20
324.073249537037
 30
0.0
 10
290.6494483333333
 20
323.8168976851852
 30
0.0
 10
290.4847011111111
 20
323.5605458333333
 30
0.0
 10
290.2565714814814
 20
323.5605458333333
 30
0.0
 10
290.0284418518518
 20
323.5605458333333
 30
0.0
 10
289.8003122222222
 20
323.5605458333333
 30
0.0
 10
290.2048307407408
 20
324.1416884259258
 30
0.0
 10
290.6093492592593
 20
324.7228310185185
 30
0.0
 10
291.0138677777778
 20
325.3039736111111
 30
0.0
 10
290.628164074074
 20
325.8613625
 30
0.0
 10
290.2424603703703
 20
326.4187513888888
 30
0.0
 10
289.8567566666666
 20
326.9761402777777
 30
0.0
 10
290.0872381481481
 20
326.9761402777777
 30
0.0
 10
290.3177196296296
 20
326.9761402777777
 30
0.0
 10
290.548201111111
 20
326.9761402777777
 30
0.0
  0
POLYLINE
  5
109
330
1F
100
AcDbEntity
  8
DEFAULT
 62
    18
100
AcDb2dPolyline
 66
     1
 10
0.0
 20
0.0
 30
0.0
 70
     1
  0
VERTEX
  5
10A
330
109
100
AcDbEntity
  8
DEFAULT
 62
    18
100
AcDbVertex
100
AcDb2dVertex
 10
46.72538138888889
 20
208.2788005555555
 30
0.0
  0
VERTEX
  5
10B
330
109
100
AcDbEntity
  8
DEFAULT
 62
    18
100
AcDbVertex
100
AcDb2dVertex
 10
46.72538138888889
 20
209.5279866666666
 30
0.0
  0
VERTEX
  5
10C
330
109
100
AcDbEntity
  8
DEFAULT
 62
    18
100
AcDbVertex
100
AcDb2dVertex
 10
44.59389805555556
 20
209.5279866666666
 30
0.0
  0
VERTEX
  5
10D
330
109
100
AcDbEntity
  8
DEFAULT
 62
    18
100
AcDbVertex
100
AcDb2dVertex
 10
44.59389805555556
 20
209.9372088888888
 30
0.0
  0
VERTEX
  5
10E
330
109
100
AcDbEntity
  8
DEFAULT
 62
    18
100
AcDbVertex
100
AcDb2dVertex
 10
46.64071472222222
 20
212.86597
 30
0.0
  0
VERTEX
  5
10F
330
109
100
AcDbEntity
  8
DEFAULT
 62
    18
100
AcDbVertex
100
AcDb2dVertex
 10
47.3109925
 20
212.86597
 30
0.0
  0
VERTEX
  5
110
330
109
100
AcDbEntity
  8
DEFAULT
 62
    18
100
AcDbVertex
100
AcDb2dVertex
 10
47.3109925
 20
210.01482
 30
0.0
  0
VERTEX
  5
111
330
109
100
AcDbEntity
  8
DEFAULT
 62
    18
100
AcDbVertex
100
AcDb2dVertex
 10
47.95304805555556
 20
210.01482
 30
0.0
  0
VERTEX
  5
112
330
109
100
AcDbEntity
  8
DEFAULT
 62
    18
100
AcDbVertex
100
AcDb2dVertex
 10
47.95304805555556
 20
209.5279866666666
 30
0.0
  0
VERTEX
  5
113
330
109
100
AcDbEntity
  8
DEFAULT
 62
    18
100
AcDbVertex
100
AcDb2dVertex
 10
47.3109925
 20
209.5279866666666
 30
0.0
  0
VERTEX
  5
114
330
109
100
AcDbEntity
  8
DEFAULT
 62
    18
100
AcDbVertex
100
AcDb2dVertex
 10
47.3109925
 20
208.2788005555555
 30
0.0
  0
SEQEND
  5
115
330
109
100
AcDbEntity
  8
DEFAULT
 62
    18
  0
SPLINE
  5
116
330
1F
100
AcDbEntity
  8
DEFAULT
 62
    18
100
AcDbSpline
210
0.0
220
0.0
230
1.0
 70
    11
 71
     3
 72
    26
 73
    22
 74
     0
 42
0.000000001
 43
0.0000000001
 40
4.262
 40
4.262
 40
4.262
 40
4.262
 40
8.603000000000009
 40
8.603000000000009
 40
8.603000000000009
 40
9.603000000000009
 40
9.603000000000009
 40
9.603000000000009
 40
9.663000000000011
 40
9.663000000000011
 40
9.663000000000011
 40
10.66300000000001
 40
10.66300000000001
 40
10.66300000000001
 40
16.10946692820223
 40
16.10946692820223
 40
16.10946692820223
 40
16.14946692820219
 40
16.14946692820219
 40
16.14946692820219
 40
20.41146692820219
 40
20.41146692820219
 40
20.41146692820219
 40
20.41146692820219
 10
46.72538138888889
 20
210.01482
 30
0.0
 10
46.7253813888889
 20
210.5252894444444
 30
0.0
 10
46.7253813888889
 20
211.0357588888889
 30
0.0
 10
46.72538138888889
 20
211.5462283333333
 30
0.0
 10
46.72538138888889
 20
211.7861172222222
 30
0.0
 10
46.73243694444445
 20
212.0260061111111
 30
0.0
 10
46.74654805555556
 20
212.2662477777777
 30
0.0
 10
46.7394925
 20
212.2662477777777
 30
0.0
 10
46.73243694444445
 20
212.2662477777777
 30
0.0
 10
46.72538138888889
 20
212.2662477777777
 30
0.0
 10
46.58427027777778
 20
211.9977838888888
 30
0.0
 10
46.47102861111111
 20
211.8002283333333
 30
0.0
 10
46.34402861111111
 20
211.5885616666666
 30
0.0
 10
45.96996657407408
 20
211.0686848148148
 30
0.0
 10
45.59590453703704
 20
210.5488079629629
 30
0.0
 10
45.2218425
 20
210.0289311111111
 30
0.0
 10
45.2218425
 20
210.0242274074074
 30
0.0
 10
45.2218425
 20
210.0195237037036
 30
0.0
 10
45.2218425
 20
210.01482
 30
0.0
 10
45.72302212962963
 20
210.01482
 30
0.0
 10
46.22420175925927
 20
210.01482
 30
0.0
 10
46.72538138888889
 20
210.01482
 30
0.0
  0
SPLINE
  5
117
330
1F
100
AcDbEntity
  8
DEFAULT
 62
    18
100
AcDbSpline
210
0.0
220
0.0
230
1.0
 70
    11
 71
     3
 72
    59
 73
    55
 74
     0
 42
0.000000001
 43
0.0000000001
 40
0.0
 40
0.0
 40
0.0
 40
0.0
 40
2.496710035226392
 40
2.496710035226392
 40
2.496710035226392
 40
3.496710035226392
 40
3.496710035226392
 40
3.496710035226392
 40
3.557710035226399
 40
3.557710035226399
 40
3.557710035226399
 40
4.557710035226399
 40
4.557710035226399
 40
4.557710035226399
 40
7.026150838648627
 40
7.026150838648627
 40
7.026150838648627
 40
8.927150838648624
 40
8.927150838648624
 40
8.927150838648624
 40
14.65500925170323
 40
14.65500925170323
 40
14.65500925170323
 40
20.7023227874809
 40
20.7023227874809
 40
20.7023227874809
 40
22.7023227874809
 40
22.7023227874809
 40
22.7023227874809
 40
25.30485251833896
 40
25.30485251833896
 40
25.30485251833896
 40
26.30485251833896
 40
26.30485251833896
 40
26.30485251833896
 40
26.34485251833897
 40
26.34485251833897
 40
26.34485251833897
 40
27.34485251833897
 40
27.34485251833897
 40
27.34485251833897
 40
29.93706431524142
 40
29.93706431524142
 40
29.93706431524142
 40
31.87706431524142
 40
31.87706431524142
 40
31.87706431524142
 40
37.89843990558621
 40
37.89843990558621
 40
37.89843990558621
 40
43.66263976332883
 40
43.66263976332883
 40
43.66263976332883
 40
45.62263976332882
 40
45.62263976332882
 40
45.62263976332882
 40
45.62263976332882
 10
42.02592277777779
 20
211.6942891666667
 30
0.0
 10
42.18831814814816
 20
211.4496965740741
 30
0.0
 10
42.35071351851852
 20
211.2051039814815
 30
0.0
 10
42.51310888888889
 20
210.9605113888889
 30
0.0
 10
42.6397561111111
 20
210.7700113888889
 30
0.0
 10
42.74594222222222
 20
210.5936225
 30
0.0
 10
42.85847833333333
 20
210.4031225
 30
0.0
 10
42.86565148148148
 20
210.4031225
 30
0.0
 10
42.87282462962963
 20
210.4031225
 30
0.0
 10
42.87999777777778
 20
210.4031225
 30
0.0
 10
42.99288666666666
 20
210.6077336111111
 30
0.0
 10
43.10577555555555
 20
210.7841225
 30
0.0
 10
43.21866444444444
 20
210.9675669444445
 30
0.0
 10
43.37859037037037
 20
211.2098076851852
 30
0.0
 10
43.53851629629629
 20
211.4520484259259
 30
0.0
 10
43.69844222222222
 20
211.6942891666667
 30
0.0
 10
43.92198574074073
 20
211.6942891666667
 30
0.0
 10
44.14552925925926
 20
211.6942891666667
 30
0.0
 10
44.36907277777777
 20
211.6942891666667
 30
0.0
 10
43.98089962962963
 20
211.1438382407407
 30
0.0
 10
43.59272648148148
 20
210.5933873148148
 30
0.0
 10
43.20455333333333
 20
210.0429363888888
 30
0.0
 10
43.60436814814815
 20
209.4548558333333
 30
0.0
 10
44.00418296296296
 20
208.8667752777777
 30
0.0
 10
44.40399777777778
 20
208.2786947222222
 30
0.0
 10
44.16881259259259
 20
208.2786947222222
 30
0.0
 10
43.93362740740741
 20
208.2786947222222
 30
0.0
 10
43.69844222222222
 20
208.2786947222222
 30
0.0
 10
43.53146074074073
 20
208.5351641666666
 30
0.0
 10
43.36447925925926
 20
208.7916336111111
 30
0.0
 10
43.19749777777778
 20
209.0481030555555
 30
0.0
 10
43.06308944444444
 20
209.2456586111111
 30
0.0
 10
42.95055333333333
 20
209.4361586111111
 30
0.0
 10
42.83025611111111
 20
209.6407697222222
 30
0.0
 10
42.82555240740741
 20
209.6407697222222
 30
0.0
 10
42.82084870370371
 20
209.6407697222222
 30
0.0
 10
42.816145
 20
209.6407697222222
 30
0.0
 10
42.70360888888889
 20
209.4361586111111
 30
0.0
 10
42.58331166666667
 20
209.2527141666666
 30
0.0
 10
42.45666444444444
 20
209.0481030555555
 30
0.0
 10
42.29191722222222
 20
208.7916336111111
 30
0.0
 10
42.12717
 20
208.5351641666666
 30
0.0
 10
41.96242277777777
 20
208.2786947222222
 30
0.0
 10
41.73429314814815
 20
208.2786947222222
 30
0.0
 10
41.50616351851851
 20
208.2786947222222
 30
0.0
 10
41.27803388888888
 20
208.2786947222222
 30
0.0
 10
41.68255240740741
 20
208.8598373148148
 30
0.0
 10
42.08707092592592
 20
209.4409799074074
 30
0.0
 10
42.49158944444444
 20
210.0221225
 30
0.0
 10
42.10588574074074
 20
210.5795113888889
 30
0.0
 10
41.72018203703704
 20
211.1369002777778
 30
0.0
 10
41.33447833333334
 20
211.6942891666667
 30
0.0
 10
41.56495981481482
 20
211.6942891666667
 30
0.0
 10
41.7954412962963
 20
211.6942891666667
 30
0.0
 10
42.02592277777779
 20
211.6942891666667
 30
0.0
  0
SPLINE
  5
118
330
1F
100
AcDbEntity
  8
DEFAULT
 62
    18
100
AcDbSpline
210
0.0
220
0.0
230
1.0
 70
    11
 71
     3
 72
    47
 73
    43
 74
     0
 42
0.000000001
 43
0.0000000001
 40
8.302000000000021
 40
8.302000000000021
 40
8.302000000000021
 40
8.302000000000021
 40
9.382000000000062
 40
9.382000000000062
 40
9.382000000000062
 40
11.30623517273753
 40
11.30623517273753
 40
11.30623517273753
 40
12.30623517273753
 40
12.30623517273753
 40
12.30623517273753
 40
13.30623517273753
 40
13.30623517273753
 40
13.30623517273753
 40
14.30623517273753
 40
14.30623517273753
 40
14.30623517273753
 40
15.66682328087314
 40
15.66682328087314
 40
15.66682328087314
 40
16.66682328087314
 40
16.66682328087314
 40
16.66682328087314
 40
17.66682328087314
 40
17.66682328087314
 40
17.66682328087314
 40
18.66682328087314
 40
18.66682328087314
 40
18.66682328087314
 40
20.08358084658437
 40
20.08358084658437
 40
20.08358084658437
 40
20.12358084658434
 40
20.12358084658434
 40
20.12358084658434
 40
25.96558084658438
 40
25.96558084658438
 40
25.96558084658438
 40
27.42558084658441
 40
27.42558084658441
 40
27.42558084658441
 40
35.72758084658443
 40
35.72758084658443
 40
35.72758084658443
 40
35.72758084658443
 10
145.5155416666666
 20
208.2788358333333
 30
0.0
 10
145.5155416666666
 20
208.4058358333333
 30
0.0
 10
145.5155416666666
 20
208.5328358333333
 30
0.0
 10
145.5155416666666
 20
208.6598358333333
 30
0.0
 10
145.6778194444445
 20
208.8175275
 30
0.0
 10
145.8400972222222
 20
208.9752191666666
 30
0.0
 10
146.002375
 20
209.1329108333333
 30
0.0
 10
147.17395
 20
210.2476886111111
 30
0.0
 10
147.7031166666667
 20
210.8407080555555
 30
0.0
 10
147.7101722222222
 20
211.5321525
 30
0.0
 10
147.7101722222222
 20
211.9978191666667
 30
0.0
 10
147.4843944444444
 20
212.4285608333333
 30
0.0
 10
146.8000055555555
 20
212.4285608333333
 30
0.0
 10
146.383375
 20
212.4285608333333
 30
0.0
 10
146.0376527777778
 20
212.2165413888889
 30
0.0
 10
145.8259861111111
 20
212.0401525
 30
0.0
 10
145.7601342592592
 20
212.1859673148148
 30
0.0
 10
145.6942824074074
 20
212.3317821296297
 30
0.0
 10
145.6284305555556
 20
212.4775969444445
 30
0.0
 10
145.9459305555555
 20
212.7460608333333
 30
0.0
 10
146.3974861111111
 20
212.9436163888889
 30
0.0
 10
146.9270055555555
 20
212.9436163888889
 30
0.0
 10
147.9147833333333
 20
212.9436163888889
 30
0.0
 10
148.3314138888889
 20
212.2662830555555
 30
0.0
 10
148.3314138888889
 20
211.6097636111111
 30
0.0
 10
148.3314138888889
 20
210.7630969444444
 30
0.0
 10
147.7172277777778
 20
210.0787080555555
 30
0.0
 10
146.7506166666666
 20
209.1470219444444
 30
0.0
 10
146.6282027777777
 20
209.034015462963
 30
0.0
 10
146.5057888888889
 20
208.9210089814815
 30
0.0
 10
146.383375
 20
208.8080025
 30
0.0
 10
146.383375
 20
208.8032987962963
 30
0.0
 10
146.383375
 20
208.7985950925926
 30
0.0
 10
146.383375
 20
208.7938913888889
 30
0.0
 10
147.0703509259259
 20
208.7938913888889
 30
0.0
 10
147.7573268518518
 20
208.7938913888889
 30
0.0
 10
148.4443027777778
 20
208.7938913888889
 30
0.0
 10
148.4443027777778
 20
208.6222062037037
 30
0.0
 10
148.4443027777778
 20
208.4505210185185
 30
0.0
 10
148.4443027777778
 20
208.2788358333333
 30
0.0
 10
147.4680490740741
 20
208.2788358333333
 30
0.0
 10
146.4917953703704
 20
208.2788358333333
 30
0.0
 10
145.5155416666666
 20
208.2788358333333
 30
0.0
  0
SPLINE
  5
119
330
1F
100
AcDbEntity
  8
DEFAULT
 62
    18
100
AcDbSpline
210
0.0
220
0.0
230
1.0
 70
    11
 71
     3
 72
    59
 73
    55
 74
     0
 42
0.000000001
 43
0.0000000001
 40
0.0
 40
0.0
 40
0.0
 40
0.0
 40
2.496710035226345
 40
2.496710035226345
 40
2.496710035226345
 40
3.496710035226345
 40
3.496710035226345
 40
3.496710035226345
 40
3.557710035226323
 40
3.557710035226323
 40
3.557710035226323
 40
4.557710035226323
 40
4.557710035226323
 40
4.557710035226323
 40
7.026150838648559
 40
7.026150838648559
 40
7.026150838648559
 40
8.927150838648569
 40
8.927150838648569
 40
8.927150838648569
 40
14.65500925170316
 40
14.65500925170316
 40
14.65500925170316
 40
20.70232278748081
 40
20.70232278748081
 40
20.70232278748081
 40
22.70232278748081
 40
22.70232278748081
 40
22.70232278748081
 40
25.30485251833886
 40
25.30485251833886
 40
25.30485251833886
 40
26.30485251833886
 40
26.30485251833886
 40
26.30485251833886
 40
26.34485251833883
 40
26.34485251833883
 40
26.34485251833883
 40
27.34485251833883
 40
27.34485251833883
 40
27.34485251833883
 40
29.93706431524127
 40
29.93706431524127
 40
29.93706431524127
 40
31.87706431524127
 40
31.87706431524127
 40
31.87706431524127
 40
37.89843990558606
 40
37.89843990558606
 40
37.89843990558606
 40
43.66263976332867
 40
43.66263976332867
 40
43.66263976332867
 40
45.62263976332865
 40
45.62263976332865
 40
45.62263976332865
 40
45.62263976332865
 10
142.7356880555555
 20
211.6942891666666
 30
0.0
 10
142.8980834259258
 20
211.449696574074
 30
0.0
 10
143.0604787962962
 20
211.2051039814814
 30
0.0
 10
143.2228741666666
 20
210.9605113888888
 30
0.0
 10
143.3495213888889
 20
210.7700113888889
 30
0.0
 10
143.4557075
 20
210.5936225
 30
0.0
 10
143.5682436111111
 20
210.4031225
 30
0.0
 10
143.5754167592593
 20
210.4031225
 30
0.0
 10
143.5825899074074
 20
210.4031225
 30
0.0
 10
143.5897630555556
 20
210.4031225
 30
0.0
 10
143.7026519444444
 20
210.6077336111111
 30
0.0
 10
143.8155408333333
 20
210.7841225
 30
0.0
 10
143.9284297222222
 20
210.9675669444445
 30
0.0
 10
144.0883556481481
 20
211.2098076851852
 30
0.0
 10
144.2482815740741
 20
211.4520484259259
 30
0.0
 10
144.4082075
 20
211.6942891666667
 30
0.0
 10
144.6317510185185
 20
211.6942891666667
 30
0.0
 10
144.855294537037
 20
211.6942891666667
 30
0.0
 10
145.0788380555555
 20
211.6942891666667
 30
0.0
 10
144.6906649074074
 20
211.1438382407407
 30
0.0
 10
144.3024917592593
 20
210.5933873148148
 30
0.0
 10
143.9143186111111
 20
210.0429363888888
 30
0.0
 10
144.3141334259259
 20
209.4548558333333
 30
0.0
 10
144.7139482407407
 20
208.8667752777777
 30
0.0
 10
145.1137630555555
 20
208.2786947222222
 30
0.0
 10
144.8785778703703
 20
208.2786947222222
 30
0.0
 10
144.6433926851852
 20
208.2786947222222
 30
0.0
 10
144.4082075
 20
208.2786947222222
 30
0.0
 10
144.2412260185185
 20
208.5351641666666
 30
0.0
 10
144.074244537037
 20
208.7916336111111
 30
0.0
 10
143.9072630555555
 20
209.0481030555555
 30
0.0
 10
143.7728547222222
 20
209.2456586111111
 30
0.0
 10
143.6603186111111
 20
209.4361586111111
 30
0.0
 10
143.5400213888889
 20
209.6407697222222
 30
0.0
 10
143.5353176851852
 20
209.6407697222222
 30
0.0
 10
143.5306139814815
 20
209.6407697222222
 30
0.0
 10
143.5259102777778
 20
209.6407697222222
 30
0.0
 10
143.4133741666666
 20
209.4361586111111
 30
0.0
 10
143.2930769444444
 20
209.2527141666666
 30
0.0
 10
143.1664297222222
 20
209.0481030555555
 30
0.0
 10
143.0016825
 20
208.7916336111111
 30
0.0
 10
142.8369352777778
 20
208.5351641666666
 30
0.0
 10
142.6721880555556
 20
208.2786947222222
 30
0.0
 10
142.4440584259259
 20
208.2786947222222
 30
0.0
 10
142.2159287962963
 20
208.2786947222222
 30
0.0
 10
141.9877991666667
 20
208.2786947222222
 30
0.0
 10
142.3923176851852
 20
208.8598373148148
 30
0.0
 10
142.7968362037037
 20
209.4409799074074
 30
0.0
 10
143.2013547222222
 20
210.0221225
 30
0.0
 10
142.8156510185185
 20
210.5795113888889
 30
0.0
 10
142.4299473148148
 20
211.1369002777778
 30
0.0
 10
142.0442436111111
 20
211.6942891666667
 30
0.0
 10
142.2747250925926
 20
211.6942891666666
 30
0.0
 10
142.505206574074
 20
211.6942891666666
 30
0.0
 10
142.7356880555555
 20
211.6942891666666
 30
0.0
  0
SPLINE
  5
11A
330
1F
100
AcDbEntity
  8
DEFAULT
 62
    18
100
AcDbSpline
210
0.0
220
0.0
230
1.0
 70
    11
 71
     3
 72
    47
 73
    43
 74
     0
 42
0.000000001
 43
0.0000000001
 40
8.302000000000021
 40
8.302000000000021
 40
8.302000000000021
 40
8.302000000000021
 40
9.381999999999948
 40
9.381999999999948
 40
9.381999999999948
 40
11.30553840616718
 40
11.30553840616718
 40
11.30553840616718
 40
12.30553840616718
 40
12.30553840616718
 40
12.30553840616718
 40
13.30553840616718
 40
13.30553840616718
 40
13.30553840616718
 40
14.30553840616718
 40
14.30553840616718
 40
14.30553840616718
 40
15.66612651430276
 40
15.66612651430276
 40
15.66612651430276
 40
16.66612651430276
 40
16.66612651430276
 40
16.66612651430276
 40
17.66612651430276
 40
17.66612651430276
 40
17.66612651430276
 40
18.66612651430276
 40
18.66612651430276
 40
18.66612651430276
 40
20.08288408001395
 40
20.08288408001395
 40
20.08288408001395
 40
20.12388408001389
 40
20.12388408001389
 40
20.12388408001389
 40
25.96588408001388
 40
25.96588408001388
 40
25.96588408001388
 40
27.42488408001394
 40
27.42488408001394
 40
27.42488408001394
 40
35.72688408001396
 40
35.72688408001396
 40
35.72688408001396
 40
35.72688408001396
 10
293.3280547222222
 20
372.6739505555555
 30
0.0
 10
293.3280547222222
 20
372.8009505555555
 30
0.0
 10
293.3280547222222
 20
372.9279505555555
 30
0.0
 10
293.3280547222222
 20
373.0549505555555
 30
0.0
 10
293.4903325
 20
373.2125246296296
 30
0.0
 10
293.6526102777778
 20
373.3700987037037
 30
0.0
 10
293.8148880555555
 20
373.5276727777778
 30
0.0
 10
294.9864630555555
 20
374.6424505555555
 30
0.0
 10
295.5156297222222
 20
375.2358227777777
 30
0.0
 10
295.5226852777777
 20
375.9269144444444
 30
0.0
 10
295.5226852777777
 20
376.392581111111
 30
0.0
 10
295.2969075
 20
376.8233227777777
 30
0.0
 10
294.6125186111111
 20
376.8233227777777
 30
0.0
 10
294.1958880555555
 20
376.8233227777777
 30
0.0
 10
293.8505186111111
 20
376.6116561111111
 30
0.0
 10
293.6384991666666
 20
376.4352672222222
 30
0.0
 10
293.5726473148148
 20
376.581082037037
 30
0.0
 10
293.506795462963
 20
376.7268968518518
 30
0.0
 10
293.4409436111111
 20
376.8727116666666
 30
0.0
 10
293.7584436111111
 20
377.1408227777778
 30
0.0
 10
294.2099991666666
 20
377.338731111111
 30
0.0
 10
294.7395186111111
 20
377.338731111111
 30
0.0
 10
295.7272963888889
 20
377.338731111111
 30
0.0
 10
296.1439269444444
 20
376.6613977777778
 30
0.0
 10
296.1439269444444
 20
376.0045255555555
 30
0.0
 10
296.1439269444444
 20
375.1578588888888
 30
0.0
 10
295.5297408333333
 20
374.4738227777778
 30
0.0
 10
294.5631297222222
 20
373.5421366666666
 30
0.0
 10
294.4407158333333
 20
373.4291301851852
 30
0.0
 10
294.3183019444444
 20
373.3161237037037
 30
0.0
 10
294.1958880555555
 20
373.2031172222222
 30
0.0
 10
294.1958880555555
 20
373.1982959259259
 30
0.0
 10
294.1958880555555
 20
373.1934746296296
 30
0.0
 10
294.1958880555555
 20
373.1886533333333
 30
0.0
 10
294.8828639814815
 20
373.1886533333333
 30
0.0
 10
295.5698399074074
 20
373.1886533333333
 30
0.0
 10
296.2568158333333
 20
373.1886533333333
 30
0.0
 10
296.2568158333333
 20
373.0170857407407
 30
0.0
 10
296.2568158333333
 20
372.8455181481481
 30
0.0
 10
296.2568158333333
 20
372.6739505555555
 30
0.0
 10
295.2805621296296
 20
372.6739505555555
 30
0.0
 10
294.3043084259259
 20
372.6739505555555
 30
0.0
 10
293.3280547222222
 20
372.6739505555555
 30
0.0
  0
SPLINE
  5
11B
330
1F
100
AcDbEntity
  8
DEFAULT
 62
    18
100
AcDbSpline
210
0.0
220
0.0
230
1.0
 70
    11
 71
     3
 72
    59
 73
    55
 74
     0
 42
0.000000001
 43
0.0000000001
 40
0.0
 40
0.0
 40
0.0
 40
0.0
 40
2.496710035226471
 40
2.496710035226471
 40
2.496710035226471
 40
3.496710035226471
 40
3.496710035226471
 40
3.496710035226471
 40
3.557710035226506
 40
3.557710035226506
 40
3.557710035226506
 40
4.557710035226506
 40
4.557710035226506
 40
4.557710035226506
 40
7.026985435014815
 40
7.026985435014815
 40
7.026985435014815
 40
8.927985435014882
 40
8.927985435014882
 40
8.927985435014882
 40
14.65666111094562
 40
14.65666111094562
 40
14.65666111094562
 40
20.70314769407799
 40
20.70314769407799
 40
20.70314769407799
 40
22.70314769407799
 40
22.70314769407799
 40
22.70314769407799
 40
25.3048394513775
 40
25.3048394513775
 40
25.3048394513775
 40
26.3048394513775
 40
26.3048394513775
 40
26.3048394513775
 40
26.34483945137746
 40
26.34483945137746
 40
26.34483945137746
 40
27.34483945137746
 40
27.34483945137746
 40
27.34483945137746
 40
29.93620993820488
 40
29.93620993820488
 40
29.93620993820488
 40
31.87620993820493
 40
31.87620993820493
 40
31.87620993820493
 40
37.89758552854975
 40
37.89758552854975
 40
37.89758552854975
 40
43.66178538629243
 40
43.66178538629243
 40
43.66178538629243
 40
45.62178538629247
 40
45.62178538629247
 40
45.62178538629247
 40
45.62178538629247
 10
290.548201111111
 20
376.0894391666666
 30
0.0
 10
290.7105964814814
 20
375.844846574074
 30
0.0
 10
290.8729918518517
 20
375.6002539814814
 30
0.0
 10
291.0353872222221
 20
375.3556613888888
 30
0.0
 10
291.1620344444444
 20
375.1648086111111
 30
0.0
 10
291.2682205555556
 20
374.9884197222222
 30
0.0
 10
291.3807566666666
 20
374.7982724999999
 30
0.0
 10
291.3879298148148
 20
374.7982724999999
 30
0.0
 10
291.3951029629629
 20
374.7982724999999
 30
0.0
 10
291.4022761111111
 20
374.7982724999999
 30
0.0
 10
291.515165
 20
375.0028836111111
 30
0.0
 10
291.6280538888889
 20
375.1792725
 30
0.0
 10
291.7409427777777
 20
375.3623641666667
 30
0.0
 10
291.9008687037037
 20
375.6047225
 30
0.0
 10
292.0607946296296
 20
375.8470808333333
 30
0.0
 10
292.2207205555555
 20
376.0894391666666
 30
0.0
 10
292.444264074074
 20
376.0894391666666
 30
0.0
 10
292.6678075925925
 20
376.0894391666666
 30
0.0
 10
292.8913511111111
 20
376.0894391666666
 30
0.0
 10
292.503177962963
 20
375.5388706481481
 30
0.0
 10
292.1150048148148
 20
374.9883021296296
 30
0.0
 10
291.7268316666666
 20
374.4377336111111
 30
0.0
 10
292.1266464814814
 20
373.8497706481482
 30
0.0
 10
292.5264612962962
 20
373.2618076851852
 30
0.0
 10
292.9262761111111
 20
372.6738447222222
 30
0.0
 10
292.6910909259259
 20
372.6738447222222
 30
0.0
 10
292.4559057407407
 20
372.6738447222222
 30
0.0
 10
292.2207205555555
 20
372.6738447222222
 30
0.0
 10
292.053739074074
 20
372.930196574074
 30
0.0
 10
291.8867575925926
 20
373.1865484259259
 30
0.0
 10
291.7197761111111
 20
373.4429002777778
 30
0.0
 10
291.5853677777778
 20
373.6404558333333
 30
0.0
 10
291.4728316666666
 20
373.8309558333333
 30
0.0
 10
291.3525344444444
 20
374.0355669444445
 30
0.0
 10
291.3478307407407
 20
374.0355669444445
 30
0.0
 10
291.343127037037
 20
374.0355669444445
 30
0.0
 10
291.3384233333333
 20
374.0355669444445
 30
0.0
 10
291.2258872222222
 20
373.8309558333333
 30
0.0
 10
291.1055899999999
 20
373.6475113888889
 30
0.0
 10
290.9789427777777
 20
373.4429002777778
 30
0.0
 10
290.8141955555555
 20
373.1865484259259
 30
0.0
 10
290.6494483333333
 20
372.930196574074
 30
0.0
 10
290.4847011111111
 20
372.6738447222222
 30
0.0
 10
290.2565714814814
 20
372.6738447222222
 30
0.0
 10
290.0284418518518
 20
372.6738447222222
 30
0.0
 10
289.8003122222222
 20
372.6738447222222
 30
0.0
 10
290.2048307407408
 20
373.2549873148148
 30
0.0
 10
290.6093492592593
 20
373.8361299074074
 30
0.0
 10
291.0138677777778
 20
374.4172725
 30
0.0
 10
290.628164074074
 20
374.9746613888889
 30
0.0
 10
290.2424603703703
 20
375.5320502777778
 30
0.0
 10
289.8567566666666
 20
376.0894391666666
 30
0.0
 10
290.0872381481481
 20
376.0894391666666
 30
0.0
 10
290.3177196296296
 20
376.0894391666666
 30
0.0
 10
290.548201111111
 20
376.0894391666666
 30
0.0
  0
POLYLINE
  5
11C
330
1F
100
AcDbEntity
  8
DEFAULT
 62
    18
100
AcDb2dPolyline
 66
     1
 10
0.0
 20
0.0
 30
0.0
 70
     1
  0
VERTEX
  5
11D
330
11C
100
AcDbEntity
  8
DEFAULT
 62
    18
100
AcDbVertex
100
AcDb2dVertex
 10
131.9945925
 20
403.5134311111111
 30
0.0
  0
VERTEX
  5
11E
330
11C
100
AcDbEntity
  8
DEFAULT
 62
    18
100
AcDbVertex
100
AcDb2dVertex
 10
131.9804813888889
 20
403.5134311111111
 30
0.0
  0
VERTEX
  5
11F
330
11C
100
AcDbEntity
  8
DEFAULT
 62
    18
100
AcDbVertex
100
AcDb2dVertex
 10
131.1832036111111
 20
403.0830422222222
 30
0.0
  0
VERTEX
  5
120
330
11C
100
AcDbEntity
  8
DEFAULT
 62
    18
100
AcDbVertex
100
AcDb2dVertex
 10
131.0629063888889
 20
403.5557644444444
 30
0.0
  0
VERTEX
  5
121
330
11C
100
AcDbEntity
  8
DEFAULT
 62
    18
100
AcDbVertex
100
AcDb2dVertex
 10
132.0651480555555
 20
404.0923394444445
 30
0.0
  0
VERTEX
  5
122
330
11C
100
AcDbEntity
  8
DEFAULT
 62
    18
100
AcDbVertex
100
AcDb2dVertex
 10
132.5943147222222
 20
404.0923394444445
 30
0.0
  0
VERTEX
  5
123
330
11C
100
AcDbEntity
  8
DEFAULT
 62
    18
100
AcDbVertex
100
AcDb2dVertex
 10
132.5943147222222
 20
399.50517
 30
0.0
  0
VERTEX
  5
124
330
11C
100
AcDbEntity
  8
DEFAULT
 62
    18
100
AcDbVertex
100
AcDb2dVertex
 10
131.9945925
 20
399.50517
 30
0.0
  0
SEQEND
  5
125
330
11C
100
AcDbEntity
  8
DEFAULT
 62
    18
  0
SPLINE
  5
126
330
1F
100
AcDbEntity
  8
DEFAULT
 62
    18
100
AcDbSpline
210
0.0
220
0.0
230
1.0
 70
    11
 71
     3
 72
    59
 73
    55
 74
     0
 42
0.000000001
 43
0.0000000001
 40
0.0
 40
0.0
 40
0.0
 40
0.0
 40
2.49671003522625
 40
2.49671003522625
 40
2.49671003522625
 40
3.49671003522625
 40
3.49671003522625
 40
3.49671003522625
 40
3.557710035226229
 40
3.557710035226229
 40
3.557710035226229
 40
4.557710035226229
 40
4.557710035226229
 40
4.557710035226229
 40
7.026150838648465
 40
7.026150838648465
 40
7.026150838648465
 40
8.927150838648476
 40
8.927150838648476
 40
8.927150838648476
 40
14.65500925170307
 40
14.65500925170307
 40
14.65500925170307
 40
20.70232278748072
 40
20.70232278748072
 40
20.70232278748072
 40
22.70232278748072
 40
22.70232278748072
 40
22.70232278748072
 40
25.30485251833877
 40
25.30485251833877
 40
25.30485251833877
 40
26.30485251833877
 40
26.30485251833877
 40
26.30485251833877
 40
26.34485251833873
 40
26.34485251833873
 40
26.34485251833873
 40
27.34485251833873
 40
27.34485251833873
 40
27.34485251833873
 40
29.93706431524118
 40
29.93706431524118
 40
29.93706431524118
 40
31.87706431524118
 40
31.87706431524118
 40
31.87706431524118
 40
37.89843990558597
 40
37.89843990558597
 40
37.89843990558597
 40
43.66263976332858
 40
43.66263976332858
 40
43.66263976332858
 40
45.62263976332856
 40
45.62263976332856
 40
45.62263976332856
 40
45.62263976332856
 10
127.8670219444445
 20
402.9204822222221
 30
0.0
 10
128.0294173148148
 20
402.6758896296295
 30
0.0
 10
128.1918126851852
 20
402.4312970370369
 30
0.0
 10
128.3542080555555
 20
402.1867044444443
 30
0.0
 10
128.4808552777778
 20
401.9962044444445
 30
0.0
 10
128.5870413888889
 20
401.8198155555556
 30
0.0
 10
128.6995775
 20
401.6293155555555
 30
0.0
 10
128.7067506481481
 20
401.6293155555555
 30
0.0
 10
128.7139237962963
 20
401.6293155555555
 30
0.0
 10
128.7210969444444
 20
401.6293155555555
 30
0.0
 10
128.8339858333333
 20
401.8339266666666
 30
0.0
 10
128.9465219444444
 20
402.0103155555556
 30
0.0
 10
129.0597636111111
 20
402.19376
 30
0.0
 10
129.219689537037
 20
402.4360007407407
 30
0.0
 10
129.379615462963
 20
402.6782414814814
 30
0.0
 10
129.5395413888889
 20
402.9204822222222
 30
0.0
 10
129.7630849074074
 20
402.9204822222221
 30
0.0
 10
129.9866284259259
 20
402.9204822222221
 30
0.0
 10
130.2101719444444
 20
402.9204822222222
 30
0.0
 10
129.8219987962963
 20
402.3700312962962
 30
0.0
 10
129.4338256481481
 20
401.8195803703704
 30
0.0
 10
129.0456525
 20
401.2691294444444
 30
0.0
 10
129.4454673148148
 20
400.6810488888888
 30
0.0
 10
129.8452821296296
 20
400.0929683333333
 30
0.0
 10
130.2450969444444
 20
399.5048877777778
 30
0.0
 10
130.0099117592592
 20
399.5048877777778
 30
0.0
 10
129.7747265740741
 20
399.5048877777778
 30
0.0
 10
129.5395413888889
 20
399.5048877777778
 30
0.0
 10
129.3725599074074
 20
399.7613572222222
 30
0.0
 10
129.2055784259259
 20
400.0178266666667
 30
0.0
 10
129.0385969444444
 20
400.2742961111111
 30
0.0
 10
128.9041886111111
 20
400.4718516666666
 30
0.0
 10
128.7916525
 20
400.6623516666666
 30
0.0
 10
128.6713552777778
 20
400.8669627777778
 30
0.0
 10
128.6666515740741
 20
400.8669627777778
 30
0.0
 10
128.6619478703704
 20
400.8669627777778
 30
0.0
 10
128.6572441666667
 20
400.8669627777778
 30
0.0
 10
128.5447080555555
 20
400.6623516666666
 30
0.0
 10
128.4244108333333
 20
400.4789072222222
 30
0.0
 10
128.2977636111111
 20
400.2742961111111
 30
0.0
 10
128.1330163888889
 20
400.0178266666667
 30
0.0
 10
127.9682691666666
 20
399.7613572222222
 30
0.0
 10
127.8035219444444
 20
399.5048877777778
 30
0.0
 10
127.5753923148148
 20
399.5048877777778
 30
0.0
 10
127.3472626851852
 20
399.5048877777778
 30
0.0
 10
127.1191330555555
 20
399.5048877777778
 30
0.0
 10
127.5236515740741
 20
400.0860303703703
 30
0.0
 10
127.9281700925926
 20
400.6671729629629
 30
0.0
 10
128.3326886111111
 20
401.2483155555555
 30
0.0
 10
127.9469849074074
 20
401.8057044444444
 30
0.0
 10
127.5612812037037
 20
402.3630933333332
 30
0.0
 10
127.1755775
 20
402.9204822222222
 30
0.0
 10
127.4060589814815
 20
402.9204822222221
 30
0.0
 10
127.636540462963
 20
402.9204822222221
 30
0.0
 10
127.8670219444445
 20
402.9204822222221
 30
0.0
  0
POLYLINE
  5
127
330
1F
100
AcDbEntity
  8
DEFAULT
 62
    18
100
AcDb2dPolyline
 66
     1
 10
0.0
 20
0.0
 30
0.0
 70
     1
  0
VERTEX
  5
128
330
127
100
AcDbEntity
  8
DEFAULT
 62
    18
100
AcDbVertex
100
AcDb2dVertex
 10
163.0052761111111
 20
383.2259219444444
 30
0.0
  0
VERTEX
  5
129
330
127
100
AcDbEntity
  8
DEFAULT
 62
    18
100
AcDbVertex
100
AcDb2dVertex
 10
162.991165
 20
383.2259219444444
 30
0.0
  0
VERTEX
  5
12A
330
127
100
AcDbEntity
  8
DEFAULT
 62
    18
100
AcDbVertex
100
AcDb2dVertex
 10
162.1938872222222
 20
382.7955330555555
 30
0.0
  0
VERTEX
  5
12B
330
127
100
AcDbEntity
  8
DEFAULT
 62
    18
100
AcDbVertex
100
AcDb2dVertex
 10
162.07359
 20
383.2682552777777
 30
0.0
  0
VERTEX
  5
12C
330
127
100
AcDbEntity
  8
DEFAULT
 62
    18
100
AcDbVertex
100
AcDb2dVertex
 10
163.0758316666667
 20
383.8048302777778
 30
0.0
  0
VERTEX
  5
12D
330
127
100
AcDbEntity
  8
DEFAULT
 62
    18
100
AcDbVertex
100
AcDb2dVertex
 10
163.6049983333333
 20
383.8048302777778
 30
0.0
  0
VERTEX
  5
12E
330
127
100
AcDbEntity
  8
DEFAULT
 62
    18
100
AcDbVertex
100
AcDb2dVertex
 10
163.6049983333333
 20
379.2176608333333
 30
0.0
  0
VERTEX
  5
12F
330
127
100
AcDbEntity
  8
DEFAULT
 62
    18
100
AcDbVertex
100
AcDb2dVertex
 10
163.0052761111111
 20
379.2176608333333
 30
0.0
  0
SEQEND
  5
130
330
127
100
AcDbEntity
  8
DEFAULT
 62
    18
  0
SPLINE
  5
131
330
1F
100
AcDbEntity
  8
DEFAULT
 62
    18
100
AcDbSpline
210
0.0
220
0.0
230
1.0
 70
    11
 71
     3
 72
    59
 73
    55
 74
     0
 42
0.000000001
 43
0.0000000001
 40
0.0
 40
0.0
 40
0.0
 40
0.0
 40
2.496710035226281
 40
2.496710035226281
 40
2.496710035226281
 40
3.496710035226281
 40
3.496710035226281
 40
3.496710035226281
 40
3.55771003522626
 40
3.55771003522626
 40
3.55771003522626
 40
4.557710035226259
 40
4.557710035226259
 40
4.557710035226259
 40
7.026150838648495
 40
7.026150838648495
 40
7.026150838648495
 40
8.927150838648505
 40
8.927150838648505
 40
8.927150838648505
 40
14.6550092517031
 40
14.6550092517031
 40
14.6550092517031
 40
20.70232278748075
 40
20.70232278748075
 40
20.70232278748075
 40
22.70232278748075
 40
22.70232278748075
 40
22.70232278748075
 40
25.3048525183388
 40
25.3048525183388
 40
25.3048525183388
 40
26.3048525183388
 40
26.3048525183388
 40
26.3048525183388
 40
26.34485251833876
 40
26.34485251833876
 40
26.34485251833876
 40
27.34485251833876
 40
27.34485251833876
 40
27.34485251833876
 40
29.93706431524121
 40
29.93706431524121
 40
29.93706431524121
 40
31.87706431524121
 40
31.87706431524121
 40
31.87706431524121
 40
37.898439905586
 40
37.898439905586
 40
37.898439905586
 40
43.66263976332861
 40
43.66263976332861
 40
43.66263976332861
 40
45.62263976332859
 40
45.62263976332859
 40
45.62263976332859
 40
45.62263976332859
 10
158.8777055555555
 20
382.6330788888888
 30
0.0
 10
159.0401009259259
 20
382.3884862962962
 30
0.0
 10
159.2024962962962
 20
382.1438937037037
 30
0.0
 10
159.3648916666666
 20
381.8993011111111
 30
0.0
 10
159.4915388888889
 20
381.7088011111111
 30
0.0
 10
159.597725
 20
381.5324122222223
 30
0.0
 10
159.7102611111111
 20
381.3419122222222
 30
0.0
 10
159.7174342592592
 20
381.3419122222222
 30
0.0
 10
159.7246074074074
 20
381.3419122222222
 30
0.0
 10
159.7317805555556
 20
381.3419122222222
 30
0.0
 10
159.8446694444444
 20
381.5465233333334
 30
0.0
 10
159.9572055555556
 20
381.7229122222222
 30
0.0
 10
160.0704472222222
 20
381.9063566666667
 30
0.0
 10
160.2303731481481
 20
382.1485974074074
 30
0.0
 10
160.3902990740741
 20
382.3908381481481
 30
0.0
 10
160.550225
 20
382.6330788888889
 30
0.0
 10
160.7737685185185
 20
382.6330788888889
 30
0.0
 10
160.997312037037
 20
382.6330788888889
 30
0.0
 10
161.2208555555555
 20
382.6330788888889
 30
0.0
 10
160.8326824074074
 20
382.0826279629629
 30
0.0
 10
160.4445092592593
 20
381.5321770370369
 30
0.0
 10
160.0563361111111
 20
380.9817261111111
 30
0.0
 10
160.4561509259259
 20
380.3936455555556
 30
0.0
 10
160.8559657407407
 20
379.8055649999999
 30
0.0
 10
161.2557805555555
 20
379.2174844444444
 30
0.0
 10
161.0205953703704
 20
379.2174844444444
 30
0.0
 10
160.7854101851852
 20
379.2174844444444
 30
0.0
 10
160.550225
 20
379.2174844444444
 30
0.0
 10
160.3832435185185
 20
379.4739538888889
 30
0.0
 10
160.216262037037
 20
379.7304233333334
 30
0.0
 10
160.0492805555556
 20
379.9868927777778
 30
0.0
 10
159.9148722222222
 20
380.1844483333333
 30
0.0
 10
159.8023361111111
 20
380.3749483333333
 30
0.0
 10
159.6820388888889
 20
380.5795594444444
 30
0.0
 10
159.6773351851852
 20
380.5795594444444
 30
0.0
 10
159.6726314814815
 20
380.5795594444444
 30
0.0
 10
159.6679277777778
 20
380.5795594444444
 30
0.0
 10
159.5553916666667
 20
380.3749483333333
 30
0.0
 10
159.4350944444444
 20
380.1915038888889
 30
0.0
 10
159.3084472222222
 20
379.9868927777778
 30
0.0
 10
159.1437
 20
379.7304233333334
 30
0.0
 10
158.9789527777778
 20
379.4739538888889
 30
0.0
 10
158.8142055555556
 20
379.2174844444444
 30
0.0
 10
158.5860759259259
 20
379.2174844444444
 30
0.0
 10
158.3579462962963
 20
379.2174844444444
 30
0.0
 10
158.1298166666667
 20
379.2174844444444
 30
0.0
 10
158.5343351851852
 20
379.798627037037
 30
0.0
 10
158.9388537037037
 20
380.3797696296297
 30
0.0
 10
159.3433722222222
 20
380.9609122222222
 30
0.0
 10
158.9576685185185
 20
381.518301111111
 30
0.0
 10
158.5719648148148
 20
382.07569
 30
0.0
 10
158.1862611111111
 20
382.6330788888889
 30
0.0
 10
158.4167425925926
 20
382.6330788888888
 30
0.0
 10
158.647224074074
 20
382.6330788888888
 30
0.0
 10
158.8777055555555
 20
382.6330788888888
 30
0.0
  0
POLYLINE
  5
132
330
1F
100
AcDbEntity
  8
DEFAULT
 62
    18
100
AcDb2dPolyline
 66
     1
 10
0.0
 20
0.0
 30
0.0
 70
     1
  0
VERTEX
  5
133
330
132
100
AcDbEntity
  8
DEFAULT
 62
    18
100
AcDbVertex
100
AcDb2dVertex
 10
46.38293999999999
 20
403.5137486111111
 30
0.0
  0
VERTEX
  5
134
330
132
100
AcDbEntity
  8
DEFAULT
 62
    18
100
AcDbVertex
100
AcDb2dVertex
 10
46.36882888888888
 20
403.5137486111111
 30
0.0
  0
VERTEX
  5
135
330
132
100
AcDbEntity
  8
DEFAULT
 62
    18
100
AcDbVertex
100
AcDb2dVertex
 10
45.5715511111111
 20
403.0830069444444
 30
0.0
  0
VERTEX
  5
136
330
132
100
AcDbEntity
  8
DEFAULT
 62
    18
100
AcDbVertex
100
AcDb2dVertex
 10
45.45125388888889
 20
403.5557291666667
 30
0.0
  0
VERTEX
  5
137
330
132
100
AcDbEntity
  8
DEFAULT
 62
    18
100
AcDbVertex
100
AcDb2dVertex
 10
46.45349555555554
 20
404.0926569444445
 30
0.0
  0
VERTEX
  5
138
330
132
100
AcDbEntity
  8
DEFAULT
 62
    18
100
AcDbVertex
100
AcDb2dVertex
 10
46.98266222222221
 20
404.0926569444445
 30
0.0
  0
VERTEX
  5
139
330
132
100
AcDbEntity
  8
DEFAULT
 62
    18
100
AcDbVertex
100
AcDb2dVertex
 10
46.98266222222221
 20
399.5051347222222
 30
0.0
  0
VERTEX
  5
13A
330
132
100
AcDbEntity
  8
DEFAULT
 62
    18
100
AcDbVertex
100
AcDb2dVertex
 10
46.38293999999999
 20
399.5051347222222
 30
0.0
  0
SEQEND
  5
13B
330
132
100
AcDbEntity
  8
DEFAULT
 62
    18
  0
SPLINE
  5
13C
330
1F
100
AcDbEntity
  8
DEFAULT
 62
    18
100
AcDbSpline
210
0.0
220
0.0
230
1.0
 70
    11
 71
     3
 72
    59
 73
    55
 74
     0
 42
0.000000001
 43
0.0000000001
 40
0.0
 40
0.0
 40
0.0
 40
0.0
 40
2.496710035226281
 40
2.496710035226281
 40
2.496710035226281
 40
3.496710035226281
 40
3.496710035226281
 40
3.496710035226281
 40
3.557710035226288
 40
3.557710035226288
 40
3.557710035226288
 40
4.557710035226288
 40
4.557710035226288
 40
4.557710035226288
 40
7.025316365255426
 40
7.025316365255426
 40
7.025316365255426
 40
8.926316365255422
 40
8.926316365255422
 40
8.926316365255422
 40
14.65335757341873
 40
14.65335757341873
 40
14.65335757341873
 40
20.70149811411383
 40
20.70149811411383
 40
20.70149811411383
 40
22.70149811411383
 40
22.70149811411383
 40
22.70149811411383
 40
25.30486593292085
 40
25.30486593292085
 40
25.30486593292085
 40
26.30486593292085
 40
26.30486593292085
 40
26.30486593292085
 40
26.34486593292086
 40
26.34486593292086
 40
26.34486593292086
 40
27.34486593292086
 40
27.34486593292086
 40
27.34486593292086
 40
29.93791915258299
 40
29.93791915258299
 40
29.93791915258299
 40
31.87791915258298
 40
31.87791915258298
 40
31.87791915258298
 40
37.89929474292777
 40
37.89929474292777
 40
37.89929474292777
 40
43.66349460067039
 40
43.66349460067039
 40
43.66349460067039
 40
45.62349460067038
 40
45.62349460067038
 40
45.62349460067038
 40
45.62349460067038
 10
42.25536944444444
 20
402.9204822222221
 30
0.0
 10
42.41776481481481
 20
402.6758896296295
 30
0.0
 10
42.58016018518517
 20
402.4312970370369
 30
0.0
 10
42.74255555555554
 20
402.1867044444443
 30
0.0
 10
42.86920277777777
 20
401.9965572222222
 30
0.0
 10
42.97538888888888
 20
401.8201683333333
 30
0.0
 10
43.08792499999999
 20
401.6293155555555
 30
0.0
 10
43.09509814814814
 20
401.6293155555555
 30
0.0
 10
43.10227129629629
 20
401.6293155555555
 30
0.0
 10
43.10944444444444
 20
401.6293155555555
 30
0.0
 10
43.22233333333333
 20
401.8339266666666
 30
0.0
 10
43.33522222222222
 20
402.0103155555556
 30
0.0
 10
43.4481111111111
 20
402.1941127777778
 30
0.0
 10
43.60803703703703
 20
402.4362359259259
 30
0.0
 10
43.76796296296295
 20
402.6783590740741
 30
0.0
 10
43.92788888888888
 20
402.9204822222222
 30
0.0
 10
44.15143240740739
 20
402.9204822222221
 30
0.0
 10
44.37497592592592
 20
402.9204822222221
 30
0.0
 10
44.59851944444443
 20
402.9204822222222
 30
0.0
 10
44.21034629629629
 20
402.3701488888889
 30
0.0
 10
43.82217314814815
 20
401.8198155555555
 30
0.0
 10
43.43399999999999
 20
401.2694822222222
 30
0.0
 10
43.83381481481481
 20
400.681284074074
 30
0.0
 10
44.23362962962963
 20
400.0930859259259
 30
0.0
 10
44.63344444444444
 20
399.5048877777778
 30
0.0
 10
44.39825925925925
 20
399.5048877777778
 30
0.0
 10
44.16307407407407
 20
399.5048877777778
 30
0.0
 10
43.92788888888888
 20
399.5048877777778
 30
0.0
 10
43.76090740740739
 20
399.7614748148148
 30
0.0
 10
43.59392592592592
 20
400.0180618518519
 30
0.0
 10
43.42694444444444
 20
400.2746488888889
 30
0.0
 10
43.2925361111111
 20
400.4718516666666
 30
0.0
 10
43.17999999999999
 20
400.6627044444444
 30
0.0
 10
43.05970277777777
 20
400.8673155555555
 30
0.0
 10
43.05499907407407
 20
400.8673155555555
 30
0.0
 10
43.05029537037037
 20
400.8673155555555
 30
0.0
 10
43.04559166666666
 20
400.8673155555555
 30
0.0
 10
42.93305555555555
 20
400.6627044444444
 30
0.0
 10
42.81275833333333
 20
400.47926
 30
0.0
 10
42.68611111111111
 20
400.2746488888889
 30
0.0
 10
42.52136388888889
 20
400.0180618518518
 30
0.0
 10
42.35661666666666
 20
399.7614748148148
 30
0.0
 10
42.19186944444444
 20
399.5048877777778
 30
0.0
 10
41.96373981481481
 20
399.5048877777778
 30
0.0
 10
41.73561018518517
 20
399.5048877777778
 30
0.0
 10
41.50748055555555
 20
399.5048877777778
 30
0.0
 10
41.91199907407407
 20
400.0860303703703
 30
0.0
 10
42.31651759259258
 20
400.6671729629629
 30
0.0
 10
42.7210361111111
 20
401.2483155555555
 30
0.0
 10
42.3353324074074
 20
401.8057044444444
 30
0.0
 10
41.9496287037037
 20
402.3630933333332
 30
0.0
 10
41.563925
 20
402.9204822222222
 30
0.0
 10
41.79440648148148
 20
402.9204822222221
 30
0.0
 10
42.02488796296296
 20
402.9204822222221
 30
0.0
 10
42.25536944444444
 20
402.9204822222221
 30
0.0
  0
POLYLINE
  5
13D
330
1F
100
AcDbEntity
  8
DEFAULT
 62
    18
100
AcDb2dPolyline
 66
     1
 10
0.0
 20
0.0
 30
0.0
 70
     1
  0
VERTEX
  5
13E
330
13D
100
AcDbEntity
  8
DEFAULT
 62
    18
100
AcDbVertex
100
AcDb2dVertex
 10
46.38293999999999
 20
383.2259219444444
 30
0.0
  0
VERTEX
  5
13F
330
13D
100
AcDbEntity
  8
DEFAULT
 62
    18
100
AcDbVertex
100
AcDb2dVertex
 10
46.36882888888888
 20
383.2259219444444
 30
0.0
  0
VERTEX
  5
140
330
13D
100
AcDbEntity
  8
DEFAULT
 62
    18
100
AcDbVertex
100
AcDb2dVertex
 10
45.5715511111111
 20
382.7955330555555
 30
0.0
  0
VERTEX
  5
141
330
13D
100
AcDbEntity
  8
DEFAULT
 62
    18
100
AcDbVertex
100
AcDb2dVertex
 10
45.45125388888889
 20
383.2682552777777
 30
0.0
  0
VERTEX
  5
142
330
13D
100
AcDbEntity
  8
DEFAULT
 62
    18
100
AcDbVertex
100
AcDb2dVertex
 10
46.45349555555554
 20
383.8048302777778
 30
0.0
  0
VERTEX
  5
143
330
13D
100
AcDbEntity
  8
DEFAULT
 62
    18
100
AcDbVertex
100
AcDb2dVertex
 10
46.98266222222221
 20
383.8048302777778
 30
0.0
  0
VERTEX
  5
144
330
13D
100
AcDbEntity
  8
DEFAULT
 62
    18
100
AcDbVertex
100
AcDb2dVertex
 10
46.98266222222221
 20
379.2176608333333
 30
0.0
  0
VERTEX
  5
145
330
13D
100
AcDbEntity
  8
DEFAULT
 62
    18
100
AcDbVertex
100
AcDb2dVertex
 10
46.38293999999999
 20
379.2176608333333
 30
0.0
  0
SEQEND
  5
146
330
13D
100
AcDbEntity
  8
DEFAULT
 62
    18
  0
SPLINE
  5
147
330
1F
100
AcDbEntity
  8
DEFAULT
 62
    18
100
AcDbSpline
210
0.0
220
0.0
230
1.0
 70
    11
 71
     3
 72
    59
 73
    55
 74
     0
 42
0.000000001
 43
0.0000000001
 40
0.0
 40
0.0
 40
0.0
 40
0.0
 40
2.496710035226281
 40
2.496710035226281
 40
2.496710035226281
 40
3.496710035226281
 40
3.496710035226281
 40
3.496710035226281
 40
3.557710035226288
 40
3.557710035226288
 40
3.557710035226288
 40
4.557710035226288
 40
4.557710035226288
 40
4.557710035226288
 40
7.026150838648515
 40
7.026150838648515
 40
7.026150838648515
 40
8.927150838648512
 40
8.927150838648512
 40
8.927150838648512
 40
14.65500925170311
 40
14.65500925170311
 40
14.65500925170311
 40
20.70232278748078
 40
20.70232278748078
 40
20.70232278748078
 40
22.70232278748078
 40
22.70232278748078
 40
22.70232278748078
 40
25.30485251833885
 40
25.30485251833885
 40
25.30485251833885
 40
26.30485251833885
 40
26.30485251833885
 40
26.30485251833885
 40
26.34485251833886
 40
26.34485251833886
 40
26.34485251833886
 40
27.34485251833886
 40
27.34485251833886
 40
27.34485251833886
 40
29.9370643152413
 40
29.9370643152413
 40
29.9370643152413
 40
31.8770643152413
 40
31.8770643152413
 40
31.8770643152413
 40
37.89843990558609
 40
37.89843990558609
 40
37.89843990558609
 40
43.66263976332871
 40
43.66263976332871
 40
43.66263976332871
 40
45.62263976332871
 40
45.62263976332871
 40
45.62263976332871
 40
45.62263976332871
 10
42.2553694444444
 20
382.6330788888889
 30
0.0
 10
42.41776481481477
 20
382.3884862962963
 30
0.0
 10
42.58016018518513
 20
382.1438937037037
 30
0.0
 10
42.7425555555555
 20
381.8993011111111
 30
0.0
 10
42.86920277777777
 20
381.7088011111111
 30
0.0
 10
42.97538888888888
 20
381.5324122222223
 30
0.0
 10
43.08792499999999
 20
381.3419122222222
 30
0.0
 10
43.09509814814814
 20
381.3419122222222
 30
0.0
 10
43.10227129629629
 20
381.3419122222222
 30
0.0
 10
43.10944444444444
 20
381.3419122222222
 30
0.0
 10
43.22233333333333
 20
381.5465233333334
 30
0.0
 10
43.33522222222222
 20
381.7229122222222
 30
0.0
 10
43.4481111111111
 20
381.9063566666667
 30
0.0
 10
43.60803703703703
 20
382.1485974074074
 30
0.0
 10
43.76796296296295
 20
382.3908381481481
 30
0.0
 10
43.92788888888888
 20
382.6330788888889
 30
0.0
 10
44.15143240740739
 20
382.6330788888889
 30
0.0
 10
44.37497592592592
 20
382.6330788888889
 30
0.0
 10
44.59851944444443
 20
382.6330788888889
 30
0.0
 10
44.21034629629629
 20
382.0826279629629
 30
0.0
 10
43.82217314814815
 20
381.5321770370369
 30
0.0
 10
43.43399999999999
 20
380.9817261111111
 30
0.0
 10
43.83381481481481
 20
380.3936455555556
 30
0.0
 10
44.23362962962963
 20
379.8055649999999
 30
0.0
 10
44.63344444444444
 20
379.2174844444444
 30
0.0
 10
44.39825925925925
 20
379.2174844444444
 30
0.0
 10
44.16307407407407
 20
379.2174844444444
 30
0.0
 10
43.92788888888888
 20
379.2174844444444
 30
0.0
 10
43.76090740740739
 20
379.4739538888889
 30
0.0
 10
43.59392592592592
 20
379.7304233333334
 30
0.0
 10
43.42694444444444
 20
379.9868927777778
 30
0.0
 10
43.2925361111111
 20
380.1844483333333
 30
0.0
 10
43.17999999999999
 20
380.3749483333333
 30
0.0
 10
43.05970277777777
 20
380.5795594444444
 30
0.0
 10
43.05499907407407
 20
380.5795594444444
 30
0.0
 10
43.05029537037037
 20
380.5795594444444
 30
0.0
 10
43.04559166666666
 20
380.5795594444444
 30
0.0
 10
42.93305555555555
 20
380.3749483333333
 30
0.0
 10
42.81275833333333
 20
380.1915038888889
 30
0.0
 10
42.68611111111111
 20
379.9868927777778
 30
0.0
 10
42.52136388888889
 20
379.7304233333334
 30
0.0
 10
42.35661666666666
 20
379.4739538888889
 30
0.0
 10
42.19186944444444
 20
379.2174844444444
 30
0.0
 10
41.96373981481481
 20
379.2174844444444
 30
0.0
 10
41.73561018518517
 20
379.2174844444444
 30
0.0
 10
41.50748055555555
 20
379.2174844444444
 30
0.0
 10
41.91199907407407
 20
379.798627037037
 30
0.0
 10
42.31651759259258
 20
380.3797696296297
 30
0.0
 10
42.7210361111111
 20
380.9609122222222
 30
0.0
 10
42.3353324074074
 20
381.518301111111
 30
0.0
 10
41.9496287037037
 20
382.07569
 30
0.0
 10
41.563925
 20
382.6330788888889
 30
0.0
 10
41.79440648148147
 20
382.6330788888889
 30
0.0
 10
42.02488796296293
 20
382.6330788888889
 30
0.0
 10
42.2553694444444
 20
382.6330788888889
 30
0.0
  0
POLYLINE
  5
148
330
1F
100
AcDbEntity
  8
DEFAULT
 62
    18
100
AcDb2dPolyline
 66
     1
 10
0.0
 20
0.0
 30
0.0
 70
     1
  0
VERTEX
  5
149
330
148
100
AcDbEntity
  8
DEFAULT
 62
    18
100
AcDbVertex
100
AcDb2dVertex
 10
245.4515594444444
 20
222.1987413888889
 30
0.0
  0
VERTEX
  5
14A
330
148
100
AcDbEntity
  8
DEFAULT
 62
    18
100
AcDbVertex
100
AcDb2dVertex
 10
245.4374483333333
 20
222.1987413888889
 30
0.0
  0
VERTEX
  5
14B
330
148
100
AcDbEntity
  8
DEFAULT
 62
    18
100
AcDbVertex
100
AcDb2dVertex
 10
244.6401705555555
 20
221.7683525
 30
0.0
  0
VERTEX
  5
14C
330
148
100
AcDbEntity
  8
DEFAULT
 62
    18
100
AcDbVertex
100
AcDb2dVertex
 10
244.5198733333333
 20
222.2410747222222
 30
0.0
  0
VERTEX
  5
14D
330
148
100
AcDbEntity
  8
DEFAULT
 62
    18
100
AcDbVertex
100
AcDb2dVertex
 10
245.522115
 20
222.7776497222222
 30
0.0
  0
VERTEX
  5
14E
330
148
100
AcDbEntity
  8
DEFAULT
 62
    18
100
AcDbVertex
100
AcDb2dVertex
 10
246.0512816666667
 20
222.7776497222222
 30
0.0
  0
VERTEX
  5
14F
330
148
100
AcDbEntity
  8
DEFAULT
 62
    18
100
AcDbVertex
100
AcDb2dVertex
 10
246.0512816666667
 20
218.1904802777778
 30
0.0
  0
VERTEX
  5
150
330
148
100
AcDbEntity
  8
DEFAULT
 62
    18
100
AcDbVertex
100
AcDb2dVertex
 10
245.4515594444444
 20
218.1904802777778
 30
0.0
  0
SEQEND
  5
151
330
148
100
AcDbEntity
  8
DEFAULT
 62
    18
  0
SPLINE
  5
152
330
1F
100
AcDbEntity
  8
DEFAULT
 62
    18
100
AcDbSpline
210
0.0
220
0.0
230
1.0
 70
    11
 71
     3
 72
    59
 73
    55
 74
     0
 42
0.000000001
 43
0.0000000001
 40
0.0
 40
0.0
 40
0.0
 40
0.0
 40
2.496710035226376
 40
2.496710035226376
 40
2.496710035226376
 40
3.496710035226376
 40
3.496710035226376
 40
3.496710035226376
 40
3.557710035226412
 40
3.557710035226412
 40
3.557710035226412
 40
4.557710035226412
 40
4.557710035226412
 40
4.557710035226412
 40
7.026150838648648
 40
7.026150838648648
 40
7.026150838648648
 40
8.927150838648714
 40
8.927150838648714
 40
8.927150838648714
 40
14.65500925170334
 40
14.65500925170334
 40
14.65500925170334
 40
20.70232278748099
 40
20.70232278748099
 40
20.70232278748099
 40
22.70232278748099
 40
22.70232278748099
 40
22.70232278748099
 40
25.30485251833904
 40
25.30485251833904
 40
25.30485251833904
 40
26.30485251833904
 40
26.30485251833904
 40
26.30485251833904
 40
26.344852518339
 40
26.344852518339
 40
26.344852518339
 40
27.344852518339
 40
27.344852518339
 40
27.344852518339
 40
29.93706431524142
 40
29.93706431524142
 40
29.93706431524142
 40
31.87706431524147
 40
31.87706431524147
 40
31.87706431524147
 40
37.89843990558629
 40
37.89843990558629
 40
37.89843990558629
 40
43.66263976332897
 40
43.66263976332897
 40
43.66263976332897
 40
45.622639763329
 40
45.622639763329
 40
45.622639763329
 40
45.622639763329
 10
241.3239888888888
 20
221.6058277777777
 30
0.0
 10
241.4863842592592
 20
221.3612351851851
 30
0.0
 10
241.6487796296296
 20
221.1166425925925
 30
0.0
 10
241.8111749999999
 20
220.8720499999999
 30
0.0
 10
241.9378222222222
 20
220.68155
 30
0.0
 10
242.0440083333333
 20
220.5051611111111
 30
0.0
 10
242.1565444444444
 20
220.3146611111111
 30
0.0
 10
242.1637175925926
 20
220.3146611111111
 30
0.0
 10
242.1708907407408
 20
220.3146611111111
 30
0.0
 10
242.1780638888889
 20
220.3146611111111
 30
0.0
 10
242.2909527777777
 20
220.5192722222222
 30
0.0
 10
242.4038416666667
 20
220.6956611111111
 30
0.0
 10
242.5167305555555
 20
220.8791055555556
 30
0.0
 10
242.6766564814814
 20
221.1213462962963
 30
0.0
 10
242.8365824074074
 20
221.363587037037
 30
0.0
 10
242.9965083333333
 20
221.6058277777778
 30
0.0
 10
243.2200518518518
 20
221.6058277777778
 30
0.0
 10
243.4435953703703
 20
221.6058277777778
 30
0.0
 10
243.6671388888889
 20
221.6058277777778
 30
0.0
 10
243.2789657407407
 20
221.0553768518518
 30
0.0
 10
242.8907925925926
 20
220.5049259259259
 30
0.0
 10
242.5026194444444
 20
219.9544749999999
 30
0.0
 10
242.9024342592592
 20
219.3663944444444
 30
0.0
 10
243.302249074074
 20
218.7783138888888
 30
0.0
 10
243.7020638888889
 20
218.1902333333333
 30
0.0
 10
243.4668787037037
 20
218.1902333333333
 30
0.0
 10
243.2316935185185
 20
218.1902333333333
 30
0.0
 10
242.9965083333333
 20
218.1902333333333
 30
0.0
 10
242.8295268518518
 20
218.4467027777778
 30
0.0
 10
242.6625453703703
 20
218.7031722222222
 30
0.0
 10
242.4955638888889
 20
218.9596416666666
 30
0.0
 10
242.3611555555555
 20
219.1571972222222
 30
0.0
 10
242.2486194444444
 20
219.3476972222222
 30
0.0
 10
242.1283222222222
 20
219.5523083333333
 30
0.0
 10
242.1236185185185
 20
219.5523083333333
 30
0.0
 10
242.1189148148148
 20
219.5523083333333
 30
0.0
 10
242.1142111111111
 20
219.5523083333333
 30
0.0
 10
242.001675
 20
219.3476972222222
 30
0.0
 10
241.8813777777778
 20
219.1642527777777
 30
0.0
 10
241.7547305555555
 20
218.9596416666666
 30
0.0
 10
241.5899833333333
 20
218.7031722222222
 30
0.0
 10
241.4252361111111
 20
218.4467027777778
 30
0.0
 10
241.2604888888889
 20
218.1902333333333
 30
0.0
 10
241.0323592592592
 20
218.1902333333333
 30
0.0
 10
240.8042296296296
 20
218.1902333333333
 30
0.0
 10
240.5761
 20
218.1902333333333
 30
0.0
 10
240.9806185185185
 20
218.7713759259259
 30
0.0
 10
241.385137037037
 20
219.3525185185185
 30
0.0
 10
241.7896555555556
 20
219.9336611111111
 30
0.0
 10
241.4039518518518
 20
220.49105
 30
0.0
 10
241.0182481481481
 20
221.0484388888889
 30
0.0
 10
240.6325444444444
 20
221.6058277777778
 30
0.0
 10
240.8630259259259
 20
221.6058277777778
 30
0.0
 10
241.0935074074074
 20
221.6058277777778
 30
0.0
 10
241.3239888888888
 20
221.6058277777777
 30
0.0
  0
SPLINE
  5
153
330
1F
100
AcDbEntity
  8
DEFAULT
 62
    18
100
AcDbSpline
210
0.0
220
0.0
230
1.0
 70
    11
 71
     3
 72
    47
 73
    43
 74
     0
 42
0.000000001
 43
0.0000000001
 40
8.302000000000007
 40
8.302000000000007
 40
8.302000000000007
 40
8.302000000000007
 40
9.382000000000048
 40
9.382000000000048
 40
9.382000000000048
 40
11.30553840616713
 40
11.30553840616713
 40
11.30553840616713
 40
12.30553840616713
 40
12.30553840616713
 40
12.30553840616713
 40
13.30553840616713
 40
13.30553840616713
 40
13.30553840616713
 40
14.30553840616713
 40
14.30553840616713
 40
14.30553840616713
 40
15.66612651430274
 40
15.66612651430274
 40
15.66612651430274
 40
16.66612651430274
 40
16.66612651430274
 40
16.66612651430274
 40
17.66612651430274
 40
17.66612651430274
 40
17.66612651430274
 40
18.66612651430274
 40
18.66612651430274
 40
18.66612651430274
 40
20.08288408001398
 40
20.08288408001398
 40
20.08288408001398
 40
20.12388408001403
 40
20.12388408001403
 40
20.12388408001403
 40
25.96588408001404
 40
25.96588408001404
 40
25.96588408001404
 40
27.42488408001399
 40
27.42488408001399
 40
27.42488408001399
 40
35.726884080014
 40
35.726884080014
 40
35.726884080014
 40
35.726884080014
 10
45.03522305555556
 20
323.5606869444444
 30
0.0
 10
45.03522305555556
 20
323.6876869444444
 30
0.0
 10
45.03522305555556
 20
323.8146869444444
 30
0.0
 10
45.03522305555556
 20
323.9416869444444
 30
0.0
 10
45.19750083333333
 20
324.0992610185185
 30
0.0
 10
45.35977861111112
 20
324.2568350925926
 30
0.0
 10
45.52205638888889
 20
324.4144091666666
 30
0.0
 10
46.69363138888889
 20
325.5291869444444
 30
0.0
 10
47.22279805555556
 20
326.1225591666666
 30
0.0
 10
47.2298536111111
 20
326.8136508333333
 30
0.0
 10
47.2298536111111
 20
327.2793175
 30
0.0
 10
47.00407583333333
 20
327.7100591666667
 30
0.0
 10
46.31968694444444
 20
327.7100591666667
 30
0.0
 10
45.90305638888888
 20
327.7100591666667
 30
0.0
 10
45.55733416666666
 20
327.4983925
 30
0.0
 10
45.3456675
 20
327.3220036111111
 30
0.0
 10
45.27981564814814
 20
327.4678184259259
 30
0.0
 10
45.2139637962963
 20
327.6136332407407
 30
0.0
 10
45.14811194444444
 20
327.7594480555555
 30
0.0
 10
45.46561194444445
 20
328.0275591666667
 30
0.0
 10
45.91716750000001
 20
328.2254674999999
 30
0.0
 10
46.44668694444444
 20
328.2254674999999
 30
0.0
 10
47.43446472222222
 20
328.2254674999999
 30
0.0
 10
47.8507425
 20
327.5481341666666
 30
0.0
 10
47.8507425
 20
326.8912619444444
 30
0.0
 10
47.8507425
 20
326.0445952777778
 30
0.0
 10
47.23690916666666
 20
325.3605591666666
 30
0.0
 10
46.27029805555555
 20
324.4288730555555
 30
0.0
 10
46.14788416666666
 20
324.3158665740741
 30
0.0
 10
46.02547027777778
 20
324.2028600925926
 30
0.0
 10
45.90305638888888
 20
324.0898536111111
 30
0.0
 10
45.90305638888888
 20
324.0850323148148
 30
0.0
 10
45.90305638888888
 20
324.0802110185185
 30
0.0
 10
45.90305638888888
 20
324.0753897222222
 30
0.0
 10
46.59003231481481
 20
324.0753897222222
 30
0.0
 10
47.27700824074073
 20
324.0753897222222
 30
0.0
 10
47.96398416666666
 20
324.0753897222222
 30
0.0
 10
47.96398416666667
 20
323.9038221296296
 30
0.0
 10
47.96398416666667
 20
323.732254537037
 30
0.0
 10
47.96398416666666
 20
323.5606869444444
 30
0.0
 10
46.98773046296296
 20
323.5606869444444
 30
0.0
 10
46.01147675925927
 20
323.5606869444444
 30
0.0
 10
45.03522305555556
 20
323.5606869444444
 30
0.0
  0
SPLINE
  5
154
330
1F
100
AcDbEntity
  8
DEFAULT
 62
    18
100
AcDbSpline
210
0.0
220
0.0
230
1.0
 70
    11
 71
     3
 72
    59
 73
    55
 74
     0
 42
0.000000001
 43
0.0000000001
 40
0.0
 40
0.0
 40
0.0
 40
0.0
 40
2.496710035226502
 40
2.496710035226502
 40
2.496710035226502
 40
3.496710035226502
 40
3.496710035226502
 40
3.496710035226502
 40
3.557710035226509
 40
3.557710035226509
 40
3.557710035226509
 40
4.55771003522651
 40
4.55771003522651
 40
4.55771003522651
 40
7.026150838648737
 40
7.026150838648737
 40
7.026150838648737
 40
8.927150838648734
 40
8.927150838648734
 40
8.927150838648734
 40
14.65582651457944
 40
14.65582651457944
 40
14.65582651457944
 40
20.70231309771184
 40
20.70231309771184
 40
20.70231309771184
 40
22.70231309771184
 40
22.70231309771184
 40
22.70231309771184
 40
25.30400485501136
 40
25.30400485501136
 40
25.30400485501136
 40
26.30400485501136
 40
26.30400485501136
 40
26.30400485501136
 40
26.34400485501137
 40
26.34400485501137
 40
26.34400485501137
 40
27.34400485501137
 40
27.34400485501137
 40
27.34400485501137
 40
29.93537534183881
 40
29.93537534183881
 40
29.93537534183881
 40
31.87537534183881
 40
31.87537534183881
 40
31.87537534183881
 40
37.8967509321836
 40
37.8967509321836
 40
37.8967509321836
 40
43.66095078992622
 40
43.66095078992622
 40
43.66095078992622
 40
45.62095078992621
 40
45.62095078992621
 40
45.62095078992621
 40
45.62095078992621
 10
42.25536944444444
 20
326.9761402777778
 30
0.0
 10
42.41776481481482
 20
326.7315476851852
 30
0.0
 10
42.58016018518519
 20
326.4869550925926
 30
0.0
 10
42.74255555555556
 20
326.2423625
 30
0.0
 10
42.86920277777777
 20
326.0515097222222
 30
0.0
 10
42.97538888888888
 20
325.8751208333333
 30
0.0
 10
43.08792499999999
 20
325.6849736111111
 30
0.0
 10
43.09509814814814
 20
325.6849736111111
 30
0.0
 10
43.10227129629629
 20
325.6849736111111
 30
0.0
 10
43.10944444444444
 20
325.6849736111111
 30
0.0
 10
43.22233333333333
 20
325.8895847222222
 30
0.0
 10
43.33522222222222
 20
326.0659736111111
 30
0.0
 10
43.4481111111111
 20
326.2494180555556
 30
0.0
 10
43.60803703703703
 20
326.4916587962963
 30
0.0
 10
43.76796296296295
 20
326.733899537037
 30
0.0
 10
43.92788888888888
 20
326.9761402777777
 30
0.0
 10
44.15143240740739
 20
326.9761402777777
 30
0.0
 10
44.37497592592592
 20
326.9761402777777
 30
0.0
 10
44.59851944444443
 20
326.9761402777777
 30
0.0
 10
44.21034629629629
 20
326.4255717592592
 30
0.0
 10
43.82217314814815
 20
325.8750032407407
 30
0.0
 10
43.43399999999999
 20
325.3244347222222
 30
0.0
 10
43.83381481481481
 20
324.7364717592592
 30
0.0
 10
44.23362962962963
 20
324.1485087962963
 30
0.0
 10
44.63344444444444
 20
323.5605458333333
 30
0.0
 10
44.39825925925925
 20
323.5605458333333
 30
0.0
 10
44.16307407407407
 20
323.5605458333333
 30
0.0
 10
43.92788888888888
 20
323.5605458333333
 30
0.0
 10
43.76090740740739
 20
323.8168976851851
 30
0.0
 10
43.59392592592592
 20
324.073249537037
 30
0.0
 10
43.42694444444444
 20
324.3296013888889
 30
0.0
 10
43.2925361111111
 20
324.5275097222222
 30
0.0
 10
43.17999999999999
 20
324.7176569444444
 30
0.0
 10
43.05970277777777
 20
324.9222680555555
 30
0.0
 10
43.05499907407407
 20
324.9222680555555
 30
0.0
 10
43.05029537037037
 20
324.9222680555555
 30
0.0
 10
43.04559166666666
 20
324.9222680555555
 30
0.0
 10
42.93305555555555
 20
324.7176569444444
 30
0.0
 10
42.81275833333333
 20
324.5342125
 30
0.0
 10
42.68611111111111
 20
324.3296013888889
 30
0.0
 10
42.52136388888889
 20
324.073249537037
 30
0.0
 10
42.35661666666666
 20
323.8168976851852
 30
0.0
 10
42.19186944444444
 20
323.5605458333333
 30
0.0
 10
41.96373981481481
 20
323.5605458333333
 30
0.0
 10
41.73561018518517
 20
323.5605458333333
 30
0.0
 10
41.50748055555555
 20
323.5605458333333
 30
0.0
 10
41.91199907407407
 20
324.1416884259258
 30
0.0
 10
42.31651759259258
 20
324.7228310185185
 30
0.0
 10
42.7210361111111
 20
325.3039736111111
 30
0.0
 10
42.3353324074074
 20
325.8613625
 30
0.0
 10
41.9496287037037
 20
326.4187513888888
 30
0.0
 10
41.563925
 20
326.9761402777777
 30
0.0
 10
41.79440648148148
 20
326.9761402777777
 30
0.0
 10
42.02488796296296
 20
326.9761402777777
 30
0.0
 10
42.25536944444444
 20
326.9761402777778
 30
0.0
  0
SPLINE
  5
155
330
1F
100
AcDbEntity
  8
DEFAULT
 62
    18
100
AcDbSpline
210
0.0
220
0.0
230
1.0
 70
    11
 71
     3
 72
    47
 73
    43
 74
     0
 42
0.000000001
 43
0.0000000001
 40
8.301999999999992
 40
8.301999999999992
 40
8.301999999999992
 40
8.301999999999992
 40
9.382000000000033
 40
9.382000000000033
 40
9.382000000000033
 40
11.30553840616711
 40
11.30553840616711
 40
11.30553840616711
 40
12.30553840616711
 40
12.30553840616711
 40
12.30553840616711
 40
13.30553840616711
 40
13.30553840616711
 40
13.30553840616711
 40
14.30553840616711
 40
14.30553840616711
 40
14.30553840616711
 40
15.66612651430271
 40
15.66612651430271
 40
15.66612651430271
 40
16.66612651430271
 40
16.66612651430271
 40
16.66612651430271
 40
17.66612651430271
 40
17.66612651430271
 40
17.66612651430271
 40
18.66612651430271
 40
18.66612651430271
 40
18.66612651430271
 40
20.08288408001394
 40
20.08288408001394
 40
20.08288408001394
 40
20.123884080014
 40
20.123884080014
 40
20.123884080014
 40
25.96588408001398
 40
25.96588408001398
 40
25.96588408001398
 40
27.42488408001393
 40
27.42488408001393
 40
27.42488408001393
 40
35.72688408001392
 40
35.72688408001392
 40
35.72688408001392
 40
35.72688408001392
 10
79.95916472222221
 20
323.5606869444444
 30
0.0
 10
79.95916472222221
 20
323.6876869444444
 30
0.0
 10
79.95916472222221
 20
323.8146869444444
 30
0.0
 10
79.95916472222221
 20
323.9416869444444
 30
0.0
 10
80.1214425
 20
324.0992610185185
 30
0.0
 10
80.28372027777777
 20
324.2568350925926
 30
0.0
 10
80.44599805555555
 20
324.4144091666666
 30
0.0
 10
81.61757305555555
 20
325.5291869444444
 30
0.0
 10
82.14673972222221
 20
326.1225591666666
 30
0.0
 10
82.15379527777777
 20
326.8136508333333
 30
0.0
 10
82.15379527777777
 20
327.2793175
 30
0.0
 10
81.9280175
 20
327.7100591666667
 30
0.0
 10
81.2436286111111
 20
327.7100591666667
 30
0.0
 10
80.82699805555555
 20
327.7100591666667
 30
0.0
 10
80.48127583333333
 20
327.4983925
 30
0.0
 10
80.26960916666665
 20
327.3220036111111
 30
0.0
 10
80.20375731481481
 20
327.4678184259259
 30
0.0
 10
80.13790546296295
 20
327.6136332407407
 30
0.0
 10
80.0720536111111
 20
327.7594480555555
 30
0.0
 10
80.38955361111111
 20
328.0275591666667
 30
0.0
 10
80.84110916666666
 20
328.2254674999999
 30
0.0
 10
81.3706286111111
 20
328.2254674999999
 30
0.0
 10
82.35840638888888
 20
328.2254674999999
 30
0.0
 10
82.77468416666666
 20
327.5481341666666
 30
0.0
 10
82.77468416666666
 20
326.8912619444444
 30
0.0
 10
82.77468416666666
 20
326.0445952777778
 30
0.0
 10
82.16085083333333
 20
325.3605591666666
 30
0.0
 10
81.19423972222222
 20
324.4288730555555
 30
0.0
 10
81.07182583333334
 20
324.3158665740741
 30
0.0
 10
80.94941194444444
 20
324.2028600925926
 30
0.0
 10
80.82699805555555
 20
324.0898536111111
 30
0.0
 10
80.82699805555555
 20
324.0850323148148
 30
0.0
 10
80.82699805555555
 20
324.0802110185185
 30
0.0
 10
80.82699805555555
 20
324.0753897222222
 30
0.0
 10
81.51397398148147
 20
324.0753897222222
 30
0.0
 10
82.20094990740739
 20
324.0753897222222
 30
0.0
 10
82.88792583333333
 20
324.0753897222222
 30
0.0
 10
82.88792583333333
 20
323.9038221296296
 30
0.0
 10
82.88792583333333
 20
323.732254537037
 30
0.0
 10
82.88792583333333
 20
323.5606869444444
 30
0.0
 10
81.91167212962962
 20
323.5606869444444
 30
0.0
 10
80.93541842592592
 20
323.5606869444444
 30
0.0
 10
79.95916472222221
 20
323.5606869444444
 30
0.0
  0
SPLINE
  5
156
330
1F
100
AcDbEntity
  8
DEFAULT
 62
    18
100
AcDbSpline
210
0.0
220
0.0
230
1.0
 70
    11
 71
     3
 72
    59
 73
    55
 74
     0
 42
0.000000001
 43
0.0000000001
 40
0.0
 40
0.0
 40
0.0
 40
0.0
 40
2.496710035226502
 40
2.496710035226502
 40
2.496710035226502
 40
3.496710035226502
 40
3.496710035226502
 40
3.496710035226502
 40
3.557710035226481
 40
3.557710035226481
 40
3.557710035226481
 40
4.557710035226481
 40
4.557710035226481
 40
4.557710035226481
 40
7.026150838648702
 40
7.026150838648702
 40
7.026150838648702
 40
8.927150838648712
 40
8.927150838648712
 40
8.927150838648712
 40
14.65582651457941
 40
14.65582651457941
 40
14.65582651457941
 40
20.70231309771179
 40
20.70231309771179
 40
20.70231309771179
 40
22.70231309771179
 40
22.70231309771179
 40
22.70231309771179
 40
25.30400485501131
 40
25.30400485501131
 40
25.30400485501131
 40
26.30400485501131
 40
26.30400485501131
 40
26.30400485501131
 40
26.3440048550113
 40
26.3440048550113
 40
26.3440048550113
 40
27.3440048550113
 40
27.3440048550113
 40
27.3440048550113
 40
29.93537534183874
 40
29.93537534183874
 40
29.93537534183874
 40
31.87537534183874
 40
31.87537534183874
 40
31.87537534183874
 40
37.89675093218353
 40
37.89675093218353
 40
37.89675093218353
 40
43.66095078992615
 40
43.66095078992615
 40
43.66095078992615
 40
45.62095078992616
 40
45.62095078992616
 40
45.62095078992616
 40
45.62095078992616
 10
77.17931111111113
 20
326.9761402777778
 30
0.0
 10
77.3417064814815
 20
326.7315476851852
 30
0.0
 10
77.50410185185187
 20
326.4869550925926
 30
0.0
 10
77.66649722222225
 20
326.2423625
 30
0.0
 10
77.79314444444445
 20
326.0515097222222
 30
0.0
 10
77.89933055555555
 20
325.8751208333333
 30
0.0
 10
78.01186666666666
 20
325.6849736111111
 30
0.0
 10
78.0190398148148
 20
325.6849736111111
 30
0.0
 10
78.02621296296296
 20
325.6849736111111
 30
0.0
 10
78.0333861111111
 20
325.6849736111111
 30
0.0
 10
78.146275
 20
325.8895847222222
 30
0.0
 10
78.25916388888889
 20
326.0659736111111
 30
0.0
 10
78.37205277777777
 20
326.2494180555556
 30
0.0
 10
78.5319787037037
 20
326.4916587962963
 30
0.0
 10
78.69190462962963
 20
326.733899537037
 30
0.0
 10
78.85183055555555
 20
326.9761402777777
 30
0.0
 10
79.07537407407408
 20
326.9761402777777
 30
0.0
 10
79.29891759259259
 20
326.9761402777777
 30
0.0
 10
79.52246111111111
 20
326.9761402777777
 30
0.0
 10
79.13428796296296
 20
326.4255717592592
 30
0.0
 10
78.74611481481482
 20
325.8750032407407
 30
0.0
 10
78.35794166666666
 20
325.3244347222222
 30
0.0
 10
78.75775648148147
 20
324.7364717592592
 30
0.0
 10
79.15757129629628
 20
324.1485087962963
 30
0.0
 10
79.5573861111111
 20
323.5605458333333
 30
0.0
 10
79.32220092592591
 20
323.5605458333333
 30
0.0
 10
79.08701574074074
 20
323.5605458333333
 30
0.0
 10
78.85183055555555
 20
323.5605458333333
 30
0.0
 10
78.68484907407408
 20
323.8168976851851
 30
0.0
 10
78.5178675925926
 20
324.073249537037
 30
0.0
 10
78.35088611111111
 20
324.3296013888889
 30
0.0
 10
78.21647777777777
 20
324.5275097222222
 30
0.0
 10
78.10394166666667
 20
324.7176569444444
 30
0.0
 10
77.98364444444444
 20
324.9222680555555
 30
0.0
 10
77.97894074074073
 20
324.9222680555555
 30
0.0
 10
77.97423703703703
 20
324.9222680555555
 30
0.0
 10
77.96953333333333
 20
324.9222680555555
 30
0.0
 10
77.85699722222222
 20
324.7176569444444
 30
0.0
 10
77.7367
 20
324.5342125
 30
0.0
 10
77.61005277777778
 20
324.3296013888889
 30
0.0
 10
77.44530555555555
 20
324.073249537037
 30
0.0
 10
77.28055833333332
 20
323.8168976851852
 30
0.0
 10
77.1158111111111
 20
323.5605458333333
 30
0.0
 10
76.88768148148148
 20
323.5605458333333
 30
0.0
 10
76.65955185185186
 20
323.5605458333333
 30
0.0
 10
76.43142222222222
 20
323.5605458333333
 30
0.0
 10
76.83594074074074
 20
324.1416884259258
 30
0.0
 10
77.24045925925925
 20
324.7228310185185
 30
0.0
 10
77.64497777777777
 20
325.3039736111111
 30
0.0
 10
77.25927407407407
 20
325.8613625
 30
0.0
 10
76.87357037037037
 20
326.4187513888888
 30
0.0
 10
76.48786666666666
 20
326.9761402777777
 30
0.0
 10
76.71834814814815
 20
326.9761402777777
 30
0.0
 10
76.94882962962964
 20
326.9761402777777
 30
0.0
 10
77.17931111111113
 20
326.9761402777778
 30
0.0
  0
POLYLINE
  5
157
330
1F
100
AcDbEntity
  8
DEFAULT
 62
    18
100
AcDb2dPolyline
 66
     1
 10
0.0
 20
0.0
 30
0.0
 70
     1
  0
VERTEX
  5
158
330
157
100
AcDbEntity
  8
DEFAULT
 62
    18
100
AcDbVertex
100
AcDb2dVertex
 10
294.6757716666666
 20
222.1987413888889
 30
0.0
  0
VERTEX
  5
159
330
157
100
AcDbEntity
  8
DEFAULT
 62
    18
100
AcDbVertex
100
AcDb2dVertex
 10
294.6616605555555
 20
222.1987413888889
 30
0.0
  0
VERTEX
  5
15A
330
157
100
AcDbEntity
  8
DEFAULT
 62
    18
100
AcDbVertex
100
AcDb2dVertex
 10
293.8643827777777
 20
221.7683525
 30
0.0
  0
VERTEX
  5
15B
330
157
100
AcDbEntity
  8
DEFAULT
 62
    18
100
AcDbVertex
100
AcDb2dVertex
 10
293.7440855555555
 20
222.2410747222222
 30
0.0
  0
VERTEX
  5
15C
330
157
100
AcDbEntity
  8
DEFAULT
 62
    18
100
AcDbVertex
100
AcDb2dVertex
 10
294.7463272222222
 20
222.7776497222222
 30
0.0
  0
VERTEX
  5
15D
330
157
100
AcDbEntity
  8
DEFAULT
 62
    18
100
AcDbVertex
100
AcDb2dVertex
 10
295.2754938888888
 20
222.7776497222222
 30
0.0
  0
VERTEX
  5
15E
330
157
100
AcDbEntity
  8
DEFAULT
 62
    18
100
AcDbVertex
100
AcDb2dVertex
 10
295.2754938888888
 20
218.1904802777778
 30
0.0
  0
VERTEX
  5
15F
330
157
100
AcDbEntity
  8
DEFAULT
 62
    18
100
AcDbVertex
100
AcDb2dVertex
 10
294.6757716666666
 20
218.1904802777778
 30
0.0
  0
SEQEND
  5
160
330
157
100
AcDbEntity
  8
DEFAULT
 62
    18
  0
SPLINE
  5
161
330
1F
100
AcDbEntity
  8
DEFAULT
 62
    18
100
AcDbSpline
210
0.0
220
0.0
230
1.0
 70
    11
 71
     3
 72
    59
 73
    55
 74
     0
 42
0.000000001
 43
0.0000000001
 40
0.0
 40
0.0
 40
0.0
 40
0.0
 40
2.496710035226376
 40
2.496710035226376
 40
2.496710035226376
 40
3.496710035226376
 40
3.496710035226376
 40
3.496710035226376
 40
3.557710035226412
 40
3.557710035226412
 40
3.557710035226412
 40
4.557710035226412
 40
4.557710035226412
 40
4.557710035226412
 40
7.026150838648648
 40
7.026150838648648
 40
7.026150838648648
 40
8.927150838648714
 40
8.927150838648714
 40
8.927150838648714
 40
14.65500925170334
 40
14.65500925170334
 40
14.65500925170334
 40
20.70232278748099
 40
20.70232278748099
 40
20.70232278748099
 40
22.70232278748099
 40
22.70232278748099
 40
22.70232278748099
 40
25.30485251833904
 40
25.30485251833904
 40
25.30485251833904
 40
26.30485251833904
 40
26.30485251833904
 40
26.30485251833904
 40
26.344852518339
 40
26.344852518339
 40
26.344852518339
 40
27.344852518339
 40
27.344852518339
 40
27.344852518339
 40
29.93706431524142
 40
29.93706431524142
 40
29.93706431524142
 40
31.87706431524147
 40
31.87706431524147
 40
31.87706431524147
 40
37.89843990558629
 40
37.89843990558629
 40
37.89843990558629
 40
43.66263976332897
 40
43.66263976332897
 40
43.66263976332897
 40
45.622639763329
 40
45.622639763329
 40
45.622639763329
 40
45.622639763329
 10
290.548201111111
 20
221.6058277777777
 30
0.0
 10
290.7105964814814
 20
221.3612351851851
 30
0.0
 10
290.8729918518517
 20
221.1166425925925
 30
0.0
 10
291.0353872222221
 20
220.8720499999999
 30
0.0
 10
291.1620344444444
 20
220.68155
 30
0.0
 10
291.2682205555556
 20
220.5051611111111
 30
0.0
 10
291.3807566666666
 20
220.3146611111111
 30
0.0
 10
291.3879298148148
 20
220.3146611111111
 30
0.0
 10
291.3951029629629
 20
220.3146611111111
 30
0.0
 10
291.4022761111111
 20
220.3146611111111
 30
0.0
 10
291.515165
 20
220.5192722222222
 30
0.0
 10
291.6280538888889
 20
220.6956611111111
 30
0.0
 10
291.7409427777777
 20
220.8791055555556
 30
0.0
 10
291.9008687037037
 20
221.1213462962963
 30
0.0
 10
292.0607946296296
 20
221.363587037037
 30
0.0
 10
292.2207205555555
 20
221.6058277777778
 30
0.0
 10
292.444264074074
 20
221.6058277777778
 30
0.0
 10
292.6678075925925
 20
221.6058277777778
 30
0.0
 10
292.8913511111111
 20
221.6058277777778
 30
0.0
 10
292.503177962963
 20
221.0553768518518
 30
0.0
 10
292.1150048148148
 20
220.5049259259259
 30
0.0
 10
291.7268316666666
 20
219.9544749999999
 30
0.0
 10
292.1266464814814
 20
219.3663944444444
 30
0.0
 10
292.5264612962962
 20
218.7783138888888
 30
0.0
 10
292.9262761111111
 20
218.1902333333333
 30
0.0
 10
292.6910909259259
 20
218.1902333333333
 30
0.0
 10
292.4559057407407
 20
218.1902333333333
 30
0.0
 10
292.2207205555555
 20
218.1902333333333
 30
0.0
 10
292.053739074074
 20
218.4467027777778
 30
0.0
 10
291.8867575925926
 20
218.7031722222222
 30
0.0
 10
291.7197761111111
 20
218.9596416666666
 30
0.0
 10
291.5853677777778
 20
219.1571972222222
 30
0.0
 10
291.4728316666666
 20
219.3476972222222
 30
0.0
 10
291.3525344444444
 20
219.5523083333333
 30
0.0
 10
291.3478307407407
 20
219.5523083333333
 30
0.0
 10
291.343127037037
 20
219.5523083333333
 30
0.0
 10
291.3384233333333
 20
219.5523083333333
 30
0.0
 10
291.2258872222222
 20
219.3476972222222
 30
0.0
 10
291.1055899999999
 20
219.1642527777777
 30
0.0
 10
290.9789427777777
 20
218.9596416666666
 30
0.0
 10
290.8141955555555
 20
218.7031722222222
 30
0.0
 10
290.6494483333333
 20
218.4467027777778
 30
0.0
 10
290.4847011111111
 20
218.1902333333333
 30
0.0
 10
290.2565714814814
 20
218.1902333333333
 30
0.0
 10
290.0284418518518
 20
218.1902333333333
 30
0.0
 10
289.8003122222222
 20
218.1902333333333
 30
0.0
 10
290.2048307407408
 20
218.7713759259259
 30
0.0
 10
290.6093492592593
 20
219.3525185185185
 30
0.0
 10
291.0138677777778
 20
219.9336611111111
 30
0.0
 10
290.628164074074
 20
220.49105
 30
0.0
 10
290.2424603703703
 20
221.0484388888889
 30
0.0
 10
289.8567566666666
 20
221.6058277777778
 30
0.0
 10
290.0872381481481
 20
221.6058277777778
 30
0.0
 10
290.3177196296296
 20
221.6058277777778
 30
0.0
 10
290.548201111111
 20
221.6058277777777
 30
0.0
  0
POLYLINE
  5
162
330
1F
100
AcDbEntity
  8
DEFAULT
 62
    18
100
AcDb2dPolyline
 66
     1
 10
0.0
 20
0.0
 30
0.0
 70
     1
  0
VERTEX
  5
163
330
162
100
AcDbEntity
  8
DEFAULT
 62
    18
100
AcDbVertex
100
AcDb2dVertex
 10
131.9945925
 20
383.2262747222222
 30
0.0
  0
VERTEX
  5
164
330
162
100
AcDbEntity
  8
DEFAULT
 62
    18
100
AcDbVertex
100
AcDb2dVertex
 10
131.9804813888889
 20
383.2262747222222
 30
0.0
  0
VERTEX
  5
165
330
162
100
AcDbEntity
  8
DEFAULT
 62
    18
100
AcDbVertex
100
AcDb2dVertex
 10
131.1832036111111
 20
382.7955330555555
 30
0.0
  0
VERTEX
  5
166
330
162
100
AcDbEntity
  8
DEFAULT
 62
    18
100
AcDbVertex
100
AcDb2dVertex
 10
131.0629063888889
 20
383.2682552777777
 30
0.0
  0
VERTEX
  5
167
330
162
100
AcDbEntity
  8
DEFAULT
 62
    18
100
AcDbVertex
100
AcDb2dVertex
 10
132.0651480555555
 20
383.8051830555556
 30
0.0
  0
VERTEX
  5
168
330
162
100
AcDbEntity
  8
DEFAULT
 62
    18
100
AcDbVertex
100
AcDb2dVertex
 10
132.5943147222222
 20
383.8051830555556
 30
0.0
  0
VERTEX
  5
169
330
162
100
AcDbEntity
  8
DEFAULT
 62
    18
100
AcDbVertex
100
AcDb2dVertex
 10
132.5943147222222
 20
379.2176608333333
 30
0.0
  0
VERTEX
  5
16A
330
162
100
AcDbEntity
  8
DEFAULT
 62
    18
100
AcDbVertex
100
AcDb2dVertex
 10
131.9945925
 20
379.2176608333333
 30
0.0
  0
SEQEND
  5
16B
330
162
100
AcDbEntity
  8
DEFAULT
 62
    18
  0
SPLINE
  5
16C
330
1F
100
AcDbEntity
  8
DEFAULT
 62
    18
100
AcDbSpline
210
0.0
220
0.0
230
1.0
 70
    11
 71
     3
 72
    59
 73
    55
 74
     0
 42
0.000000001
 43
0.0000000001
 40
0.0
 40
0.0
 40
0.0
 40
0.0
 40
2.49671003522606
 40
2.49671003522606
 40
2.49671003522606
 40
3.49671003522606
 40
3.49671003522606
 40
3.49671003522606
 40
3.557710035226039
 40
3.557710035226039
 40
3.557710035226039
 40
4.557710035226039
 40
4.557710035226039
 40
4.557710035226039
 40
7.025316365255184
 40
7.025316365255184
 40
7.025316365255184
 40
8.926316365255195
 40
8.926316365255195
 40
8.926316365255195
 40
14.65335757341849
 40
14.65335757341849
 40
14.65335757341849
 40
20.70149811411357
 40
20.70149811411357
 40
20.70149811411357
 40
22.70149811411357
 40
22.70149811411357
 40
22.70149811411357
 40
25.30486593292058
 40
25.30486593292058
 40
25.30486593292058
 40
26.30486593292058
 40
26.30486593292058
 40
26.30486593292058
 40
26.34486593292054
 40
26.34486593292054
 40
26.34486593292054
 40
27.34486593292054
 40
27.34486593292054
 40
27.34486593292054
 40
29.93791915258267
 40
29.93791915258267
 40
29.93791915258267
 40
31.87791915258266
 40
31.87791915258266
 40
31.87791915258266
 40
37.89929474292745
 40
37.89929474292745
 40
37.89929474292745
 40
43.66349460067006
 40
43.66349460067006
 40
43.66349460067006
 40
45.62349460067004
 40
45.62349460067004
 40
45.62349460067004
 40
45.62349460067004
 10
127.8670219444444
 20
382.6330788888888
 30
0.0
 10
128.0294173148147
 20
382.3884862962962
 30
0.0
 10
128.1918126851851
 20
382.1438937037037
 30
0.0
 10
128.3542080555555
 20
381.8993011111111
 30
0.0
 10
128.4808552777778
 20
381.7091538888889
 30
0.0
 10
128.5870413888889
 20
381.532765
 30
0.0
 10
128.6995775
 20
381.3419122222222
 30
0.0
 10
128.7067506481481
 20
381.3419122222222
 30
0.0
 10
128.7139237962963
 20
381.3419122222222
 30
0.0
 10
128.7210969444444
 20
381.3419122222222
 30
0.0
 10
128.8339858333333
 20
381.5465233333334
 30
0.0
 10
128.9465219444444
 20
381.7229122222222
 30
0.0
 10
129.0597636111111
 20
381.9067094444445
 30
0.0
 10
129.219689537037
 20
382.1488325925926
 30
0.0
 10
129.379615462963
 20
382.3909557407407
 30
0.0
 10
129.5395413888889
 20
382.6330788888889
 30
0.0
 10
129.7630849074074
 20
382.6330788888889
 30
0.0
 10
129.9866284259259
 20
382.6330788888889
 30
0.0
 10
130.2101719444444
 20
382.6330788888889
 30
0.0
 10
129.8219987962963
 20
382.0827455555555
 30
0.0
 10
129.4338256481481
 20
381.5324122222221
 30
0.0
 10
129.0456525
 20
380.9820788888889
 30
0.0
 10
129.4454673148148
 20
380.3938807407408
 30
0.0
 10
129.8452821296296
 20
379.8056825925926
 30
0.0
 10
130.2450969444444
 20
379.2174844444444
 30
0.0
 10
130.0099117592592
 20
379.2174844444444
 30
0.0
 10
129.7747265740741
 20
379.2174844444444
 30
0.0
 10
129.5395413888889
 20
379.2174844444444
 30
0.0
 10
129.3725599074074
 20
379.4740714814814
 30
0.0
 10
129.2055784259259
 20
379.7306585185185
 30
0.0
 10
129.0385969444444
 20
379.9872455555555
 30
0.0
 10
128.9041886111111
 20
380.1844483333333
 30
0.0
 10
128.7916525
 20
380.3753011111111
 30
0.0
 10
128.6713552777778
 20
380.5799122222222
 30
0.0
 10
128.6666515740741
 20
380.5799122222222
 30
0.0
 10
128.6619478703704
 20
380.5799122222222
 30
0.0
 10
128.6572441666667
 20
380.5799122222222
 30
0.0
 10
128.5447080555555
 20
380.3753011111111
 30
0.0
 10
128.4244108333333
 20
380.1918566666666
 30
0.0
 10
128.2977636111111
 20
379.9872455555555
 30
0.0
 10
128.1330163888889
 20
379.7306585185185
 30
0.0
 10
127.9682691666666
 20
379.4740714814814
 30
0.0
 10
127.8035219444444
 20
379.2174844444444
 30
0.0
 10
127.5753923148148
 20
379.2174844444444
 30
0.0
 10
127.3472626851852
 20
379.2174844444444
 30
0.0
 10
127.1191330555555
 20
379.2174844444444
 30
0.0
 10
127.5236515740741
 20
379.798627037037
 30
0.0
 10
127.9281700925926
 20
380.3797696296297
 30
0.0
 10
128.3326886111111
 20
380.9609122222222
 30
0.0
 10
127.9469849074074
 20
381.518301111111
 30
0.0
 10
127.5612812037037
 20
382.07569
 30
0.0
 10
127.1755775
 20
382.6330788888889
 30
0.0
 10
127.4060589814815
 20
382.6330788888888
 30
0.0
 10
127.6365404629629
 20
382.6330788888888
 30
0.0
 10
127.8670219444444
 20
382.6330788888888
 30
0.0
  0
SPLINE
  5
16D
330
1F
100
AcDbEntity
  8
DEFAULT
 62
    18
100
AcDbSpline
210
0.0
220
0.0
230
1.0
 70
    11
 71
     3
 72
    47
 73
    43
 74
     0
 42
0.000000001
 43
0.0000000001
 40
8.302000000000007
 40
8.302000000000007
 40
8.302000000000007
 40
8.302000000000007
 40
9.382000000000048
 40
9.382000000000048
 40
9.382000000000048
 40
11.30553840616713
 40
11.30553840616713
 40
11.30553840616713
 40
12.30553840616713
 40
12.30553840616713
 40
12.30553840616713
 40
13.30553840616713
 40
13.30553840616713
 40
13.30553840616713
 40
14.30553840616713
 40
14.30553840616713
 40
14.30553840616713
 40
15.66612651430274
 40
15.66612651430274
 40
15.66612651430274
 40
16.66612651430274
 40
16.66612651430274
 40
16.66612651430274
 40
17.66612651430274
 40
17.66612651430274
 40
17.66612651430274
 40
18.66612651430274
 40
18.66612651430274
 40
18.66612651430274
 40
20.08288408001398
 40
20.08288408001398
 40
20.08288408001398
 40
20.12388408001403
 40
20.12388408001403
 40
20.12388408001403
 40
25.96588408001404
 40
25.96588408001404
 40
25.96588408001404
 40
27.42488408001399
 40
27.42488408001399
 40
27.42488408001399
 40
35.726884080014
 40
35.726884080014
 40
35.726884080014
 40
35.726884080014
 10
45.03522305555556
 20
345.4136122222222
 30
0.0
 10
45.03522305555556
 20
345.5406122222221
 30
0.0
 10
45.03522305555556
 20
345.6676122222222
 30
0.0
 10
45.03522305555556
 20
345.7946122222222
 30
0.0
 10
45.19750083333333
 20
345.9521862962962
 30
0.0
 10
45.35977861111112
 20
346.1097603703703
 30
0.0
 10
45.52205638888889
 20
346.2673344444444
 30
0.0
 10
46.69363138888889
 20
347.3821122222222
 30
0.0
 10
47.22279805555556
 20
347.9754844444444
 30
0.0
 10
47.2298536111111
 20
348.6665761111111
 30
0.0
 10
47.2298536111111
 20
349.1322427777777
 30
0.0
 10
47.00407583333333
 20
349.5629844444444
 30
0.0
 10
46.31968694444444
 20
349.5629844444444
 30
0.0
 10
45.90305638888888
 20
349.5629844444444
 30
0.0
 10
45.55733416666666
 20
349.3513177777778
 30
0.0
 10
45.3456675
 20
349.1749288888889
 30
0.0
 10
45.27981564814814
 20
349.3207437037037
 30
0.0
 10
45.2139637962963
 20
349.4665585185185
 30
0.0
 10
45.14811194444444
 20
349.6123733333333
 30
0.0
 10
45.46561194444445
 20
349.8804844444444
 30
0.0
 10
45.91716750000001
 20
350.0783927777777
 30
0.0
 10
46.44668694444444
 20
350.0783927777777
 30
0.0
 10
47.43446472222222
 20
350.0783927777777
 30
0.0
 10
47.8507425
 20
349.4010594444444
 30
0.0
 10
47.8507425
 20
348.7441872222222
 30
0.0
 10
47.8507425
 20
347.8975205555555
 30
0.0
 10
47.23690916666666
 20
347.2134844444444
 30
0.0
 10
46.27029805555555
 20
346.2817983333333
 30
0.0
 10
46.14788416666666
 20
346.1687918518518
 30
0.0
 10
46.02547027777778
 20
346.0557853703704
 30
0.0
 10
45.90305638888888
 20
345.9427788888888
 30
0.0
 10
45.90305638888888
 20
345.9379575925925
 30
0.0
 10
45.90305638888888
 20
345.9331362962962
 30
0.0
 10
45.90305638888888
 20
345.9283149999999
 30
0.0
 10
46.59003231481481
 20
345.9283149999999
 30
0.0
 10
47.27700824074073
 20
345.9283149999999
 30
0.0
 10
47.96398416666666
 20
345.9283149999999
 30
0.0
 10
47.96398416666667
 20
345.7567474074074
 30
0.0
 10
47.96398416666667
 20
345.5851798148148
 30
0.0
 10
47.96398416666666
 20
345.4136122222222
 30
0.0
 10
46.98773046296296
 20
345.4136122222222
 30
0.0
 10
46.01147675925927
 20
345.4136122222222
 30
0.0
 10
45.03522305555556
 20
345.4136122222222
 30
0.0
  0
SPLINE
  5
16E
330
1F
100
AcDbEntity
  8
DEFAULT
 62
    18
100
AcDbSpline
210
0.0
220
0.0
230
1.0
 70
    11
 71
     3
 72
    59
 73
    55
 74
     0
 42
0.000000001
 43
0.0000000001
 40
0.0
 40
0.0
 40
0.0
 40
0.0
 40
2.496710035226313
 40
2.496710035226313
 40
2.496710035226313
 40
3.496710035226313
 40
3.496710035226313
 40
3.496710035226313
 40
3.55771003522632
 40
3.55771003522632
 40
3.55771003522632
 40
4.55771003522632
 40
4.55771003522632
 40
4.55771003522632
 40
7.026985435014716
 40
7.026985435014716
 40
7.026985435014716
 40
8.927985435014712
 40
8.927985435014712
 40
8.927985435014712
 40
14.65666111094542
 40
14.65666111094542
 40
14.65666111094542
 40
20.70314769407781
 40
20.70314769407781
 40
20.70314769407781
 40
22.70314769407781
 40
22.70314769407781
 40
22.70314769407781
 40
25.30483945137734
 40
25.30483945137734
 40
25.30483945137734
 40
26.30483945137734
 40
26.30483945137734
 40
26.30483945137734
 40
26.34483945137734
 40
26.34483945137734
 40
26.34483945137734
 40
27.34483945137734
 40
27.34483945137734
 40
27.34483945137734
 40
29.93620993820479
 40
29.93620993820479
 40
29.93620993820479
 40
31.87620993820478
 40
31.87620993820478
 40
31.87620993820478
 40
37.89758552854958
 40
37.89758552854958
 40
37.89758552854958
 40
43.66178538629219
 40
43.66178538629219
 40
43.66178538629219
 40
45.62178538629219
 40
45.62178538629219
 40
45.62178538629219
 40
45.62178538629219
 10
42.25536944444448
 20
348.8290655555555
 30
0.0
 10
42.41776481481485
 20
348.584472962963
 30
0.0
 10
42.58016018518523
 20
348.3398803703703
 30
0.0
 10
42.7425555555556
 20
348.0952877777778
 30
0.0
 10
42.86920277777777
 20
347.904435
 30
0.0
 10
42.97538888888888
 20
347.728046111111
 30
0.0
 10
43.08792499999999
 20
347.5378988888888
 30
0.0
 10
43.09509814814814
 20
347.5378988888888
 30
0.0
 10
43.10227129629629
 20
347.5378988888888
 30
0.0
 10
43.10944444444444
 20
347.5378988888888
 30
0.0
 10
43.22233333333333
 20
347.7425099999999
 30
0.0
 10
43.33522222222222
 20
347.9188988888888
 30
0.0
 10
43.4481111111111
 20
348.1019905555555
 30
0.0
 10
43.60803703703703
 20
348.3443488888888
 30
0.0
 10
43.76796296296295
 20
348.5867072222222
 30
0.0
 10
43.92788888888888
 20
348.8290655555555
 30
0.0
 10
44.15143240740739
 20
348.8290655555555
 30
0.0
 10
44.37497592592592
 20
348.8290655555555
 30
0.0
 10
44.59851944444443
 20
348.8290655555555
 30
0.0
 10
44.21034629629629
 20
348.278497037037
 30
0.0
 10
43.82217314814815
 20
347.7279285185185
 30
0.0
 10
43.43399999999999
 20
347.17736
 30
0.0
 10
43.83381481481481
 20
346.589397037037
 30
0.0
 10
44.23362962962963
 20
346.001434074074
 30
0.0
 10
44.63344444444444
 20
345.4134711111111
 30
0.0
 10
44.39825925925925
 20
345.4134711111111
 30
0.0
 10
44.16307407407407
 20
345.4134711111111
 30
0.0
 10
43.92788888888888
 20
345.4134711111111
 30
0.0
 10
43.76090740740739
 20
345.6698229629629
 30
0.0
 10
43.59392592592592
 20
345.9261748148148
 30
0.0
 10
43.42694444444444
 20
346.1825266666667
 30
0.0
 10
43.2925361111111
 20
346.3804349999999
 30
0.0
 10
43.17999999999999
 20
346.5705822222222
 30
0.0
 10
43.05970277777777
 20
346.7751933333333
 30
0.0
 10
43.05499907407407
 20
346.7751933333332
 30
0.0
 10
43.05029537037037
 20
346.7751933333332
 30
0.0
 10
43.04559166666666
 20
346.7751933333333
 30
0.0
 10
42.93305555555555
 20
346.5705822222222
 30
0.0
 10
42.81275833333333
 20
346.3871377777777
 30
0.0
 10
42.68611111111111
 20
346.1825266666667
 30
0.0
 10
42.52136388888889
 20
345.9261748148148
 30
0.0
 10
42.35661666666666
 20
345.669822962963
 30
0.0
 10
42.19186944444444
 20
345.4134711111111
 30
0.0
 10
41.96373981481481
 20
345.4134711111111
 30
0.0
 10
41.73561018518517
 20
345.4134711111111
 30
0.0
 10
41.50748055555555
 20
345.4134711111111
 30
0.0
 10
41.91199907407407
 20
345.9946137037036
 30
0.0
 10
42.31651759259258
 20
346.5757562962963
 30
0.0
 10
42.7210361111111
 20
347.1568988888889
 30
0.0
 10
42.3353324074074
 20
347.7142877777778
 30
0.0
 10
41.9496287037037
 20
348.2716766666666
 30
0.0
 10
41.563925
 20
348.8290655555555
 30
0.0
 10
41.7944064814815
 20
348.8290655555555
 30
0.0
 10
42.02488796296299
 20
348.8290655555555
 30
0.0
 10
42.25536944444448
 20
348.8290655555555
 30
0.0
  0
POLYLINE
  5
16F
330
1F
100
AcDbEntity
  8
DEFAULT
 62
    18
100
AcDb2dPolyline
 66
     1
 10
0.0
 20
0.0
 30
0.0
 70
     1
  0
VERTEX
  5
170
330
16F
100
AcDbEntity
  8
DEFAULT
 62
    18
100
AcDbVertex
100
AcDb2dVertex
 10
381.5045780555555
 20
285.2060872222222
 30
0.0
  0
VERTEX
  5
171
330
16F
100
AcDbEntity
  8
DEFAULT
 62
    18
100
AcDbVertex
100
AcDb2dVertex
 10
381.4904669444444
 20
285.2060872222222
 30
0.0
  0
VERTEX
  5
172
330
16F
100
AcDbEntity
  8
DEFAULT
 62
    18
100
AcDbVertex
100
AcDb2dVertex
 10
380.6931891666666
 20
284.7756983333333
 30
0.0
  0
VERTEX
  5
173
330
16F
100
AcDbEntity
  8
DEFAULT
 62
    18
100
AcDbVertex
100
AcDb2dVertex
 10
380.5728919444444
 20
285.2484205555555
 30
0.0
  0
VERTEX
  5
174
330
16F
100
AcDbEntity
  8
DEFAULT
 62
    18
100
AcDbVertex
100
AcDb2dVertex
 10
381.5751336111111
 20
285.7849955555556
 30
0.0
  0
VERTEX
  5
175
330
16F
100
AcDbEntity
  8
DEFAULT
 62
    18
100
AcDbVertex
100
AcDb2dVertex
 10
382.1043002777778
 20
285.7849955555556
 30
0.0
  0
VERTEX
  5
176
330
16F
100
AcDbEntity
  8
DEFAULT
 62
    18
100
AcDbVertex
100
AcDb2dVertex
 10
382.1043002777778
 20
281.1978261111111
 30
0.0
  0
VERTEX
  5
177
330
16F
100
AcDbEntity
  8
DEFAULT
 62
    18
100
AcDbVertex
100
AcDb2dVertex
 10
381.5045780555555
 20
281.1978261111111
 30
0.0
  0
SEQEND
  5
178
330
16F
100
AcDbEntity
  8
DEFAULT
 62
    18
  0
SPLINE
  5
179
330
1F
100
AcDbEntity
  8
DEFAULT
 62
    18
100
AcDbSpline
210
0.0
220
0.0
230
1.0
 70
    11
 71
     3
 72
    59
 73
    55
 74
     0
 42
0.000000001
 43
0.0000000001
 40
0.0
 40
0.0
 40
0.0
 40
0.0
 40
2.49671003522666
 40
2.49671003522666
 40
2.49671003522666
 40
3.49671003522666
 40
3.49671003522666
 40
3.49671003522666
 40
3.557710035226809
 40
3.557710035226809
 40
3.557710035226809
 40
4.557710035226808
 40
4.557710035226808
 40
4.557710035226808
 40
7.026150838648981
 40
7.026150838648981
 40
7.026150838648981
 40
8.927150838649048
 40
8.927150838649048
 40
8.927150838649048
 40
14.65500925170374
 40
14.65500925170374
 40
14.65500925170374
 40
20.70232278748146
 40
20.70232278748146
 40
20.70232278748146
 40
22.70232278748146
 40
22.70232278748146
 40
22.70232278748146
 40
25.30485251833957
 40
25.30485251833957
 40
25.30485251833957
 40
26.30485251833957
 40
26.30485251833957
 40
26.30485251833957
 40
26.34485251833953
 40
26.34485251833953
 40
26.34485251833953
 40
27.34485251833953
 40
27.34485251833953
 40
27.34485251833953
 40
29.937064315242
 40
29.937064315242
 40
29.937064315242
 40
31.87706431524183
 40
31.87706431524183
 40
31.87706431524183
 40
37.89843990558652
 40
37.89843990558652
 40
37.89843990558652
 40
43.66263976332913
 40
43.66263976332913
 40
43.66263976332913
 40
45.62263976332917
 40
45.62263976332917
 40
45.62263976332917
 40
45.62263976332917
 10
377.3770074999998
 20
284.6131736111111
 30
0.0
 10
377.5394028703702
 20
284.3685810185185
 30
0.0
 10
377.7017982407406
 20
284.1239884259258
 30
0.0
 10
377.864193611111
 20
283.8793958333332
 30
0.0
 10
377.9908408333333
 20
283.6888958333333
 30
0.0
 10
378.0970269444444
 20
283.5125069444445
 30
0.0
 10
378.2095630555555
 20
283.3220069444445
 30
0.0
 10
378.2167362037036
 20
283.3220069444445
 30
0.0
 10
378.2239093518518
 20
283.3220069444445
 30
0.0
 10
378.2310825
 20
283.3220069444445
 30
0.0
 10
378.3439713888889
 20
283.5266180555555
 30
0.0
 10
378.4568602777777
 20
283.7030069444444
 30
0.0
 10
378.5697491666667
 20
283.8864513888889
 30
0.0
 10
378.7296750925926
 20
284.1286921296296
 30
0.0
 10
378.8896010185185
 20
284.3709328703703
 30
0.0
 10
379.0495269444444
 20
284.6131736111111
 30
0.0
 10
379.2730704629629
 20
284.6131736111111
 30
0.0
 10
379.4966139814815
 20
284.6131736111111
 30
0.0
 10
379.7201575
 20
284.6131736111111
 30
0.0
 10
379.3319843518518
 20
284.0627226851852
 30
0.0
 10
378.9438112037037
 20
283.5122717592592
 30
0.0
 10
378.5556380555555
 20
282.9618208333333
 30
0.0
 10
378.9554528703704
 20
282.3737402777778
 30
0.0
 10
379.3552676851852
 20
281.7856597222222
 30
0.0
 10
379.7550825
 20
281.1975791666666
 30
0.0
 10
379.5198973148147
 20
281.1975791666666
 30
0.0
 10
379.2847121296296
 20
281.1975791666666
 30
0.0
 10
379.0495269444444
 20
281.1975791666666
 30
0.0
 10
378.8825454629629
 20
281.4540486111111
 30
0.0
 10
378.7155639814814
 20
281.7105180555556
 30
0.0
 10
378.5485825
 20
281.9669875
 30
0.0
 10
378.4145269444444
 20
282.1645430555556
 30
0.0
 10
378.3016380555555
 20
282.3550430555555
 30
0.0
 10
378.1813408333333
 20
282.5596541666666
 30
0.0
 10
378.1766371296296
 20
282.5596541666666
 30
0.0
 10
378.1719334259259
 20
282.5596541666666
 30
0.0
 10
378.1672297222222
 20
282.5596541666666
 30
0.0
 10
378.0546936111111
 20
282.3550430555555
 30
0.0
 10
377.9343963888888
 20
282.1715986111111
 30
0.0
 10
377.8077491666666
 20
281.9669875
 30
0.0
 10
377.6430019444444
 20
281.7105180555555
 30
0.0
 10
377.4782547222221
 20
281.4540486111111
 30
0.0
 10
377.3135075
 20
281.1975791666666
 30
0.0
 10
377.0853778703703
 20
281.1975791666666
 30
0.0
 10
376.8572482407407
 20
281.1975791666666
 30
0.0
 10
376.6291186111111
 20
281.1975791666666
 30
0.0
 10
377.0336371296296
 20
281.7787217592592
 30
0.0
 10
377.438155648148
 20
282.3598643518519
 30
0.0
 10
377.8426741666666
 20
282.9410069444444
 30
0.0
 10
377.4569704629628
 20
283.4983958333333
 30
0.0
 10
377.0712667592591
 20
284.0557847222223
 30
0.0
 10
376.6855630555555
 20
284.6131736111111
 30
0.0
 10
376.916044537037
 20
284.6131736111111
 30
0.0
 10
377.1465260185184
 20
284.6131736111111
 30
0.0
 10
377.3770074999998
 20
284.6131736111111
 30
0.0
  0
SPLINE
  5
17A
330
1F
100
AcDbEntity
  8
DEFAULT
 62
    18
100
AcDbSpline
210
0.0
220
0.0
230
1.0
 70
    11
 71
     3
 72
    47
 73
    43
 74
     0
 42
0.000000001
 43
0.0000000001
 40
8.301999999999907
 40
8.301999999999907
 40
8.301999999999907
 40
8.301999999999907
 40
9.381999999999948
 40
9.381999999999948
 40
9.381999999999948
 40
11.3062351727375
 40
11.3062351727375
 40
11.3062351727375
 40
12.3062351727375
 40
12.3062351727375
 40
12.3062351727375
 40
13.3062351727375
 40
13.3062351727375
 40
13.3062351727375
 40
14.3062351727375
 40
14.3062351727375
 40
14.3062351727375
 40
15.66682328087318
 40
15.66682328087318
 40
15.66682328087318
 40
16.66682328087317
 40
16.66682328087317
 40
16.66682328087317
 40
17.66682328087317
 40
17.66682328087317
 40
17.66682328087317
 40
18.66682328087317
 40
18.66682328087317
 40
18.66682328087317
 40
20.08358084658436
 40
20.08358084658436
 40
20.08358084658436
 40
20.12358084658433
 40
20.12358084658433
 40
20.12358084658433
 40
25.9655808465842
 40
25.9655808465842
 40
25.9655808465842
 40
27.42558084658424
 40
27.42558084658424
 40
27.42558084658424
 40
35.72758084658415
 40
35.72758084658415
 40
35.72758084658415
 40
35.72758084658415
 10
397.0829625
 20
333.8935480555555
 30
0.0
 10
397.0829625
 20
334.0205480555555
 30
0.0
 10
397.0829625
 20
334.1475480555555
 30
0.0
 10
397.0829625
 20
334.2745480555556
 30
0.0
 10
397.2452402777778
 20
334.4322397222222
 30
0.0
 10
397.4075180555556
 20
334.5899313888889
 30
0.0
 10
397.5697958333333
 20
334.7476230555556
 30
0.0
 10
398.7413708333333
 20
335.8624008333333
 30
0.0
 10
399.2705375
 20
336.4554202777778
 30
0.0
 10
399.2775930555555
 20
337.1468647222222
 30
0.0
 10
399.2775930555555
 20
337.6125313888889
 30
0.0
 10
399.0518152777777
 20
338.0432730555556
 30
0.0
 10
398.3674263888889
 20
338.0432730555556
 30
0.0
 10
397.9507958333333
 20
338.0432730555556
 30
0.0
 10
397.6050736111111
 20
337.8312536111111
 30
0.0
 10
397.3934069444445
 20
337.6548647222222
 30
0.0
 10
397.3275550925926
 20
337.8006795370371
 30
0.0
 10
397.2617032407407
 20
337.9464943518519
 30
0.0
 10
397.1958513888889
 20
338.0923091666667
 30
0.0
 10
397.5133513888889
 20
338.3607730555556
 30
0.0
 10
397.9649069444444
 20
338.5583286111111
 30
0.0
 10
398.4944263888889
 20
338.5583286111111
 30
0.0
 10
399.4822041666666
 20
338.5583286111111
 30
0.0
 10
399.8988347222222
 20
337.8809952777777
 30
0.0
 10
399.8988347222222
 20
337.2244758333333
 30
0.0
 10
399.8988347222222
 20
336.3778091666667
 30
0.0
 10
399.2846486111111
 20
335.6934202777778
 30
0.0
 10
398.3180374999999
 20
334.7617341666667
 30
0.0
 10
398.1956236111111
 20
334.6487276851852
 30
0.0
 10
398.0732097222221
 20
334.5357212037037
 30
0.0
 10
397.9507958333333
 20
334.4227147222222
 30
0.0
 10
397.9507958333333
 20
334.4180110185185
 30
0.0
 10
397.9507958333333
 20
334.4133073148148
 30
0.0
 10
397.9507958333333
 20
334.4086036111111
 30
0.0
 10
398.6377717592592
 20
334.4086036111111
 30
0.0
 10
399.3247476851851
 20
334.4086036111111
 30
0.0
 10
400.0117236111111
 20
334.4086036111111
 30
0.0
 10
400.0117236111111
 20
334.2369184259259
 30
0.0
 10
400.0117236111111
 20
334.0652332407407
 30
0.0
 10
400.0117236111111
 20
333.8935480555555
 30
0.0
 10
399.0354699074073
 20
333.8935480555555
 30
0.0
 10
398.0592162037037
 20
333.8935480555555
 30
0.0
 10
397.0829625
 20
333.8935480555555
 30
0.0
  0
SPLINE
  5
17B
330
1F
100
AcDbEntity
  8
DEFAULT
 62
    18
100
AcDbSpline
210
0.0
220
0.0
230
1.0
 70
    11
 71
     3
 72
    59
 73
    55
 74
     0
 42
0.000000001
 43
0.0000000001
 40
0.0
 40
0.0
 40
0.0
 40
0.0
 40
2.496710035226439
 40
2.496710035226439
 40
2.496710035226439
 40
3.496710035226439
 40
3.496710035226439
 40
3.496710035226439
 40
3.557710035226588
 40
3.557710035226588
 40
3.557710035226588
 40
4.557710035226588
 40
4.557710035226588
 40
4.557710035226588
 40
7.026150838648761
 40
7.026150838648761
 40
7.026150838648761
 40
8.927150838648828
 40
8.927150838648828
 40
8.927150838648828
 40
14.65500925170352
 40
14.65500925170352
 40
14.65500925170352
 40
20.70232278748124
 40
20.70232278748124
 40
20.70232278748124
 40
22.70232278748124
 40
22.70232278748124
 40
22.70232278748124
 40
25.30485251833935
 40
25.30485251833935
 40
25.30485251833935
 40
26.30485251833935
 40
26.30485251833935
 40
26.30485251833935
 40
26.34485251833931
 40
26.34485251833931
 40
26.34485251833931
 40
27.34485251833931
 40
27.34485251833931
 40
27.34485251833931
 40
29.93706431524178
 40
29.93706431524178
 40
29.93706431524178
 40
31.87706431524161
 40
31.87706431524161
 40
31.87706431524161
 40
37.8984399055863
 40
37.8984399055863
 40
37.8984399055863
 40
43.66263976332891
 40
43.66263976332891
 40
43.66263976332891
 40
45.62263976332895
 40
45.62263976332895
 40
45.62263976332895
 40
45.62263976332895
 10
394.3031088888887
 20
337.3090013888888
 30
0.0
 10
394.465504259259
 20
337.0644087962962
 30
0.0
 10
394.6278996296294
 20
336.8198162037036
 30
0.0
 10
394.7902949999998
 20
336.575223611111
 30
0.0
 10
394.9169422222221
 20
336.3847236111111
 30
0.0
 10
395.0231283333333
 20
336.2083347222222
 30
0.0
 10
395.1356644444443
 20
336.0178347222222
 30
0.0
 10
395.1428375925925
 20
336.0178347222222
 30
0.0
 10
395.1500107407407
 20
336.0178347222222
 30
0.0
 10
395.1571838888888
 20
336.0178347222222
 30
0.0
 10
395.2700727777777
 20
336.2224458333333
 30
0.0
 10
395.3829616666666
 20
336.3988347222222
 30
0.0
 10
395.4958505555555
 20
336.5822791666667
 30
0.0
 10
395.6557764814814
 20
336.8245199074074
 30
0.0
 10
395.8157024074073
 20
337.0667606481481
 30
0.0
 10
395.9756283333332
 20
337.3090013888889
 30
0.0
 10
396.1991718518518
 20
337.3090013888889
 30
0.0
 10
396.4227153703703
 20
337.3090013888889
 30
0.0
 10
396.6462588888888
 20
337.3090013888889
 30
0.0
 10
396.2580857407406
 20
336.7585504629629
 30
0.0
 10
395.8699125925925
 20
336.208099537037
 30
0.0
 10
395.4817394444443
 20
335.6576486111111
 30
0.0
 10
395.8815542592591
 20
335.0695680555555
 30
0.0
 10
396.2813690740739
 20
334.4814875
 30
0.0
 10
396.6811838888888
 20
333.8934069444445
 30
0.0
 10
396.4459987037037
 20
333.8934069444445
 30
0.0
 10
396.2108135185184
 20
333.8934069444445
 30
0.0
 10
395.9756283333332
 20
333.8934069444445
 30
0.0
 10
395.8086468518518
 20
334.1498763888889
 30
0.0
 10
395.6416653703703
 20
334.4063458333333
 30
0.0
 10
395.4746838888888
 20
334.6628152777778
 30
0.0
 10
395.3406283333333
 20
334.8603708333333
 30
0.0
 10
395.2277394444444
 20
335.0508708333334
 30
0.0
 10
395.1074422222221
 20
335.2554819444444
 30
0.0
 10
395.1027385185184
 20
335.2554819444444
 30
0.0
 10
395.0980348148148
 20
335.2554819444444
 30
0.0
 10
395.0933311111111
 20
335.2554819444444
 30
0.0
 10
394.9807949999999
 20
335.0508708333334
 30
0.0
 10
394.8604977777777
 20
334.8674263888889
 30
0.0
 10
394.7338505555555
 20
334.6628152777778
 30
0.0
 10
394.5691033333333
 20
334.4063458333333
 30
0.0
 10
394.4043561111111
 20
334.1498763888889
 30
0.0
 10
394.2396088888888
 20
333.8934069444445
 30
0.0
 10
394.0114792592592
 20
333.8934069444445
 30
0.0
 10
393.7833496296296
 20
333.8934069444445
 30
0.0
 10
393.55522
 20
333.8934069444445
 30
0.0
 10
393.9597385185185
 20
334.474549537037
 30
0.0
 10
394.364257037037
 20
335.0556921296296
 30
0.0
 10
394.7687755555555
 20
335.6368347222222
 30
0.0
 10
394.3830718518518
 20
336.1942236111111
 30
0.0
 10
393.9973681481481
 20
336.7516125
 30
0.0
 10
393.6116644444444
 20
337.3090013888889
 30
0.0
 10
393.8421459259259
 20
337.3090013888888
 30
0.0
 10
394.0726274074073
 20
337.3090013888888
 30
0.0
 10
394.3031088888887
 20
337.3090013888888
 30
0.0
  0
SPLINE
  5
17C
330
1F
100
AcDbEntity
  8
DEFAULT
 62
    18
100
AcDbSpline
210
0.0
220
0.0
230
1.0
 70
    11
 71
     3
 72
    47
 73
    43
 74
     0
 42
0.000000001
 43
0.0000000001
 40
8.301999999999907
 40
8.301999999999907
 40
8.301999999999907
 40
8.301999999999907
 40
9.381999999999948
 40
9.381999999999948
 40
9.381999999999948
 40
11.3062351727375
 40
11.3062351727375
 40
11.3062351727375
 40
12.3062351727375
 40
12.3062351727375
 40
12.3062351727375
 40
13.3062351727375
 40
13.3062351727375
 40
13.3062351727375
 40
14.3062351727375
 40
14.3062351727375
 40
14.3062351727375
 40
15.66682328087318
 40
15.66682328087318
 40
15.66682328087318
 40
16.66682328087317
 40
16.66682328087317
 40
16.66682328087317
 40
17.66682328087317
 40
17.66682328087317
 40
17.66682328087317
 40
18.66682328087317
 40
18.66682328087317
 40
18.66682328087317
 40
20.08358084658436
 40
20.08358084658436
 40
20.08358084658436
 40
20.12358084658433
 40
20.12358084658433
 40
20.12358084658433
 40
25.9655808465842
 40
25.9655808465842
 40
25.9655808465842
 40
27.42558084658424
 40
27.42558084658424
 40
27.42558084658424
 40
35.72758084658415
 40
35.72758084658415
 40
35.72758084658415
 40
35.72758084658415
 10
392.0683322222222
 20
232.1019897222222
 30
0.0
 10
392.0683322222222
 20
232.2289897222222
 30
0.0
 10
392.0683322222222
 20
232.3559897222222
 30
0.0
 10
392.0683322222222
 20
232.4829897222222
 30
0.0
 10
392.23061
 20
232.6406813888889
 30
0.0
 10
392.3928877777778
 20
232.7983730555556
 30
0.0
 10
392.5551655555556
 20
232.9560647222222
 30
0.0
 10
393.7267405555555
 20
234.0708425
 30
0.0
 10
394.2559072222222
 20
234.6638619444444
 30
0.0
 10
394.2629627777778
 20
235.3553063888889
 30
0.0
 10
394.2629627777778
 20
235.8209730555556
 30
0.0
 10
394.037185
 20
236.2517147222222
 30
0.0
 10
393.3527961111111
 20
236.2517147222222
 30
0.0
 10
392.9361655555555
 20
236.2517147222222
 30
0.0
 10
392.5904433333333
 20
236.0396952777778
 30
0.0
 10
392.3787766666667
 20
235.8633063888889
 30
0.0
 10
392.3129248148148
 20
236.0091212037037
 30
0.0
 10
392.2470729629629
 20
236.1549360185186
 30
0.0
 10
392.1812211111111
 20
236.3007508333334
 30
0.0
 10
392.4987211111111
 20
236.5692147222222
 30
0.0
 10
392.9502766666666
 20
236.7667702777778
 30
0.0
 10
393.4797961111111
 20
236.7667702777778
 30
0.0
 10
394.4675738888889
 20
236.7667702777778
 30
0.0
 10
394.8838516666667
 20
236.0894369444444
 30
0.0
 10
394.8838516666667
 20
235.4329175
 30
0.0
 10
394.8838516666667
 20
234.5862508333333
 30
0.0
 10
394.2700183333333
 20
233.9018619444444
 30
0.0
 10
393.3034072222222
 20
232.9701758333333
 30
0.0
 10
393.1809933333333
 20
232.8571693518519
 30
0.0
 10
393.0585794444444
 20
232.7441628703704
 30
0.0
 10
392.9361655555555
 20
232.6311563888889
 30
0.0
 10
392.9361655555555
 20
232.6264526851852
 30
0.0
 10
392.9361655555555
 20
232.6217489814815
 30
0.0
 10
392.9361655555555
 20
232.6170452777778
 30
0.0
 10
393.6231414814815
 20
232.6170452777777
 30
0.0
 10
394.3101174074074
 20
232.6170452777777
 30
0.0
 10
394.9970933333333
 20
232.6170452777778
 30
0.0
 10
394.9970933333332
 20
232.4453600925926
 30
0.0
 10
394.9970933333332
 20
232.2736749074074
 30
0.0
 10
394.9970933333333
 20
232.1019897222222
 30
0.0
 10
394.0208396296296
 20
232.1019897222222
 30
0.0
 10
393.0445859259259
 20
232.1019897222222
 30
0.0
 10
392.0683322222222
 20
232.1019897222222
 30
0.0
  0
SPLINE
  5
17D
330
1F
100
AcDbEntity
  8
DEFAULT
 62
    18
100
AcDbSpline
210
0.0
220
0.0
230
1.0
 70
    11
 71
     3
 72
    59
 73
    55
 74
     0
 42
0.000000001
 43
0.0000000001
 40
0.0
 40
0.0
 40
0.0
 40
0.0
 40
2.496710035226344
 40
2.496710035226344
 40
2.496710035226344
 40
3.496710035226344
 40
3.496710035226344
 40
3.496710035226344
 40
3.557710035226493
 40
3.557710035226493
 40
3.557710035226493
 40
4.557710035226494
 40
4.557710035226494
 40
4.557710035226494
 40
7.026150838648666
 40
7.026150838648666
 40
7.026150838648666
 40
8.927150838648734
 40
8.927150838648734
 40
8.927150838648734
 40
14.65500925170343
 40
14.65500925170343
 40
14.65500925170343
 40
20.70232278748114
 40
20.70232278748114
 40
20.70232278748114
 40
22.70232278748114
 40
22.70232278748114
 40
22.70232278748114
 40
25.30485251833925
 40
25.30485251833925
 40
25.30485251833925
 40
26.30485251833925
 40
26.30485251833925
 40
26.30485251833925
 40
26.34485251833922
 40
26.34485251833922
 40
26.34485251833922
 40
27.34485251833922
 40
27.34485251833922
 40
27.34485251833922
 40
29.93706431524169
 40
29.93706431524169
 40
29.93706431524169
 40
31.87706431524152
 40
31.87706431524152
 40
31.87706431524152
 40
37.89843990558621
 40
37.89843990558621
 40
37.89843990558621
 40
43.66263976332882
 40
43.66263976332882
 40
43.66263976332882
 40
45.62263976332886
 40
45.62263976332886
 40
45.62263976332886
 40
45.62263976332886
 10
389.2884433333332
 20
235.5174783333332
 30
0.0
 10
389.4508387037035
 20
235.2728857407407
 30
0.0
 10
389.6132340740739
 20
235.0282931481481
 30
0.0
 10
389.7756294444443
 20
234.7837005555555
 30
0.0
 10
389.9022766666666
 20
234.5932005555555
 30
0.0
 10
390.0084627777777
 20
234.4168116666667
 30
0.0
 10
390.1209988888888
 20
234.2263116666667
 30
0.0
 10
390.1281720370369
 20
234.2263116666667
 30
0.0
 10
390.1353451851851
 20
234.2263116666667
 30
0.0
 10
390.1425183333333
 20
234.2263116666667
 30
0.0
 10
390.2554072222222
 20
234.4309227777777
 30
0.0
 10
390.368296111111
 20
234.6073116666666
 30
0.0
 10
390.481185
 20
234.7907561111111
 30
0.0
 10
390.6411109259259
 20
235.0329968518519
 30
0.0
 10
390.8010368518518
 20
235.2752375925926
 30
0.0
 10
390.9609627777777
 20
235.5174783333333
 30
0.0
 10
391.1845062962962
 20
235.5174783333333
 30
0.0
 10
391.4080498148148
 20
235.5174783333333
 30
0.0
 10
391.6315933333333
 20
235.5174783333333
 30
0.0
 10
391.2434201851851
 20
234.9670274074074
 30
0.0
 10
390.8552470370369
 20
234.4165764814815
 30
0.0
 10
390.4670738888888
 20
233.8661255555555
 30
0.0
 10
390.8668887037036
 20
233.278045
 30
0.0
 10
391.2667035185185
 20
232.6899644444444
 30
0.0
 10
391.6665183333333
 20
232.1018838888889
 30
0.0
 10
391.431333148148
 20
232.1018838888889
 30
0.0
 10
391.1961479629629
 20
232.1018838888889
 30
0.0
 10
390.9609627777777
 20
232.1018838888889
 30
0.0
 10
390.7939812962962
 20
232.3583533333333
 30
0.0
 10
390.6269998148147
 20
232.6148227777778
 30
0.0
 10
390.4600183333333
 20
232.8712922222222
 30
0.0
 10
390.32561
 20
233.0688477777778
 30
0.0
 10
390.2130738888889
 20
233.2593477777778
 30
0.0
 10
390.0927766666666
 20
233.4639588888889
 30
0.0
 10
390.0880729629629
 20
233.4639588888889
 30
0.0
 10
390.0833692592592
 20
233.4639588888889
 30
0.0
 10
390.0786655555555
 20
233.4639588888889
 30
0.0
 10
389.9661294444444
 20
233.2593477777778
 30
0.0
 10
389.8458322222222
 20
233.0759033333333
 30
0.0
 10
389.7191849999999
 20
232.8712922222222
 30
0.0
 10
389.5544377777777
 20
232.6148227777778
 30
0.0
 10
389.3896905555555
 20
232.3583533333333
 30
0.0
 10
389.2249433333333
 20
232.1018838888889
 30
0.0
 10
388.9968137037037
 20
232.1018838888889
 30
0.0
 10
388.7686840740741
 20
232.1018838888889
 30
0.0
 10
388.5405544444444
 20
232.1018838888889
 30
0.0
 10
388.945072962963
 20
232.6830264814814
 30
0.0
 10
389.3495914814815
 20
233.2641690740741
 30
0.0
 10
389.7541099999999
 20
233.8453116666666
 30
0.0
 10
389.3684062962962
 20
234.4027005555555
 30
0.0
 10
388.9827025925926
 20
234.9600894444444
 30
0.0
 10
388.5969988888888
 20
235.5174783333333
 30
0.0
 10
388.8274803703703
 20
235.5174783333333
 30
0.0
 10
389.0579618518518
 20
235.5174783333333
 30
0.0
 10
389.2884433333332
 20
235.5174783333332
 30
0.0
  0
SPLINE
  5
17E
330
1F
100
AcDbEntity
  8
DEFAULT
 62
    18
100
AcDbSpline
210
0.0
220
0.0
230
1.0
 70
    11
 71
     3
 72
    47
 73
    43
 74
     0
 42
0.000000001
 43
0.0000000001
 40
8.302000000000021
 40
8.302000000000021
 40
8.302000000000021
 40
8.302000000000021
 40
9.382000000000062
 40
9.382000000000062
 40
9.382000000000062
 40
11.3069322065985
 40
11.3069322065985
 40
11.3069322065985
 40
12.3069322065985
 40
12.3069322065985
 40
12.3069322065985
 40
13.3069322065985
 40
13.3069322065985
 40
13.3069322065985
 40
14.3069322065985
 40
14.3069322065985
 40
14.3069322065985
 40
15.66752031473409
 40
15.66752031473409
 40
15.66752031473409
 40
16.66752031473408
 40
16.66752031473408
 40
16.66752031473408
 40
17.66752031473408
 40
17.66752031473408
 40
17.66752031473408
 40
18.66752031473408
 40
18.66752031473408
 40
18.66752031473408
 40
20.08427788044527
 40
20.08427788044527
 40
20.08427788044527
 40
20.12327788044526
 40
20.12327788044526
 40
20.12327788044526
 40
25.96527788044525
 40
25.96527788044525
 40
25.96527788044525
 40
27.42627788044526
 40
27.42627788044526
 40
27.42627788044526
 40
35.72827788044528
 40
35.72827788044528
 40
35.72827788044528
 40
35.72827788044528
 10
293.3280547222222
 20
263.2625333333333
 30
0.0
 10
293.3280547222222
 20
263.3895333333333
 30
0.0
 10
293.3280547222222
 20
263.5165333333333
 30
0.0
 10
293.3280547222222
 20
263.6435333333333
 30
0.0
 10
293.4903325
 20
263.8013425925926
 30
0.0
 10
293.6526102777778
 20
263.9591518518519
 30
0.0
 10
293.8148880555555
 20
264.1169611111111
 30
0.0
 10
294.9864630555555
 20
265.2317388888889
 30
0.0
 10
295.5156297222222
 20
265.8244055555555
 30
0.0
 10
295.5226852777777
 20
266.5162027777777
 30
0.0
 10
295.5226852777777
 20
266.9818694444444
 30
0.0
 10
295.2969075
 20
267.4126111111111
 30
0.0
 10
294.6125186111111
 20
267.4126111111111
 30
0.0
 10
294.1958880555555
 20
267.4126111111111
 30
0.0
 10
293.8505186111111
 20
267.2002388888889
 30
0.0
 10
293.6384991666666
 20
267.02385
 30
0.0
 10
293.5726473148148
 20
267.1696648148148
 30
0.0
 10
293.506795462963
 20
267.3154796296296
 30
0.0
 10
293.4409436111111
 20
267.4612944444444
 30
0.0
 10
293.7584436111111
 20
267.7301111111111
 30
0.0
 10
294.2099991666666
 20
267.9273138888888
 30
0.0
 10
294.7395186111111
 20
267.9273138888888
 30
0.0
 10
295.7272963888889
 20
267.9273138888888
 30
0.0
 10
296.1439269444444
 20
267.2499805555555
 30
0.0
 10
296.1439269444444
 20
266.5938138888889
 30
0.0
 10
296.1439269444444
 20
265.7471472222222
 30
0.0
 10
295.5297408333333
 20
265.0624055555555
 30
0.0
 10
294.5631297222222
 20
264.1307194444444
 30
0.0
 10
294.4407158333333
 20
264.0177129629629
 30
0.0
 10
294.3183019444444
 20
263.9047064814815
 30
0.0
 10
294.1958880555555
 20
263.7917
 30
0.0
 10
294.1958880555555
 20
263.7871138888889
 30
0.0
 10
294.1958880555555
 20
263.7825277777778
 30
0.0
 10
294.1958880555555
 20
263.7779416666667
 30
0.0
 10
294.8828639814815
 20
263.7779416666667
 30
0.0
 10
295.5698399074074
 20
263.7779416666667
 30
0.0
 10
296.2568158333333
 20
263.7779416666667
 30
0.0
 10
296.2568158333333
 20
263.6061388888889
 30
0.0
 10
296.2568158333333
 20
263.4343361111111
 30
0.0
 10
296.2568158333333
 20
263.2625333333333
 30
0.0
 10
295.2805621296296
 20
263.2625333333333
 30
0.0
 10
294.3043084259259
 20
263.2625333333333
 30
0.0
 10
293.3280547222222
 20
263.2625333333333
 30
0.0
  0
SPLINE
  5
17F
330
1F
100
AcDbEntity
  8
DEFAULT
 62
    18
100
AcDbSpline
210
0.0
220
0.0
230
1.0
 70
    11
 71
     3
 72
    59
 73
    55
 74
     0
 42
0.000000001
 43
0.0000000001
 40
0.0
 40
0.0
 40
0.0
 40
0.0
 40
2.496710035226376
 40
2.496710035226376
 40
2.496710035226376
 40
3.496710035226376
 40
3.496710035226376
 40
3.496710035226376
 40
3.557710035226412
 40
3.557710035226412
 40
3.557710035226412
 40
4.557710035226412
 40
4.557710035226412
 40
4.557710035226412
 40
7.025316365255557
 40
7.025316365255557
 40
7.025316365255557
 40
8.926316365255625
 40
8.926316365255625
 40
8.926316365255625
 40
14.65335757341886
 40
14.65335757341886
 40
14.65335757341886
 40
20.70149811411403
 40
20.70149811411403
 40
20.70149811411403
 40
22.70149811411403
 40
22.70149811411403
 40
22.70149811411403
 40
25.30486593292104
 40
25.30486593292104
 40
25.30486593292104
 40
26.30486593292104
 40
26.30486593292104
 40
26.30486593292104
 40
26.34486593292101
 40
26.34486593292101
 40
26.34486593292101
 40
27.34486593292101
 40
27.34486593292101
 40
27.34486593292101
 40
29.9379191525831
 40
29.9379191525831
 40
29.9379191525831
 40
31.87791915258315
 40
31.87791915258315
 40
31.87791915258315
 40
37.89929474292798
 40
37.89929474292798
 40
37.89929474292798
 40
43.66349460067065
 40
43.66349460067065
 40
43.66349460067065
 40
45.62349460067069
 40
45.62349460067069
 40
45.62349460067069
 40
45.62349460067069
 10
290.548201111111
 20
266.6780219444444
 30
0.0
 10
290.7105964814814
 20
266.4334293518518
 30
0.0
 10
290.8729918518517
 20
266.1888367592592
 30
0.0
 10
291.0353872222221
 20
265.9442441666666
 30
0.0
 10
291.1620344444444
 20
265.7540969444444
 30
0.0
 10
291.2682205555556
 20
265.5777080555555
 30
0.0
 10
291.3807566666666
 20
265.3868552777777
 30
0.0
 10
291.3879298148148
 20
265.3868552777777
 30
0.0
 10
291.3951029629629
 20
265.3868552777777
 30
0.0
 10
291.4022761111111
 20
265.3868552777777
 30
0.0
 10
291.515165
 20
265.5914663888888
 30
0.0
 10
291.6280538888889
 20
265.7678552777777
 30
0.0
 10
291.7409427777777
 20
265.9516525
 30
0.0
 10
291.9008687037037
 20
266.1937756481481
 30
0.0
 10
292.0607946296296
 20
266.4358987962963
 30
0.0
 10
292.2207205555555
 20
266.6780219444444
 30
0.0
 10
292.444264074074
 20
266.6780219444444
 30
0.0
 10
292.6678075925925
 20
266.6780219444444
 30
0.0
 10
292.8913511111111
 20
266.6780219444444
 30
0.0
 10
292.503177962963
 20
266.1276886111111
 30
0.0
 10
292.1150048148148
 20
265.5773552777778
 30
0.0
 10
291.7268316666666
 20
265.0270219444444
 30
0.0
 10
292.1266464814814
 20
264.4388237962963
 30
0.0
 10
292.5264612962962
 20
263.8506256481481
 30
0.0
 10
292.9262761111111
 20
263.2624274999999
 30
0.0
 10
292.6910909259259
 20
263.2624274999999
 30
0.0
 10
292.4559057407407
 20
263.2624274999999
 30
0.0
 10
292.2207205555555
 20
263.2624274999999
 30
0.0
 10
292.053739074074
 20
263.519014537037
 30
0.0
 10
291.8867575925926
 20
263.7756015740741
 30
0.0
 10
291.7197761111111
 20
264.0321886111111
 30
0.0
 10
291.5853677777778
 20
264.2293913888888
 30
0.0
 10
291.4728316666666
 20
264.4202441666666
 30
0.0
 10
291.3525344444444
 20
264.6248552777777
 30
0.0
 10
291.3478307407407
 20
264.6248552777777
 30
0.0
 10
291.343127037037
 20
264.6248552777777
 30
0.0
 10
291.3384233333333
 20
264.6248552777777
 30
0.0
 10
291.2258872222222
 20
264.4202441666666
 30
0.0
 10
291.1055899999999
 20
264.2367997222222
 30
0.0
 10
290.9789427777777
 20
264.0321886111111
 30
0.0
 10
290.8141955555555
 20
263.775601574074
 30
0.0
 10
290.6494483333333
 20
263.519014537037
 30
0.0
 10
290.4847011111111
 20
263.2624274999999
 30
0.0
 10
290.2565714814814
 20
263.2624274999999
 30
0.0
 10
290.0284418518518
 20
263.2624274999999
 30
0.0
 10
289.8003122222222
 20
263.2624274999999
 30
0.0
 10
290.2048307407408
 20
263.8435700925925
 30
0.0
 10
290.6093492592593
 20
264.4247126851851
 30
0.0
 10
291.0138677777778
 20
265.0058552777778
 30
0.0
 10
290.628164074074
 20
265.5632441666667
 30
0.0
 10
290.2424603703703
 20
266.1206330555556
 30
0.0
 10
289.8567566666666
 20
266.6780219444444
 30
0.0
 10
290.0872381481481
 20
266.6780219444444
 30
0.0
 10
290.3177196296296
 20
266.6780219444444
 30
0.0
 10
290.548201111111
 20
266.6780219444444
 30
0.0
  0
SPLINE
  5
180
330
1F
100
AcDbEntity
  8
DEFAULT
 62
    18
100
AcDbSpline
210
0.0
220
0.0
230
1.0
 70
    11
 71
     3
 72
    47
 73
    43
 74
     0
 42
0.000000001
 43
0.0000000001
 40
8.302000000000021
 40
8.302000000000021
 40
8.302000000000021
 40
8.302000000000021
 40
9.382000000000062
 40
9.382000000000062
 40
9.382000000000062
 40
11.30623517273753
 40
11.30623517273753
 40
11.30623517273753
 40
12.30623517273753
 40
12.30623517273753
 40
12.30623517273753
 40
13.30623517273753
 40
13.30623517273753
 40
13.30623517273753
 40
14.30623517273753
 40
14.30623517273753
 40
14.30623517273753
 40
15.66682328087312
 40
15.66682328087312
 40
15.66682328087312
 40
16.66682328087312
 40
16.66682328087312
 40
16.66682328087312
 40
17.66682328087312
 40
17.66682328087312
 40
17.66682328087312
 40
18.66682328087312
 40
18.66682328087312
 40
18.66682328087312
 40
20.08358084658431
 40
20.08358084658431
 40
20.08358084658431
 40
20.12358084658427
 40
20.12358084658427
 40
20.12358084658427
 40
25.96558084658426
 40
25.96558084658426
 40
25.96558084658426
 40
27.42558084658429
 40
27.42558084658429
 40
27.42558084658429
 40
35.72758084658432
 40
35.72758084658432
 40
35.72758084658432
 40
35.72758084658432
 10
244.1036661111111
 20
263.2628861111111
 30
0.0
 10
244.1036661111111
 20
263.3898861111111
 30
0.0
 10
244.1036661111111
 20
263.5168861111111
 30
0.0
 10
244.1036661111111
 20
263.6438861111111
 30
0.0
 10
244.2659438888889
 20
263.8015777777778
 30
0.0
 10
244.4282216666666
 20
263.9592694444445
 30
0.0
 10
244.5904994444444
 20
264.1169611111111
 30
0.0
 10
245.7620744444444
 20
265.2317388888889
 30
0.0
 10
246.2912411111111
 20
265.8247583333332
 30
0.0
 10
246.2982966666667
 20
266.5162027777777
 30
0.0
 10
246.2982966666667
 20
266.9818694444444
 30
0.0
 10
246.0725188888889
 20
267.4126111111111
 30
0.0
 10
245.38813
 20
267.4126111111111
 30
0.0
 10
244.9714994444444
 20
267.4126111111111
 30
0.0
 10
244.6257772222222
 20
267.2005916666666
 30
0.0
 10
244.4141105555555
 20
267.0242027777778
 30
0.0
 10
244.3482587037037
 20
267.1700175925926
 30
0.0
 10
244.2824068518519
 20
267.3158324074074
 30
0.0
 10
244.216555
 20
267.4616472222222
 30
0.0
 10
244.534055
 20
267.7301111111111
 30
0.0
 10
244.9856105555556
 20
267.9276666666666
 30
0.0
 10
245.51513
 20
267.9276666666666
 30
0.0
 10
246.5029077777778
 20
267.9276666666666
 30
0.0
 10
246.9195383333333
 20
267.2503333333333
 30
0.0
 10
246.9195383333333
 20
266.5938138888889
 30
0.0
 10
246.9195383333333
 20
265.7471472222222
 30
0.0
 10
246.3053522222222
 20
265.0627583333333
 30
0.0
 10
245.3387411111111
 20
264.1310722222222
 30
0.0
 10
245.2163272222222
 20
264.0180657407407
 30
0.0
 10
245.0939133333333
 20
263.9050592592592
 30
0.0
 10
244.9714994444444
 20
263.7920527777777
 30
0.0
 10
244.9714994444444
 20
263.787349074074
 30
0.0
 10
244.9714994444444
 20
263.7826453703703
 30
0.0
 10
244.9714994444444
 20
263.7779416666667
 30
0.0
 10
245.6584753703704
 20
263.7779416666667
 30
0.0
 10
246.3454512962963
 20
263.7779416666667
 30
0.0
 10
247.0324272222222
 20
263.7779416666667
 30
0.0
 10
247.0324272222223
 20
263.6062564814815
 30
0.0
 10
247.0324272222223
 20
263.4345712962963
 30
0.0
 10
247.0324272222222
 20
263.2628861111111
 30
0.0
 10
246.0561735185185
 20
263.2628861111111
 30
0.0
 10
245.0799198148148
 20
263.2628861111111
 30
0.0
 10
244.1036661111111
 20
263.2628861111111
 30
0.0
  0
SPLINE
  5
181
330
1F
100
AcDbEntity
  8
DEFAULT
 62
    18
100
AcDbSpline
210
0.0
220
0.0
230
1.0
 70
    11
 71
     3
 72
    59
 73
    55
 74
     0
 42
0.000000001
 43
0.0000000001
 40
0.0
 40
0.0
 40
0.0
 40
0.0
 40
2.496710035226376
 40
2.496710035226376
 40
2.496710035226376
 40
3.496710035226376
 40
3.496710035226376
 40
3.496710035226376
 40
3.557710035226412
 40
3.557710035226412
 40
3.557710035226412
 40
4.557710035226412
 40
4.557710035226412
 40
4.557710035226412
 40
7.026150838648648
 40
7.026150838648648
 40
7.026150838648648
 40
8.927150838648714
 40
8.927150838648714
 40
8.927150838648714
 40
14.65500925170334
 40
14.65500925170334
 40
14.65500925170334
 40
20.70232278748099
 40
20.70232278748099
 40
20.70232278748099
 40
22.70232278748099
 40
22.70232278748099
 40
22.70232278748099
 40
25.30485251833904
 40
25.30485251833904
 40
25.30485251833904
 40
26.30485251833904
 40
26.30485251833904
 40
26.30485251833904
 40
26.344852518339
 40
26.344852518339
 40
26.344852518339
 40
27.344852518339
 40
27.344852518339
 40
27.344852518339
 40
29.93706431524142
 40
29.93706431524142
 40
29.93706431524142
 40
31.87706431524147
 40
31.87706431524147
 40
31.87706431524147
 40
37.89843990558629
 40
37.89843990558629
 40
37.89843990558629
 40
43.66263976332897
 40
43.66263976332897
 40
43.66263976332897
 40
45.622639763329
 40
45.622639763329
 40
45.622639763329
 40
45.622639763329
 10
241.3238125
 20
266.6783747222221
 30
0.0
 10
241.4862078703704
 20
266.4337821296295
 30
0.0
 10
241.6486032407407
 20
266.189189537037
 30
0.0
 10
241.8109986111111
 20
265.9445969444444
 30
0.0
 10
241.9376458333333
 20
265.7540969444444
 30
0.0
 10
242.0438319444444
 20
265.5777080555555
 30
0.0
 10
242.1563680555555
 20
265.3872080555556
 30
0.0
 10
242.1635412037037
 20
265.3872080555556
 30
0.0
 10
242.1707143518518
 20
265.3872080555556
 30
0.0
 10
242.1778875
 20
265.3872080555556
 30
0.0
 10
242.2907763888889
 20
265.5918191666667
 30
0.0
 10
242.4036652777778
 20
265.7682080555555
 30
0.0
 10
242.5165541666666
 20
265.9516525
 30
0.0
 10
242.6764800925926
 20
266.1938932407407
 30
0.0
 10
242.8364060185185
 20
266.4361339814815
 30
0.0
 10
242.9963319444444
 20
266.6783747222222
 30
0.0
 10
243.219875462963
 20
266.6783747222222
 30
0.0
 10
243.4434189814815
 20
266.6783747222222
 30
0.0
 10
243.6669625
 20
266.6783747222222
 30
0.0
 10
243.2787893518518
 20
266.1279237962963
 30
0.0
 10
242.8906162037037
 20
265.5774728703704
 30
0.0
 10
242.5024430555555
 20
265.0270219444444
 30
0.0
 10
242.9022578703704
 20
264.4389413888888
 30
0.0
 10
243.3020726851852
 20
263.8508608333333
 30
0.0
 10
243.7018875
 20
263.2627802777778
 30
0.0
 10
243.4667023148148
 20
263.2627802777778
 30
0.0
 10
243.2315171296296
 20
263.2627802777778
 30
0.0
 10
242.9963319444444
 20
263.2627802777778
 30
0.0
 10
242.8293504629629
 20
263.5192497222222
 30
0.0
 10
242.6623689814815
 20
263.7757191666666
 30
0.0
 10
242.4953875
 20
264.0321886111111
 30
0.0
 10
242.3609791666667
 20
264.2293913888889
 30
0.0
 10
242.2484430555555
 20
264.4202441666667
 30
0.0
 10
242.1281458333333
 20
264.6248552777778
 30
0.0
 10
242.1234421296296
 20
264.6248552777778
 30
0.0
 10
242.1187384259259
 20
264.6248552777778
 30
0.0
 10
242.1140347222222
 20
264.6248552777778
 30
0.0
 10
242.0014986111111
 20
264.4202441666667
 30
0.0
 10
241.8812013888889
 20
264.2367997222222
 30
0.0
 10
241.7545541666667
 20
264.0321886111111
 30
0.0
 10
241.5898069444444
 20
263.7757191666666
 30
0.0
 10
241.4250597222222
 20
263.5192497222222
 30
0.0
 10
241.2603125
 20
263.2627802777778
 30
0.0
 10
241.0321828703703
 20
263.2627802777778
 30
0.0
 10
240.8040532407407
 20
263.2627802777778
 30
0.0
 10
240.5759236111111
 20
263.2627802777778
 30
0.0
 10
240.9804421296296
 20
263.8439228703704
 30
0.0
 10
241.3849606481481
 20
264.4250654629629
 30
0.0
 10
241.7894791666667
 20
265.0062080555555
 30
0.0
 10
241.403775462963
 20
265.5635969444444
 30
0.0
 10
241.0180717592592
 20
266.1209858333333
 30
0.0
 10
240.6323680555555
 20
266.6783747222222
 30
0.0
 10
240.862849537037
 20
266.6783747222222
 30
0.0
 10
241.0933310185185
 20
266.6783747222222
 30
0.0
 10
241.3238125
 20
266.6783747222221
 30
0.0
  0
POLYLINE
  5
182
330
1F
100
AcDbEntity
  8
DEFAULT
 62
    18
100
AcDb2dPolyline
 66
     1
 10
0.0
 20
0.0
 30
0.0
 70
     1
  0
VERTEX
  5
183
330
182
100
AcDbEntity
  8
DEFAULT
 62
    18
100
AcDbVertex
100
AcDb2dVertex
 10
231.3535363888889
 20
327.5687011111111
 30
0.0
  0
VERTEX
  5
184
330
182
100
AcDbEntity
  8
DEFAULT
 62
    18
100
AcDbVertex
100
AcDb2dVertex
 10
231.3394252777778
 20
327.5687011111111
 30
0.0
  0
VERTEX
  5
185
330
182
100
AcDbEntity
  8
DEFAULT
 62
    18
100
AcDbVertex
100
AcDb2dVertex
 10
230.5421475
 20
327.1386649999999
 30
0.0
  0
VERTEX
  5
186
330
182
100
AcDbEntity
  8
DEFAULT
 62
    18
100
AcDbVertex
100
AcDb2dVertex
 10
230.4218502777778
 20
327.6113872222222
 30
0.0
  0
VERTEX
  5
187
330
182
100
AcDbEntity
  8
DEFAULT
 62
    18
100
AcDbVertex
100
AcDb2dVertex
 10
231.4240919444444
 20
328.1476094444444
 30
0.0
  0
VERTEX
  5
188
330
182
100
AcDbEntity
  8
DEFAULT
 62
    18
100
AcDbVertex
100
AcDb2dVertex
 10
231.9532586111111
 20
328.1476094444444
 30
0.0
  0
VERTEX
  5
189
330
182
100
AcDbEntity
  8
DEFAULT
 62
    18
100
AcDbVertex
100
AcDb2dVertex
 10
231.9532586111111
 20
323.5607927777777
 30
0.0
  0
VERTEX
  5
18A
330
182
100
AcDbEntity
  8
DEFAULT
 62
    18
100
AcDbVertex
100
AcDb2dVertex
 10
231.3535363888889
 20
323.5607927777777
 30
0.0
  0
SEQEND
  5
18B
330
182
100
AcDbEntity
  8
DEFAULT
 62
    18
  0
SPLINE
  5
18C
330
1F
100
AcDbEntity
  8
DEFAULT
 62
    18
100
AcDbSpline
210
0.0
220
0.0
230
1.0
 70
    11
 71
     3
 72
    59
 73
    55
 74
     0
 42
0.000000001
 43
0.0000000001
 40
0.0
 40
0.0
 40
0.0
 40
0.0
 40
2.496710035226471
 40
2.496710035226471
 40
2.496710035226471
 40
3.496710035226471
 40
3.496710035226471
 40
3.496710035226471
 40
3.557710035226506
 40
3.557710035226506
 40
3.557710035226506
 40
4.557710035226506
 40
4.557710035226506
 40
4.557710035226506
 40
7.026150838648742
 40
7.026150838648742
 40
7.026150838648742
 40
8.92715083864881
 40
8.92715083864881
 40
8.92715083864881
 40
14.65582651457954
 40
14.65582651457954
 40
14.65582651457954
 40
20.70231309771192
 40
20.70231309771192
 40
20.70231309771192
 40
22.70231309771192
 40
22.70231309771192
 40
22.70231309771192
 40
25.30400485501142
 40
25.30400485501142
 40
25.30400485501142
 40
26.30400485501142
 40
26.30400485501142
 40
26.30400485501142
 40
26.34400485501138
 40
26.34400485501138
 40
26.34400485501138
 40
27.34400485501138
 40
27.34400485501138
 40
27.34400485501138
 40
29.9353753418388
 40
29.9353753418388
 40
29.9353753418388
 40
31.87537534183885
 40
31.87537534183885
 40
31.87537534183885
 40
37.89675093218368
 40
37.89675093218368
 40
37.89675093218368
 40
43.66095078992635
 40
43.66095078992635
 40
43.66095078992635
 40
45.62095078992639
 40
45.62095078992639
 40
45.62095078992639
 40
45.62095078992639
 10
227.2259658333333
 20
326.9761402777777
 30
0.0
 10
227.3883612037037
 20
326.731547685185
 30
0.0
 10
227.550756574074
 20
326.4869550925924
 30
0.0
 10
227.7131519444444
 20
326.2423624999998
 30
0.0
 10
227.8397991666666
 20
326.0515097222222
 30
0.0
 10
227.9459852777778
 20
325.8751208333333
 30
0.0
 10
228.0585213888889
 20
325.6849736111111
 30
0.0
 10
228.065694537037
 20
325.6849736111111
 30
0.0
 10
228.0728676851852
 20
325.6849736111111
 30
0.0
 10
228.0800408333333
 20
325.6849736111111
 30
0.0
 10
228.1929297222222
 20
325.8895847222222
 30
0.0
 10
228.3058186111111
 20
326.0659736111111
 30
0.0
 10
228.4187075
 20
326.2494180555556
 30
0.0
 10
228.5786334259259
 20
326.4916587962963
 30
0.0
 10
228.7385593518518
 20
326.733899537037
 30
0.0
 10
228.8984852777778
 20
326.9761402777777
 30
0.0
 10
229.1220287962963
 20
326.9761402777777
 30
0.0
 10
229.3455723148148
 20
326.9761402777777
 30
0.0
 10
229.5691158333333
 20
326.9761402777777
 30
0.0
 10
229.1809426851852
 20
326.4255717592592
 30
0.0
 10
228.7927695370371
 20
325.8750032407407
 30
0.0
 10
228.4045963888889
 20
325.3244347222222
 30
0.0
 10
228.8044112037037
 20
324.7364717592592
 30
0.0
 10
229.2042260185185
 20
324.1485087962963
 30
0.0
 10
229.6040408333333
 20
323.5605458333333
 30
0.0
 10
229.3688556481481
 20
323.5605458333333
 30
0.0
 10
229.1336704629629
 20
323.5605458333333
 30
0.0
 10
228.8984852777778
 20
323.5605458333333
 30
0.0
 10
228.7315037962963
 20
323.8168976851851
 30
0.0
 10
228.5645223148148
 20
324.073249537037
 30
0.0
 10
228.3975408333333
 20
324.3296013888889
 30
0.0
 10
228.2631325
 20
324.5275097222222
 30
0.0
 10
228.1505963888889
 20
324.7176569444444
 30
0.0
 10
228.0302991666666
 20
324.9222680555555
 30
0.0
 10
228.0255954629629
 20
324.9222680555555
 30
0.0
 10
228.0208917592592
 20
324.9222680555555
 30
0.0
 10
228.0161880555555
 20
324.9222680555555
 30
0.0
 10
227.9036519444444
 20
324.7176569444444
 30
0.0
 10
227.7833547222222
 20
324.5342125
 30
0.0
 10
227.6567075
 20
324.3296013888889
 30
0.0
 10
227.4919602777778
 20
324.073249537037
 30
0.0
 10
227.3272130555555
 20
323.8168976851852
 30
0.0
 10
227.1624658333333
 20
323.5605458333333
 30
0.0
 10
226.9343362037037
 20
323.5605458333333
 30
0.0
 10
226.706206574074
 20
323.5605458333333
 30
0.0
 10
226.4780769444444
 20
323.5605458333333
 30
0.0
 10
226.8825954629629
 20
324.1416884259258
 30
0.0
 10
227.2871139814814
 20
324.7228310185185
 30
0.0
 10
227.6916325
 20
325.3039736111111
 30
0.0
 10
227.3059287962963
 20
325.8613625
 30
0.0
 10
226.9202250925926
 20
326.4187513888888
 30
0.0
 10
226.5345213888889
 20
326.9761402777777
 30
0.0
 10
226.7650028703704
 20
326.9761402777777
 30
0.0
 10
226.9954843518518
 20
326.9761402777777
 30
0.0
 10
227.2259658333333
 20
326.9761402777777
 30
0.0
  0
SPLINE
  5
18D
330
1F
100
AcDbEntity
  8
DEFAULT
 62
    18
100
AcDbSpline
210
0.0
220
0.0
230
1.0
 70
    11
 71
     3
 72
    47
 73
    43
 74
     0
 42
0.000000001
 43
0.0000000001
 40
8.302000000000021
 40
8.302000000000021
 40
8.302000000000021
 40
8.302000000000021
 40
9.382000000000062
 40
9.382000000000062
 40
9.382000000000062
 40
11.30553840616714
 40
11.30553840616714
 40
11.30553840616714
 40
12.30553840616714
 40
12.30553840616714
 40
12.30553840616714
 40
13.30553840616714
 40
13.30553840616714
 40
13.30553840616714
 40
14.30553840616714
 40
14.30553840616714
 40
14.30553840616714
 40
15.66612651430272
 40
15.66612651430272
 40
15.66612651430272
 40
16.66612651430272
 40
16.66612651430272
 40
16.66612651430272
 40
17.66612651430272
 40
17.66612651430272
 40
17.66612651430272
 40
18.66612651430272
 40
18.66612651430272
 40
18.66612651430272
 40
20.08288408001391
 40
20.08288408001391
 40
20.08288408001391
 40
20.12388408001396
 40
20.12388408001396
 40
20.12388408001396
 40
25.96588408001395
 40
25.96588408001395
 40
25.96588408001395
 40
27.42488408001389
 40
27.42488408001389
 40
27.42488408001389
 40
35.72688408001392
 40
35.72688408001392
 40
35.72688408001392
 40
35.72688408001392
 10
195.3919341666667
 20
323.5606869444444
 30
0.0
 10
195.3919341666666
 20
323.6876869444444
 30
0.0
 10
195.3919341666666
 20
323.8146869444444
 30
0.0
 10
195.3919341666666
 20
323.9416869444444
 30
0.0
 10
195.5542119444444
 20
324.0992610185185
 30
0.0
 10
195.7164897222222
 20
324.2568350925926
 30
0.0
 10
195.8787675
 20
324.4144091666666
 30
0.0
 10
197.0503425
 20
325.5291869444444
 30
0.0
 10
197.5795091666666
 20
326.1225591666666
 30
0.0
 10
197.5865647222222
 20
326.8136508333333
 30
0.0
 10
197.5865647222222
 20
327.2793175
 30
0.0
 10
197.3607869444444
 20
327.7100591666667
 30
0.0
 10
196.6763980555555
 20
327.7100591666667
 30
0.0
 10
196.2597675
 20
327.7100591666667
 30
0.0
 10
195.9140452777778
 20
327.4983925
 30
0.0
 10
195.7023786111111
 20
327.3220036111111
 30
0.0
 10
195.6365267592593
 20
327.4678184259259
 30
0.0
 10
195.5706749074074
 20
327.6136332407407
 30
0.0
 10
195.5048230555556
 20
327.7594480555555
 30
0.0
 10
195.8223230555555
 20
328.0275591666667
 30
0.0
 10
196.2738786111111
 20
328.2254674999999
 30
0.0
 10
196.8033980555555
 20
328.2254674999999
 30
0.0
 10
197.7911758333333
 20
328.2254674999999
 30
0.0
 10
198.2074536111111
 20
327.5481341666666
 30
0.0
 10
198.2074536111111
 20
326.8912619444444
 30
0.0
 10
198.2074536111111
 20
326.0445952777778
 30
0.0
 10
197.5936202777777
 20
325.3605591666666
 30
0.0
 10
196.6270091666666
 20
324.4288730555555
 30
0.0
 10
196.5045952777778
 20
324.3158665740741
 30
0.0
 10
196.3821813888889
 20
324.2028600925926
 30
0.0
 10
196.2597675
 20
324.0898536111111
 30
0.0
 10
196.2597675
 20
324.0850323148148
 30
0.0
 10
196.2597675
 20
324.0802110185185
 30
0.0
 10
196.2597675
 20
324.0753897222222
 30
0.0
 10
196.9467434259259
 20
324.0753897222222
 30
0.0
 10
197.6337193518518
 20
324.0753897222222
 30
0.0
 10
198.3206952777778
 20
324.0753897222222
 30
0.0
 10
198.3206952777778
 20
323.9038221296296
 30
0.0
 10
198.3206952777778
 20
323.732254537037
 30
0.0
 10
198.3206952777778
 20
323.5606869444444
 30
0.0
 10
197.3444415740741
 20
323.5606869444444
 30
0.0
 10
196.3681878703703
 20
323.5606869444444
 30
0.0
 10
195.3919341666667
 20
323.5606869444444
 30
0.0
  0
SPLINE
  5
18E
330
1F
100
AcDbEntity
  8
DEFAULT
 62
    18
100
AcDbSpline
210
0.0
220
0.0
230
1.0
 70
    11
 71
     3
 72
    59
 73
    55
 74
     0
 42
0.000000001
 43
0.0000000001
 40
0.0
 40
0.0
 40
0.0
 40
0.0
 40
2.496710035226439
 40
2.496710035226439
 40
2.496710035226439
 40
3.496710035226439
 40
3.496710035226439
 40
3.496710035226439
 40
3.557710035226474
 40
3.557710035226474
 40
3.557710035226474
 40
4.557710035226474
 40
4.557710035226474
 40
4.557710035226474
 40
7.02615083864871
 40
7.02615083864871
 40
7.02615083864871
 40
8.927150838648778
 40
8.927150838648778
 40
8.927150838648778
 40
14.65582651457951
 40
14.65582651457951
 40
14.65582651457951
 40
20.70231309771189
 40
20.70231309771189
 40
20.70231309771189
 40
22.70231309771189
 40
22.70231309771189
 40
22.70231309771189
 40
25.30400485501139
 40
25.30400485501139
 40
25.30400485501139
 40
26.30400485501139
 40
26.30400485501139
 40
26.30400485501139
 40
26.34400485501136
 40
26.34400485501136
 40
26.34400485501136
 40
27.34400485501136
 40
27.34400485501136
 40
27.34400485501136
 40
29.93537534183877
 40
29.93537534183877
 40
29.93537534183877
 40
31.87537534183883
 40
31.87537534183883
 40
31.87537534183883
 40
37.89675093218365
 40
37.89675093218365
 40
37.89675093218365
 40
43.66095078992632
 40
43.66095078992632
 40
43.66095078992632
 40
45.62095078992636
 40
45.62095078992636
 40
45.62095078992636
 40
45.62095078992636
 10
192.6120805555555
 20
326.9761402777777
 30
0.0
 10
192.7744759259259
 20
326.731547685185
 30
0.0
 10
192.9368712962963
 20
326.4869550925924
 30
0.0
 10
193.0992666666666
 20
326.2423624999998
 30
0.0
 10
193.2259138888889
 20
326.0515097222222
 30
0.0
 10
193.3321
 20
325.8751208333333
 30
0.0
 10
193.4446361111111
 20
325.6849736111111
 30
0.0
 10
193.4518092592592
 20
325.6849736111111
 30
0.0
 10
193.4589824074074
 20
325.6849736111111
 30
0.0
 10
193.4661555555555
 20
325.6849736111111
 30
0.0
 10
193.5790444444444
 20
325.8895847222222
 30
0.0
 10
193.6915805555555
 20
326.0659736111111
 30
0.0
 10
193.8048222222222
 20
326.2494180555556
 30
0.0
 10
193.9647481481481
 20
326.4916587962963
 30
0.0
 10
194.124674074074
 20
326.733899537037
 30
0.0
 10
194.2846
 20
326.9761402777777
 30
0.0
 10
194.5081435185185
 20
326.9761402777777
 30
0.0
 10
194.731687037037
 20
326.9761402777777
 30
0.0
 10
194.9552305555555
 20
326.9761402777777
 30
0.0
 10
194.5670574074074
 20
326.4255717592592
 30
0.0
 10
194.1788842592592
 20
325.8750032407407
 30
0.0
 10
193.7907111111111
 20
325.3244347222222
 30
0.0
 10
194.1905259259259
 20
324.7364717592592
 30
0.0
 10
194.5903407407407
 20
324.1485087962963
 30
0.0
 10
194.9901555555555
 20
323.5605458333333
 30
0.0
 10
194.7549703703703
 20
323.5605458333333
 30
0.0
 10
194.5197851851851
 20
323.5605458333333
 30
0.0
 10
194.2846
 20
323.5605458333333
 30
0.0
 10
194.1176185185185
 20
323.8168976851851
 30
0.0
 10
193.950637037037
 20
324.073249537037
 30
0.0
 10
193.7836555555555
 20
324.3296013888889
 30
0.0
 10
193.6492472222222
 20
324.5275097222222
 30
0.0
 10
193.5367111111111
 20
324.7176569444444
 30
0.0
 10
193.4164138888889
 20
324.9222680555555
 30
0.0
 10
193.4117101851851
 20
324.9222680555555
 30
0.0
 10
193.4070064814814
 20
324.9222680555555
 30
0.0
 10
193.4023027777777
 20
324.9222680555555
 30
0.0
 10
193.2897666666667
 20
324.7176569444444
 30
0.0
 10
193.1694694444444
 20
324.5342125
 30
0.0
 10
193.0428222222222
 20
324.3296013888889
 30
0.0
 10
192.878075
 20
324.073249537037
 30
0.0
 10
192.7133277777777
 20
323.8168976851852
 30
0.0
 10
192.5485805555555
 20
323.5605458333333
 30
0.0
 10
192.3204509259259
 20
323.5605458333333
 30
0.0
 10
192.0923212962963
 20
323.5605458333333
 30
0.0
 10
191.8641916666666
 20
323.5605458333333
 30
0.0
 10
192.2687101851851
 20
324.1416884259258
 30
0.0
 10
192.6732287037037
 20
324.7228310185185
 30
0.0
 10
193.0777472222222
 20
325.3039736111111
 30
0.0
 10
192.6920435185185
 20
325.8613625
 30
0.0
 10
192.3063398148148
 20
326.4187513888888
 30
0.0
 10
191.9206361111111
 20
326.9761402777777
 30
0.0
 10
192.1511175925925
 20
326.9761402777777
 30
0.0
 10
192.381599074074
 20
326.9761402777777
 30
0.0
 10
192.6120805555555
 20
326.9761402777777
 30
0.0
  0
SPLINE
  5
18F
330
1F
100
AcDbEntity
  8
DEFAULT
 62
    18
100
AcDbSpline
210
0.0
220
0.0
230
1.0
 70
    11
 71
     3
 72
    47
 73
    43
 74
     0
 42
0.000000001
 43
0.0000000001
 40
8.302000000000021
 40
8.302000000000021
 40
8.302000000000021
 40
8.302000000000021
 40
9.382000000000062
 40
9.382000000000062
 40
9.382000000000062
 40
11.30553840616714
 40
11.30553840616714
 40
11.30553840616714
 40
12.30553840616714
 40
12.30553840616714
 40
12.30553840616714
 40
13.30553840616714
 40
13.30553840616714
 40
13.30553840616714
 40
14.30553840616714
 40
14.30553840616714
 40
14.30553840616714
 40
15.66612651430274
 40
15.66612651430274
 40
15.66612651430274
 40
16.66612651430274
 40
16.66612651430274
 40
16.66612651430274
 40
17.66612651430274
 40
17.66612651430274
 40
17.66612651430274
 40
18.66612651430274
 40
18.66612651430274
 40
18.66612651430274
 40
20.08288408001397
 40
20.08288408001397
 40
20.08288408001397
 40
20.12388408001403
 40
20.12388408001403
 40
20.12388408001403
 40
25.96588408001407
 40
25.96588408001407
 40
25.96588408001407
 40
27.42488408001401
 40
27.42488408001401
 40
27.42488408001401
 40
35.72688408001403
 40
35.72688408001403
 40
35.72688408001403
 40
35.72688408001403
 10
130.6468755555555
 20
323.5606869444444
 30
0.0
 10
130.6468755555555
 20
323.6876869444444
 30
0.0
 10
130.6468755555555
 20
323.8146869444444
 30
0.0
 10
130.6468755555555
 20
323.9416869444444
 30
0.0
 10
130.8091533333333
 20
324.0992610185185
 30
0.0
 10
130.9714311111111
 20
324.2568350925926
 30
0.0
 10
131.1337088888889
 20
324.4144091666666
 30
0.0
 10
132.3052838888889
 20
325.5291869444444
 30
0.0
 10
132.8344505555555
 20
326.1225591666666
 30
0.0
 10
132.8415061111111
 20
326.8136508333333
 30
0.0
 10
132.8415061111111
 20
327.2793175
 30
0.0
 10
132.6157283333333
 20
327.7100591666667
 30
0.0
 10
131.9313394444444
 20
327.7100591666667
 30
0.0
 10
131.5147088888889
 20
327.7100591666667
 30
0.0
 10
131.1689866666667
 20
327.4983925
 30
0.0
 10
130.95732
 20
327.3220036111111
 30
0.0
 10
130.8914681481481
 20
327.4678184259259
 30
0.0
 10
130.8256162962963
 20
327.6136332407407
 30
0.0
 10
130.7597644444444
 20
327.7594480555555
 30
0.0
 10
131.0772644444444
 20
328.0275591666667
 30
0.0
 10
131.52882
 20
328.2254674999999
 30
0.0
 10
132.0583394444444
 20
328.2254674999999
 30
0.0
 10
133.0461172222222
 20
328.2254674999999
 30
0.0
 10
133.462395
 20
327.5481341666666
 30
0.0
 10
133.462395
 20
326.8912619444444
 30
0.0
 10
133.462395
 20
326.0445952777778
 30
0.0
 10
132.8485616666667
 20
325.3605591666666
 30
0.0
 10
131.8819505555555
 20
324.4288730555555
 30
0.0
 10
131.7595366666666
 20
324.3158665740741
 30
0.0
 10
131.6371227777778
 20
324.2028600925926
 30
0.0
 10
131.5147088888889
 20
324.0898536111111
 30
0.0
 10
131.5147088888889
 20
324.0850323148148
 30
0.0
 10
131.5147088888889
 20
324.0802110185185
 30
0.0
 10
131.5147088888889
 20
324.0753897222222
 30
0.0
 10
132.2016848148148
 20
324.0753897222222
 30
0.0
 10
132.8886607407407
 20
324.0753897222222
 30
0.0
 10
133.5756366666667
 20
324.0753897222222
 30
0.0
 10
133.5756366666667
 20
323.9038221296296
 30
0.0
 10
133.5756366666667
 20
323.732254537037
 30
0.0
 10
133.5756366666667
 20
323.5606869444444
 30
0.0
 10
132.599382962963
 20
323.5606869444444
 30
0.0
 10
131.6231292592593
 20
323.5606869444444
 30
0.0
 10
130.6468755555555
 20
323.5606869444444
 30
0.0
  0
SPLINE
  5
190
330
1F
100
AcDbEntity
  8
DEFAULT
 62
    18
100
AcDbSpline
210
0.0
220
0.0
230
1.0
 70
    11
 71
     3
 72
    59
 73
    55
 74
     0
 42
0.000000001
 43
0.0000000001
 40
0.0
 40
0.0
 40
0.0
 40
0.0
 40
2.496710035226281
 40
2.496710035226281
 40
2.496710035226281
 40
3.496710035226281
 40
3.496710035226281
 40
3.496710035226281
 40
3.55771003522626
 40
3.55771003522626
 40
3.55771003522626
 40
4.557710035226259
 40
4.557710035226259
 40
4.557710035226259
 40
7.026150838648495
 40
7.026150838648495
 40
7.026150838648495
 40
8.927150838648505
 40
8.927150838648505
 40
8.927150838648505
 40
14.65582651457921
 40
14.65582651457921
 40
14.65582651457921
 40
20.70231309771158
 40
20.70231309771158
 40
20.70231309771158
 40
22.70231309771158
 40
22.70231309771158
 40
22.70231309771158
 40
25.30400485501108
 40
25.30400485501108
 40
25.30400485501108
 40
26.30400485501108
 40
26.30400485501108
 40
26.30400485501108
 40
26.34400485501104
 40
26.34400485501104
 40
26.34400485501104
 40
27.34400485501104
 40
27.34400485501104
 40
27.34400485501104
 40
29.93537534183849
 40
29.93537534183849
 40
29.93537534183849
 40
31.87537534183848
 40
31.87537534183848
 40
31.87537534183848
 40
37.89675093218327
 40
37.89675093218327
 40
37.89675093218327
 40
43.66095078992588
 40
43.66095078992588
 40
43.66095078992588
 40
45.62095078992586
 40
45.62095078992586
 40
45.62095078992586
 40
45.62095078992586
 10
127.8670219444444
 20
326.9761402777777
 30
0.0
 10
128.0294173148148
 20
326.731547685185
 30
0.0
 10
128.1918126851851
 20
326.4869550925925
 30
0.0
 10
128.3542080555555
 20
326.2423624999999
 30
0.0
 10
128.4808552777778
 20
326.0515097222222
 30
0.0
 10
128.5870413888889
 20
325.8751208333333
 30
0.0
 10
128.6995775
 20
325.6849736111111
 30
0.0
 10
128.7067506481481
 20
325.6849736111111
 30
0.0
 10
128.7139237962963
 20
325.6849736111111
 30
0.0
 10
128.7210969444444
 20
325.6849736111111
 30
0.0
 10
128.8339858333333
 20
325.8895847222222
 30
0.0
 10
128.9465219444444
 20
326.0659736111111
 30
0.0
 10
129.0597636111111
 20
326.2494180555556
 30
0.0
 10
129.219689537037
 20
326.4916587962963
 30
0.0
 10
129.379615462963
 20
326.733899537037
 30
0.0
 10
129.5395413888889
 20
326.9761402777777
 30
0.0
 10
129.7630849074074
 20
326.9761402777777
 30
0.0
 10
129.9866284259259
 20
326.9761402777777
 30
0.0
 10
130.2101719444444
 20
326.9761402777777
 30
0.0
 10
129.8219987962963
 20
326.4255717592592
 30
0.0
 10
129.4338256481481
 20
325.8750032407407
 30
0.0
 10
129.0456525
 20
325.3244347222222
 30
0.0
 10
129.4454673148148
 20
324.7364717592592
 30
0.0
 10
129.8452821296296
 20
324.1485087962963
 30
0.0
 10
130.2450969444444
 20
323.5605458333333
 30
0.0
 10
130.0099117592592
 20
323.5605458333333
 30
0.0
 10
129.7747265740741
 20
323.5605458333333
 30
0.0
 10
129.5395413888889
 20
323.5605458333333
 30
0.0
 10
129.3725599074074
 20
323.8168976851851
 30
0.0
 10
129.2055784259259
 20
324.073249537037
 30
0.0
 10
129.0385969444444
 20
324.3296013888889
 30
0.0
 10
128.9041886111111
 20
324.5275097222222
 30
0.0
 10
128.7916525
 20
324.7176569444444
 30
0.0
 10
128.6713552777778
 20
324.9222680555555
 30
0.0
 10
128.6666515740741
 20
324.9222680555555
 30
0.0
 10
128.6619478703704
 20
324.9222680555555
 30
0.0
 10
128.6572441666667
 20
324.9222680555555
 30
0.0
 10
128.5447080555555
 20
324.7176569444444
 30
0.0
 10
128.4244108333333
 20
324.5342125
 30
0.0
 10
128.2977636111111
 20
324.3296013888889
 30
0.0
 10
128.1330163888889
 20
324.073249537037
 30
0.0
 10
127.9682691666666
 20
323.8168976851852
 30
0.0
 10
127.8035219444444
 20
323.5605458333333
 30
0.0
 10
127.5753923148148
 20
323.5605458333333
 30
0.0
 10
127.3472626851852
 20
323.5605458333333
 30
0.0
 10
127.1191330555555
 20
323.5605458333333
 30
0.0
 10
127.5236515740741
 20
324.1416884259258
 30
0.0
 10
127.9281700925926
 20
324.7228310185185
 30
0.0
 10
128.3326886111111
 20
325.3039736111111
 30
0.0
 10
127.9469849074074
 20
325.8613625
 30
0.0
 10
127.5612812037037
 20
326.4187513888888
 30
0.0
 10
127.1755775
 20
326.9761402777777
 30
0.0
 10
127.4060589814815
 20
326.9761402777777
 30
0.0
 10
127.6365404629629
 20
326.9761402777777
 30
0.0
 10
127.8670219444444
 20
326.9761402777777
 30
0.0
  0
SPLINE
  5
191
330
1F
100
AcDbEntity
  8
DEFAULT
 62
    18
100
AcDbSpline
210
0.0
220
0.0
230
1.0
 70
    11
 71
     3
 72
    47
 73
    43
 74
     0
 42
0.000000001
 43
0.0000000001
 40
8.302000000000021
 40
8.302000000000021
 40
8.302000000000021
 40
8.302000000000021
 40
9.381999999999948
 40
9.381999999999948
 40
9.381999999999948
 40
11.3062351727375
 40
11.3062351727375
 40
11.3062351727375
 40
12.3062351727375
 40
12.3062351727375
 40
12.3062351727375
 40
13.3062351727375
 40
13.3062351727375
 40
13.3062351727375
 40
14.3062351727375
 40
14.3062351727375
 40
14.3062351727375
 40
15.66682328087308
 40
15.66682328087308
 40
15.66682328087308
 40
16.66682328087308
 40
16.66682328087308
 40
16.66682328087308
 40
17.66682328087308
 40
17.66682328087308
 40
17.66682328087308
 40
18.66682328087308
 40
18.66682328087308
 40
18.66682328087308
 40
20.08358084658427
 40
20.08358084658427
 40
20.08358084658427
 40
20.12358084658424
 40
20.12358084658424
 40
20.12358084658424
 40
25.96558084658422
 40
25.96558084658422
 40
25.96558084658422
 40
27.42558084658426
 40
27.42558084658426
 40
27.42558084658426
 40
35.72758084658427
 40
35.72758084658427
 40
35.72758084658427
 40
35.72758084658427
 10
217.1010319444444
 20
379.2175549999999
 30
0.0
 10
217.1010319444444
 20
379.344555
 30
0.0
 10
217.1010319444444
 20
379.4715549999999
 30
0.0
 10
217.1010319444444
 20
379.5985549999999
 30
0.0
 10
217.2633097222222
 20
379.7562466666666
 30
0.0
 10
217.4255875
 20
379.9139383333333
 30
0.0
 10
217.5878652777778
 20
380.07163
 30
0.0
 10
218.7594402777778
 20
381.1864077777777
 30
0.0
 10
219.2886069444444
 20
381.7794272222222
 30
0.0
 10
219.2956625
 20
382.4708716666667
 30
0.0
 10
219.2956625
 20
382.9365383333333
 30
0.0
 10
219.0698847222222
 20
383.3672799999999
 30
0.0
 10
218.3854958333333
 20
383.3672799999999
 30
0.0
 10
217.9688652777778
 20
383.3672799999999
 30
0.0
 10
217.6231430555555
 20
383.1552605555555
 30
0.0
 10
217.4114763888889
 20
382.9788716666666
 30
0.0
 10
217.345624537037
 20
383.1246864814814
 30
0.0
 10
217.2797726851852
 20
383.2705012962962
 30
0.0
 10
217.2139208333333
 20
383.4163161111111
 30
0.0
 10
217.5314208333333
 20
383.68478
 30
0.0
 10
217.9829763888889
 20
383.8823355555555
 30
0.0
 10
218.5124958333333
 20
383.8823355555555
 30
0.0
 10
219.5002736111111
 20
383.8823355555555
 30
0.0
 10
219.9165513888888
 20
383.2050022222222
 30
0.0
 10
219.9165513888888
 20
382.5484827777777
 30
0.0
 10
219.9165513888888
 20
381.701816111111
 30
0.0
 10
219.3027180555555
 20
381.0174272222222
 30
0.0
 10
218.3361069444444
 20
380.0857411111111
 30
0.0
 10
218.2136930555555
 20
379.9727346296295
 30
0.0
 10
218.0912791666666
 20
379.8597281481481
 30
0.0
 10
217.9688652777778
 20
379.7467216666666
 30
0.0
 10
217.9688652777778
 20
379.742017962963
 30
0.0
 10
217.9688652777778
 20
379.7373142592592
 30
0.0
 10
217.9688652777778
 20
379.7326105555555
 30
0.0
 10
218.6558412037037
 20
379.7326105555555
 30
0.0
 10
219.3428171296297
 20
379.7326105555555
 30
0.0
 10
220.0297930555555
 20
379.7326105555555
 30
0.0
 10
220.0297930555555
 20
379.5609253703703
 30
0.0
 10
220.0297930555555
 20
379.3892401851851
 30
0.0
 10
220.0297930555555
 20
379.2175549999999
 30
0.0
 10
219.0535393518518
 20
379.2175549999999
 30
0.0
 10
218.0772856481481
 20
379.2175549999999
 30
0.0
 10
217.1010319444444
 20
379.2175549999999
 30
0.0
  0
SPLINE
  5
192
330
1F
100
AcDbEntity
  8
DEFAULT
 62
    18
100
AcDbSpline
210
0.0
220
0.0
230
1.0
 70
    11
 71
     3
 72
    59
 73
    55
 74
     0
 42
0.000000001
 43
0.0000000001
 40
0.0
 40
0.0
 40
0.0
 40
0.0
 40
2.496710035226029
 40
2.496710035226029
 40
2.496710035226029
 40
3.496710035226029
 40
3.496710035226029
 40
3.496710035226029
 40
3.557710035226064
 40
3.557710035226064
 40
3.557710035226064
 40
4.557710035226064
 40
4.557710035226064
 40
4.557710035226064
 40
7.0261508386483
 40
7.0261508386483
 40
7.0261508386483
 40
8.927150838648366
 40
8.927150838648366
 40
8.927150838648366
 40
14.65500925170299
 40
14.65500925170299
 40
14.65500925170299
 40
20.70232278748064
 40
20.70232278748064
 40
20.70232278748064
 40
22.70232278748064
 40
22.70232278748064
 40
22.70232278748064
 40
25.30485251833869
 40
25.30485251833869
 40
25.30485251833869
 40
26.30485251833869
 40
26.30485251833869
 40
26.30485251833869
 40
26.34485251833866
 40
26.34485251833866
 40
26.34485251833866
 40
27.34485251833866
 40
27.34485251833866
 40
27.34485251833866
 40
29.93706431524107
 40
29.93706431524107
 40
29.93706431524107
 40
31.87706431524112
 40
31.87706431524112
 40
31.87706431524112
 40
37.89843990558595
 40
37.89843990558595
 40
37.89843990558595
 40
43.66263976332862
 40
43.66263976332862
 40
43.66263976332862
 40
45.62263976332866
 40
45.62263976332866
 40
45.62263976332866
 40
45.62263976332866
 10
214.3211783333333
 20
382.6330788888888
 30
0.0
 10
214.4835737037037
 20
382.3884862962962
 30
0.0
 10
214.645969074074
 20
382.1438937037037
 30
0.0
 10
214.8083644444444
 20
381.8993011111111
 30
0.0
 10
214.9350116666666
 20
381.7088011111111
 30
0.0
 10
215.0411977777778
 20
381.5324122222223
 30
0.0
 10
215.1537338888889
 20
381.3419122222222
 30
0.0
 10
215.160907037037
 20
381.3419122222222
 30
0.0
 10
215.1680801851852
 20
381.3419122222222
 30
0.0
 10
215.1752533333333
 20
381.3419122222222
 30
0.0
 10
215.2881422222222
 20
381.5465233333334
 30
0.0
 10
215.4006783333333
 20
381.7229122222222
 30
0.0
 10
215.51392
 20
381.9063566666667
 30
0.0
 10
215.6738459259259
 20
382.1485974074074
 30
0.0
 10
215.8337718518518
 20
382.3908381481481
 30
0.0
 10
215.9936977777778
 20
382.6330788888889
 30
0.0
 10
216.2172412962963
 20
382.6330788888889
 30
0.0
 10
216.4407848148148
 20
382.6330788888889
 30
0.0
 10
216.6643283333333
 20
382.6330788888889
 30
0.0
 10
216.2761551851852
 20
382.0826279629629
 30
0.0
 10
215.887982037037
 20
381.5321770370369
 30
0.0
 10
215.4998088888889
 20
380.9817261111111
 30
0.0
 10
215.8996237037037
 20
380.3936455555556
 30
0.0
 10
216.2994385185185
 20
379.8055649999999
 30
0.0
 10
216.6992533333333
 20
379.2174844444444
 30
0.0
 10
216.4640681481481
 20
379.2174844444444
 30
0.0
 10
216.228882962963
 20
379.2174844444444
 30
0.0
 10
215.9936977777778
 20
379.2174844444444
 30
0.0
 10
215.8267162962963
 20
379.4739538888889
 30
0.0
 10
215.6597348148148
 20
379.7304233333334
 30
0.0
 10
215.4927533333333
 20
379.9868927777778
 30
0.0
 10
215.358345
 20
380.1844483333333
 30
0.0
 10
215.2458088888889
 20
380.3749483333333
 30
0.0
 10
215.1255116666666
 20
380.5795594444444
 30
0.0
 10
215.1208079629629
 20
380.5795594444444
 30
0.0
 10
215.1161042592592
 20
380.5795594444444
 30
0.0
 10
215.1114005555555
 20
380.5795594444444
 30
0.0
 10
214.9988644444444
 20
380.3749483333333
 30
0.0
 10
214.8785672222222
 20
380.1915038888889
 30
0.0
 10
214.75192
 20
379.9868927777778
 30
0.0
 10
214.5871727777777
 20
379.7304233333334
 30
0.0
 10
214.4224255555556
 20
379.4739538888889
 30
0.0
 10
214.2576783333333
 20
379.2174844444444
 30
0.0
 10
214.0295487037037
 20
379.2174844444444
 30
0.0
 10
213.801419074074
 20
379.2174844444444
 30
0.0
 10
213.5732894444444
 20
379.2174844444444
 30
0.0
 10
213.9778079629629
 20
379.798627037037
 30
0.0
 10
214.3823264814814
 20
380.3797696296297
 30
0.0
 10
214.786845
 20
380.9609122222222
 30
0.0
 10
214.4011412962963
 20
381.518301111111
 30
0.0
 10
214.0154375925925
 20
382.07569
 30
0.0
 10
213.6297338888888
 20
382.6330788888889
 30
0.0
 10
213.8602153703704
 20
382.6330788888888
 30
0.0
 10
214.0906968518518
 20
382.6330788888888
 30
0.0
 10
214.3211783333333
 20
382.6330788888888
 30
0.0
  0
SPLINE
  5
193
330
1F
100
AcDbEntity
  8
DEFAULT
 62
    18
100
AcDbSpline
210
0.0
220
0.0
230
1.0
 70
    11
 71
     3
 72
    47
 73
    43
 74
     0
 42
0.000000001
 43
0.0000000001
 40
8.301999999999992
 40
8.301999999999992
 40
8.301999999999992
 40
8.301999999999992
 40
9.38199999999992
 40
9.38199999999992
 40
9.38199999999992
 40
11.30623517273747
 40
11.30623517273747
 40
11.30623517273747
 40
12.30623517273747
 40
12.30623517273747
 40
12.30623517273747
 40
13.30623517273747
 40
13.30623517273747
 40
13.30623517273747
 40
14.30623517273747
 40
14.30623517273747
 40
14.30623517273747
 40
15.66682328087308
 40
15.66682328087308
 40
15.66682328087308
 40
16.66682328087307
 40
16.66682328087307
 40
16.66682328087307
 40
17.66682328087307
 40
17.66682328087307
 40
17.66682328087307
 40
18.66682328087307
 40
18.66682328087307
 40
18.66682328087307
 40
20.08358084658431
 40
20.08358084658431
 40
20.08358084658431
 40
20.12358084658427
 40
20.12358084658427
 40
20.12358084658427
 40
25.96558084658426
 40
25.96558084658426
 40
25.96558084658426
 40
27.42558084658429
 40
27.42558084658429
 40
27.42558084658429
 40
35.72758084658429
 40
35.72758084658429
 40
35.72758084658429
 40
35.72758084658429
 10
79.95916472222221
 20
379.2175549999999
 30
0.0
 10
79.95916472222221
 20
379.344555
 30
0.0
 10
79.95916472222221
 20
379.4715549999999
 30
0.0
 10
79.95916472222221
 20
379.5985549999999
 30
0.0
 10
80.1214425
 20
379.7562466666666
 30
0.0
 10
80.28372027777777
 20
379.9139383333333
 30
0.0
 10
80.44599805555555
 20
380.07163
 30
0.0
 10
81.61757305555555
 20
381.1864077777777
 30
0.0
 10
82.14673972222221
 20
381.7794272222222
 30
0.0
 10
82.15379527777777
 20
382.4708716666667
 30
0.0
 10
82.15379527777777
 20
382.9365383333333
 30
0.0
 10
81.9280175
 20
383.3672799999999
 30
0.0
 10
81.2436286111111
 20
383.3672799999999
 30
0.0
 10
80.82699805555555
 20
383.3672799999999
 30
0.0
 10
80.48127583333333
 20
383.1552605555555
 30
0.0
 10
80.26960916666665
 20
382.9788716666666
 30
0.0
 10
80.20375731481481
 20
383.1246864814814
 30
0.0
 10
80.13790546296295
 20
383.2705012962962
 30
0.0
 10
80.0720536111111
 20
383.4163161111111
 30
0.0
 10
80.38955361111111
 20
383.68478
 30
0.0
 10
80.84110916666666
 20
383.8823355555555
 30
0.0
 10
81.3706286111111
 20
383.8823355555555
 30
0.0
 10
82.35840638888888
 20
383.8823355555555
 30
0.0
 10
82.77468416666666
 20
383.2050022222222
 30
0.0
 10
82.77468416666666
 20
382.5484827777777
 30
0.0
 10
82.77468416666666
 20
381.701816111111
 30
0.0
 10
82.16085083333333
 20
381.0174272222222
 30
0.0
 10
81.19423972222222
 20
380.0857411111111
 30
0.0
 10
81.07182583333334
 20
379.9727346296295
 30
0.0
 10
80.94941194444444
 20
379.8597281481481
 30
0.0
 10
80.82699805555555
 20
379.7467216666666
 30
0.0
 10
80.82699805555555
 20
379.742017962963
 30
0.0
 10
80.82699805555555
 20
379.7373142592592
 30
0.0
 10
80.82699805555555
 20
379.7326105555555
 30
0.0
 10
81.51397398148147
 20
379.7326105555555
 30
0.0
 10
82.20094990740739
 20
379.7326105555555
 30
0.0
 10
82.88792583333333
 20
379.7326105555555
 30
0.0
 10
82.88792583333333
 20
379.5609253703703
 30
0.0
 10
82.88792583333333
 20
379.3892401851851
 30
0.0
 10
82.88792583333333
 20
379.2175549999999
 30
0.0
 10
81.91167212962962
 20
379.2175549999999
 30
0.0
 10
80.93541842592592
 20
379.2175549999999
 30
0.0
 10
79.95916472222221
 20
379.2175549999999
 30
0.0
  0
SPLINE
  5
194
330
1F
100
AcDbEntity
  8
DEFAULT
 62
    18
100
AcDbSpline
210
0.0
220
0.0
230
1.0
 70
    11
 71
     3
 72
    59
 73
    55
 74
     0
 42
0.000000001
 43
0.0000000001
 40
0.0
 40
0.0
 40
0.0
 40
0.0
 40
2.496710035226502
 40
2.496710035226502
 40
2.496710035226502
 40
3.496710035226502
 40
3.496710035226502
 40
3.496710035226502
 40
3.557710035226481
 40
3.557710035226481
 40
3.557710035226481
 40
4.557710035226481
 40
4.557710035226481
 40
4.557710035226481
 40
7.026150838648702
 40
7.026150838648702
 40
7.026150838648702
 40
8.927150838648712
 40
8.927150838648712
 40
8.927150838648712
 40
14.65500925170331
 40
14.65500925170331
 40
14.65500925170331
 40
20.70232278748096
 40
20.70232278748096
 40
20.70232278748096
 40
22.70232278748096
 40
22.70232278748096
 40
22.70232278748096
 40
25.30485251833902
 40
25.30485251833902
 40
25.30485251833902
 40
26.30485251833902
 40
26.30485251833902
 40
26.30485251833902
 40
26.34485251833901
 40
26.34485251833901
 40
26.34485251833901
 40
27.34485251833901
 40
27.34485251833901
 40
27.34485251833901
 40
29.93706431524146
 40
29.93706431524146
 40
29.93706431524146
 40
31.87706431524146
 40
31.87706431524146
 40
31.87706431524146
 40
37.89843990558625
 40
37.89843990558625
 40
37.89843990558625
 40
43.66263976332888
 40
43.66263976332888
 40
43.66263976332888
 40
45.62263976332888
 40
45.62263976332888
 40
45.62263976332888
 40
45.62263976332888
 10
77.17931111111109
 20
382.6330788888889
 30
0.0
 10
77.34170648148147
 20
382.3884862962962
 30
0.0
 10
77.50410185185184
 20
382.1438937037037
 30
0.0
 10
77.6664972222222
 20
381.8993011111111
 30
0.0
 10
77.79314444444445
 20
381.7088011111111
 30
0.0
 10
77.89933055555555
 20
381.5324122222223
 30
0.0
 10
78.01186666666666
 20
381.3419122222222
 30
0.0
 10
78.0190398148148
 20
381.3419122222222
 30
0.0
 10
78.02621296296296
 20
381.3419122222222
 30
0.0
 10
78.0333861111111
 20
381.3419122222222
 30
0.0
 10
78.146275
 20
381.5465233333334
 30
0.0
 10
78.25916388888889
 20
381.7229122222222
 30
0.0
 10
78.37205277777777
 20
381.9063566666667
 30
0.0
 10
78.5319787037037
 20
382.1485974074074
 30
0.0
 10
78.69190462962963
 20
382.3908381481481
 30
0.0
 10
78.85183055555555
 20
382.6330788888889
 30
0.0
 10
79.07537407407408
 20
382.6330788888889
 30
0.0
 10
79.29891759259259
 20
382.6330788888889
 30
0.0
 10
79.52246111111111
 20
382.6330788888889
 30
0.0
 10
79.13428796296296
 20
382.0826279629629
 30
0.0
 10
78.74611481481482
 20
381.5321770370369
 30
0.0
 10
78.35794166666666
 20
380.9817261111111
 30
0.0
 10
78.75775648148147
 20
380.3936455555556
 30
0.0
 10
79.15757129629628
 20
379.8055649999999
 30
0.0
 10
79.5573861111111
 20
379.2174844444444
 30
0.0
 10
79.32220092592591
 20
379.2174844444444
 30
0.0
 10
79.08701574074074
 20
379.2174844444444
 30
0.0
 10
78.85183055555555
 20
379.2174844444444
 30
0.0
 10
78.68484907407408
 20
379.4739538888889
 30
0.0
 10
78.5178675925926
 20
379.7304233333334
 30
0.0
 10
78.35088611111111
 20
379.9868927777778
 30
0.0
 10
78.21647777777777
 20
380.1844483333333
 30
0.0
 10
78.10394166666667
 20
380.3749483333333
 30
0.0
 10
77.98364444444444
 20
380.5795594444444
 30
0.0
 10
77.97894074074073
 20
380.5795594444444
 30
0.0
 10
77.97423703703703
 20
380.5795594444444
 30
0.0
 10
77.96953333333333
 20
380.5795594444444
 30
0.0
 10
77.85699722222222
 20
380.3749483333333
 30
0.0
 10
77.7367
 20
380.1915038888889
 30
0.0
 10
77.61005277777778
 20
379.9868927777778
 30
0.0
 10
77.44530555555555
 20
379.7304233333334
 30
0.0
 10
77.28055833333332
 20
379.4739538888889
 30
0.0
 10
77.1158111111111
 20
379.2174844444444
 30
0.0
 10
76.88768148148148
 20
379.2174844444444
 30
0.0
 10
76.65955185185186
 20
379.2174844444444
 30
0.0
 10
76.43142222222222
 20
379.2174844444444
 30
0.0
 10
76.83594074074074
 20
379.798627037037
 30
0.0
 10
77.24045925925925
 20
380.3797696296297
 30
0.0
 10
77.64497777777777
 20
380.9609122222222
 30
0.0
 10
77.25927407407407
 20
381.518301111111
 30
0.0
 10
76.87357037037037
 20
382.07569
 30
0.0
 10
76.48786666666666
 20
382.6330788888889
 30
0.0
 10
76.71834814814814
 20
382.6330788888889
 30
0.0
 10
76.9488296296296
 20
382.6330788888889
 30
0.0
 10
77.17931111111109
 20
382.6330788888889
 30
0.0
  0
SPLINE
  5
195
330
1F
100
AcDbEntity
  8
DEFAULT
 62
     1
100
AcDbSpline
210
0.0
220
0.0
230
1.0
 70
    11
 71
     3
 72
   149
 73
   145
 74
     0
 42
0.000000001
 43
0.0000000001
 40
1.0
 40
1.0
 40
1.0
 40
1.0
 40
23.07600000000002
 40
23.07600000000002
 40
23.07600000000002
 40
24.07600000000002
 40
24.07600000000002
 40
24.07600000000002
 40
24.50026406871209
 40
24.50026406871209
 40
24.50026406871209
 40
25.50026406871209
 40
25.50026406871209
 40
25.50026406871209
 40
107.1072640687121
 40
107.1072640687121
 40
107.1072640687121
 40
108.1072640687121
 40
108.1072640687121
 40
108.1072640687121
 40
108.5343565645489
 40
108.5343565645489
 40
108.5343565645489
 40
109.5343565645489
 40
109.5343565645489
 40
109.5343565645489
 40
131.6103565645489
 40
131.6103565645489
 40
131.6103565645489
 40
132.6103565645489
 40
132.6103565645489
 40
132.6103565645489
 40
133.0431059146351
 40
133.0431059146351
 40
133.0431059146351
 40
134.0431059146351
 40
134.0431059146351
 40
134.0431059146351
 40
139.4131059146351
 40
139.4131059146351
 40
139.4131059146351
 40
140.4131059146351
 40
140.4131059146351
 40
140.4131059146351
 40
141.4131059146351
 40
141.4131059146351
 40
141.4131059146351
 40
145.6631059146351
 40
145.6631059146351
 40
145.6631059146351
 40
154.1731059146351
 40
154.1731059146351
 40
154.1731059146351
 40
158.4231059146351
 40
158.4231059146351
 40
158.4231059146351
 40
159.4231059146351
 40
159.4231059146351
 40
159.4231059146351
 40
160.4231059146351
 40
160.4231059146351
 40
160.4231059146351
 40
170.3331059146351
 40
170.3331059146351
 40
170.3331059146351
 40
171.3331059146351
 40
171.3331059146351
 40
171.3331059146351
 40
172.3331059146351
 40
172.3331059146351
 40
172.3331059146351
 40
176.5831176793247
 40
176.5831176793247
 40
176.5831176793247
 40
185.0931176793247
 40
185.0931176793247
 40
185.0931176793247
 40
189.3431294440143
 40
189.3431294440143
 40
189.3431294440143
 40
190.3431294440143
 40
190.3431294440143
 40
190.3431294440143
 40
191.3431294440143
 40
191.3431294440143
 40
191.3431294440143
 40
208.3431294440143
 40
208.3431294440143
 40
208.3431294440143
 40
209.3431294440143
 40
209.3431294440143
 40
209.3431294440143
 40
210.3431294440143
 40
210.3431294440143
 40
210.3431294440143
 40
214.5931412087039
 40
214.5931412087039
 40
214.5931412087039
 40
223.1031470841425
 40
223.1031470841425
 40
223.1031470841425
 40
227.3531588488321
 40
227.3531588488321
 40
227.3531588488321
 40
228.3531588488321
 40
228.3531588488321
 40
228.3531588488321
 40
229.3531588488321
 40
229.3531588488321
 40
229.3531588488321
 40
239.2731588488321
 40
239.2731588488321
 40
239.2731588488321
 40
240.2731588488321
 40
240.2731588488321
 40
240.2731588488321
 40
241.2731588488321
 40
241.2731588488321
 40
241.2731588488321
 40
245.5231588488321
 40
245.5231588488321
 40
245.5231588488321
 40
254.0331588488321
 40
254.0331588488321
 40
254.0331588488321
 40
258.2831588488321
 40
258.2831588488321
 40
258.2831588488321
 40
259.2831588488321
 40
259.2831588488321
 40
259.2831588488321
 40
260.2831588488321
 40
260.2831588488321
 40
260.2831588488321
 40
265.6491588488321
 40
265.6491588488321
 40
265.6491588488321
 40
266.6491588488321
 40
266.6491588488321
 40
266.6491588488321
 40
267.077665558231
 40
267.077665558231
 40
267.077665558231
 40
268.077665558231
 40
268.077665558231
 40
268.077665558231
 40
268.077665558231
 10
123.6221527777778
 20
386.3470174999999
 30
0.0
 10
123.6221527777778
 20
383.7510434259259
 30
0.0
 10
123.6221527777778
 20
381.1550693518518
 30
0.0
 10
123.6221527777778
 20
378.5590952777777
 30
0.0
 10
123.6221527777778
 20
378.2938063888889
 30
0.0
 10
123.5166722222222
 20
378.0398063888888
 30
0.0
 10
123.3293472222222
 20
377.8521286111111
 30
0.0
 10
123.2940694444444
 20
377.8168508333333
 30
0.0
 10
123.2587916666667
 20
377.7815730555555
 30
0.0
 10
123.2235138888889
 20
377.7462952777777
 30
0.0
 10
123.0361888888889
 20
377.5589702777777
 30
0.0
 10
122.7818361111111
 20
377.4534897222222
 30
0.0
 10
122.5169
 20
377.4534897222222
 30
0.0
 10
112.9205212962963
 20
377.4534897222222
 30
0.0
 10
103.3241425925926
 20
377.4534897222222
 30
0.0
 10
93.72776388888889
 20
377.4534897222222
 30
0.0
 10
93.46353333333333
 20
377.4534897222222
 30
0.0
 10
93.2098861111111
 20
377.5586174999999
 30
0.0
 10
93.02291388888888
 20
377.7455897222221
 30
0.0
 10
92.98740092592591
 20
377.7811026851851
 30
0.0
 10
92.95188796296297
 20
377.8166156481481
 30
0.0
 10
92.91637499999999
 20
377.8521286111111
 30
0.0
 10
92.72869722222222
 20
378.0398063888888
 30
0.0
 10
92.62356944444444
 20
378.2938063888889
 30
0.0
 10
92.62356944444444
 20
378.5590952777777
 30
0.0
 10
92.62356944444444
 20
381.1550693518518
 30
0.0
 10
92.62356944444444
 20
383.7510434259259
 30
0.0
 10
92.62356944444444
 20
386.3470174999999
 30
0.0
 10
92.62356944444444
 20
386.6112480555555
 30
0.0
 10
92.72869722222222
 20
386.8645425
 30
0.0
 10
92.91531666666666
 20
387.0515147222222
 30
0.0
 10
92.95129999999999
 20
387.0874980555555
 30
0.0
 10
92.98728333333332
 20
387.1234813888888
 30
0.0
 10
93.02326666666666
 20
387.1594647222222
 30
0.0
 10
93.2098861111111
 20
387.3460841666666
 30
0.0
 10
93.46353333333333
 20
387.4512119444444
 30
0.0
 10
93.72776388888889
 20
387.4512119444444
 30
0.0
 10
94.3592361111111
 20
387.4512119444444
 30
0.0
 10
94.99070833333332
 20
387.4512119444444
 30
0.0
 10
95.62218055555554
 20
387.4512119444444
 30
0.0
 10
95.65040277777777
 20
387.4512119444444
 30
0.0
 10
95.67156944444443
 20
386.6680452777778
 30
0.0
 10
95.67156944444443
 20
385.7014341666666
 30
0.0
 10
95.67156944444443
 20
384.7348230555555
 30
0.0
 10
95.62218055555554
 20
384.2867952777777
 30
0.0
 10
95.62218055555554
 20
383.9516563888889
 30
0.0
 10
95.62218055555554
 20
383.4518878703704
 30
0.0
 10
95.62218055555554
 20
382.9521193518519
 30
0.0
 10
95.62218055555554
 20
382.4523508333333
 30
0.0
 10
96.6228935185185
 20
382.4523508333334
 30
0.0
 10
97.62360648148147
 20
382.4523508333334
 30
0.0
 10
98.62431944444444
 20
382.4523508333333
 30
0.0
 10
98.62431944444444
 20
382.9521193518519
 30
0.0
 10
98.62431944444444
 20
383.4518878703704
 30
0.0
 10
98.62431944444444
 20
383.9516563888889
 30
0.0
 10
98.62431944444444
 20
384.2867952777777
 30
0.0
 10
98.57493055555555
 20
384.7348230555555
 30
0.0
 10
98.57493055555555
 20
385.7014341666666
 30
0.0
 10
98.57493055555555
 20
386.6680452777778
 30
0.0
 10
98.59609722222221
 20
387.4512119444444
 30
0.0
 10
98.62431944444444
 20
387.4512119444444
 30
0.0
 10
99.78966203703703
 20
387.4512119444444
 30
0.0
 10
100.9550046296296
 20
387.4512119444444
 30
0.0
 10
102.1203472222222
 20
387.4512119444444
 30
0.0
 10
102.1485694444444
 20
387.4512119444444
 30
0.0
 10
102.1697361111111
 20
386.6680452777778
 30
0.0
 10
102.1697361111111
 20
385.7014341666666
 30
0.0
 10
102.1697361111111
 20
384.7348230555555
 30
0.0
 10
102.1203472222222
 20
384.2867952777777
 30
0.0
 10
102.1203472222222
 20
383.9516563888889
 30
0.0
 10
102.1215231481481
 20
383.4518878703704
 30
0.0
 10
102.1226990740741
 20
382.9521193518519
 30
0.0
 10
102.123875
 20
382.4523508333333
 30
0.0
 10
103.124587962963
 20
382.4523508333334
 30
0.0
 10
104.1253009259259
 20
382.4523508333334
 30
0.0
 10
105.1260138888889
 20
382.4523508333333
 30
0.0
 10
105.1248379629629
 20
382.9521193518519
 30
0.0
 10
105.123662037037
 20
383.4518878703704
 30
0.0
 10
105.1224861111111
 20
383.9516563888889
 30
0.0
 10
105.1224861111111
 20
384.2867952777777
 30
0.0
 10
105.0730972222222
 20
384.7348230555555
 30
0.0
 10
105.0730972222222
 20
385.7014341666666
 30
0.0
 10
105.0730972222222
 20
386.6680452777778
 30
0.0
 10
105.0942638888889
 20
387.4512119444444
 30
0.0
 10
105.1224861111111
 20
387.4512119444444
 30
0.0
 10
107.1215601851852
 20
387.4512119444444
 30
0.0
 10
109.1206342592592
 20
387.4512119444444
 30
0.0
 10
111.1197083333333
 20
387.4512119444444
 30
0.0
 10
111.1479305555555
 20
387.4512119444444
 30
0.0
 10
111.1690972222222
 20
386.6680452777778
 30
0.0
 10
111.1690972222222
 20
385.7014341666666
 30
0.0
 10
111.1690972222222
 20
384.7348230555555
 30
0.0
 10
111.1197083333333
 20
384.2867952777777
 30
0.0
 10
111.1197083333333
 20
383.9516563888889
 30
0.0
 10
111.1208842592592
 20
383.4518878703704
 30
0.0
 10
111.1220601851852
 20
382.9521193518519
 30
0.0
 10
111.1232361111111
 20
382.4523508333333
 30
0.0
 10
112.1239490740741
 20
382.4535267592592
 30
0.0
 10
113.124662037037
 20
382.4547026851851
 30
0.0
 10
114.125375
 20
382.4558786111111
 30
0.0
 10
114.1241990740741
 20
382.9556471296296
 30
0.0
 10
114.1230231481481
 20
383.4554156481481
 30
0.0
 10
114.1218472222222
 20
383.9551841666666
 30
0.0
 10
114.1218472222222
 20
384.2903230555555
 30
0.0
 10
114.0724583333333
 20
384.7383508333333
 30
0.0
 10
114.0724583333333
 20
385.7049619444444
 30
0.0
 10
114.0724583333333
 20
386.6257119444444
 30
0.0
 10
114.0900972222222
 20
387.3806563888888
 30
0.0
 10
114.1218472222222
 20
387.4512119444444
 30
0.0
 10
115.2883657407407
 20
387.4512119444444
 30
0.0
 10
116.4548842592593
 20
387.4512119444444
 30
0.0
 10
117.6214027777778
 20
387.4512119444444
 30
0.0
 10
117.649625
 20
387.4512119444444
 30
0.0
 10
117.6707916666667
 20
386.6680452777778
 30
0.0
 10
117.6707916666667
 20
385.7014341666666
 30
0.0
 10
117.6707916666667
 20
384.7348230555555
 30
0.0
 10
117.6214027777778
 20
384.2867952777777
 30
0.0
 10
117.6214027777778
 20
383.9516563888889
 30
0.0
 10
117.6214027777778
 20
383.4518878703704
 30
0.0
 10
117.6214027777778
 20
382.9521193518519
 30
0.0
 10
117.6214027777778
 20
382.4523508333333
 30
0.0
 10
118.6221157407407
 20
382.4523508333334
 30
0.0
 10
119.6228287037037
 20
382.4523508333334
 30
0.0
 10
120.6235416666667
 20
382.4523508333333
 30
0.0
 10
120.6235416666667
 20
382.9521193518519
 30
0.0
 10
120.6235416666667
 20
383.4518878703704
 30
0.0
 10
120.6235416666667
 20
383.9516563888889
 30
0.0
 10
120.6235416666667
 20
384.2867952777777
 30
0.0
 10
120.5741527777778
 20
384.7348230555555
 30
0.0
 10
120.5741527777778
 20
385.7014341666666
 30
0.0
 10
120.5741527777778
 20
386.6680452777778
 30
0.0
 10
120.5953194444444
 20
387.4512119444444
 30
0.0
 10
120.6235416666667
 20
387.4512119444444
 30
0.0
 10
121.2545435185185
 20
387.4512119444444
 30
0.0
 10
121.8855453703704
 20
387.4512119444444
 30
0.0
 10
122.5165472222222
 20
387.4512119444444
 30
0.0
 10
122.7818361111111
 20
387.4512119444444
 30
0.0
 10
123.0361888888889
 20
387.3460841666666
 30
0.0
 10
123.2235138888889
 20
387.1584063888888
 30
0.0
 10
123.2591444444444
 20
387.1227758333333
 30
0.0
 10
123.294775
 20
387.0871452777777
 30
0.0
 10
123.3304055555555
 20
387.0515147222222
 30
0.0
 10
123.5173777777778
 20
386.8645425
 30
0.0
 10
123.6221527777778
 20
386.6112480555555
 30
0.0
 10
123.6221527777778
 20
386.3470174999999
 30
0.0
  0
SPLINE
  5
196
330
1F
100
AcDbEntity
  8
DEFAULT
 62
     1
100
AcDbSpline
210
0.0
220
0.0
230
1.0
 70
    11
 71
     3
 72
    29
 73
    25
 74
     0
 42
0.000000001
 43
0.0000000001
 40
0.0
 40
0.0
 40
0.0
 40
0.0
 40
4.253956511296011
 40
4.253956511296011
 40
4.253956511296011
 40
5.253956511296011
 40
5.253956511296011
 40
5.253956511296011
 40
10.90495651129585
 40
10.90495651129585
 40
10.90495651129585
 40
11.90495651129585
 40
11.90495651129585
 40
11.90495651129585
 40
19.76656970452784
 40
19.76656970452784
 40
19.76656970452784
 40
20.76656970452784
 40
20.76656970452784
 40
20.76656970452784
 40
21.76656970452784
 40
21.76656970452784
 40
21.76656970452784
 40
22.76656970452784
 40
22.76656970452784
 40
22.76656970452784
 40
22.76656970452784
 10
255.0717036111111
 20
398.2302663888889
 30
0.0
 10
254.7176323148148
 20
398.5836321296297
 30
0.0
 10
254.3635610185185
 20
398.9369978703703
 30
0.0
 10
254.0094897222222
 20
399.290363611111
 30
0.0
 10
253.9152980555555
 20
399.3842025
 30
0.0
 10
253.8627341666667
 20
399.5115552777777
 30
0.0
 10
253.8627341666667
 20
399.6441997222222
 30
0.0
 10
253.8627341666667
 20
400.3087154629629
 30
0.0
 10
253.8627341666667
 20
400.9732312037036
 30
0.0
 10
253.8627341666667
 20
401.6377469444444
 30
0.0
 10
253.8627341666667
 20
402.0829525
 30
0.0
 10
254.4010730555555
 20
402.3062608333333
 30
0.0
 10
254.7161036111111
 20
401.9912302777777
 30
0.0
 10
255.3698008333333
 20
401.3375330555555
 30
0.0
 10
256.0234980555555
 20
400.6838358333334
 30
0.0
 10
256.6771952777777
 20
400.0301386111111
 30
0.0
 10
256.8676952777777
 20
399.839638611111
 30
0.0
 10
256.8669897222222
 20
399.5358969444444
 30
0.0
 10
256.6842508333333
 20
399.3376358333333
 30
0.0
 10
256.3776869444444
 20
399.0049663888888
 30
0.0
 10
256.0905258333333
 20
398.6543052777777
 30
0.0
 10
255.8248841666666
 20
398.2870636111111
 30
0.0
 10
255.6460258333333
 20
398.0401191666666
 30
0.0
 10
255.2876036111111
 20
398.0150719444443
 30
0.0
 10
255.0717036111111
 20
398.2302663888889
 30
0.0
  0
SPLINE
  5
197
330
1F
100
AcDbEntity
  8
DEFAULT
 62
     1
100
AcDbSpline
210
0.0
220
0.0
230
1.0
 70
    11
 71
     3
 72
   185
 73
   181
 74
     0
 42
0.000000001
 43
0.0000000001
 40
17.66029466517149
 40
17.66029466517149
 40
17.66029466517149
 40
17.66029466517149
 40
21.98029466517154
 40
21.98029466517154
 40
21.98029466517154
 40
22.98029466517154
 40
22.98029466517154
 40
22.98029466517154
 40
26.29592205678234
 40
26.29592205678234
 40
26.29592205678234
 40
27.29592205678234
 40
27.29592205678234
 40
27.29592205678234
 40
31.8029220567824
 40
31.8029220567824
 40
31.8029220567824
 40
32.8029220567824
 40
32.8029220567824
 40
32.8029220567824
 40
47.69092205678243
 40
47.69092205678243
 40
47.69092205678243
 40
48.69092205678243
 40
48.69092205678243
 40
48.69092205678243
 40
60.41333827529308
 40
60.41333827529308
 40
60.41333827529308
 40
61.41333827529308
 40
61.41333827529308
 40
61.41333827529308
 40
64.734338275293
 40
64.734338275293
 40
64.734338275293
 40
65.734338275293
 40
65.734338275293
 40
65.734338275293
 40
69.05632593330738
 40
69.05632593330738
 40
69.05632593330738
 40
70.05632593330738
 40
70.05632593330738
 40
70.05632593330738
 40
74.55232593330747
 40
74.55232593330747
 40
74.55232593330747
 40
75.55232593330747
 40
75.55232593330747
 40
75.55232593330747
 40
76.55232593330747
 40
76.55232593330747
 40
76.55232593330747
 40
86.47232593330732
 40
86.47232593330732
 40
86.47232593330732
 40
94.98232593330731
 40
94.98232593330731
 40
94.98232593330731
 40
104.9023259333072
 40
104.9023259333072
 40
104.9023259333072
 40
105.9023259333072
 40
105.9023259333072
 40
105.9023259333072
 40
106.9023259333072
 40
106.9023259333072
 40
106.9023259333072
 40
111.3963259333071
 40
111.3963259333071
 40
111.3963259333071
 40
112.3963259333071
 40
112.3963259333071
 40
112.3963259333071
 40
115.711953324918
 40
115.711953324918
 40
115.711953324918
 40
116.711953324918
 40
116.711953324918
 40
116.711953324918
 40
138.0249533249179
 40
138.0249533249179
 40
138.0249533249179
 40
139.0249533249179
 40
139.0249533249179
 40
139.0249533249179
 40
154.6845411228134
 40
154.6845411228134
 40
154.6845411228134
 40
155.6845411228134
 40
155.6845411228134
 40
155.6845411228134
 40
160.0045411228135
 40
160.0045411228135
 40
160.0045411228135
 40
161.0045411228135
 40
161.0045411228135
 40
161.0045411228135
 40
164.3208746404199
 40
164.3208746404199
 40
164.3208746404199
 40
165.3208746404199
 40
165.3208746404199
 40
165.3208746404199
 40
169.8188746404199
 40
169.8188746404199
 40
169.8188746404199
 40
170.8288746404199
 40
170.8288746404199
 40
170.8288746404199
 40
185.7088767909574
 40
185.7088767909574
 40
185.7088767909574
 40
186.7088767909574
 40
186.7088767909574
 40
186.7088767909574
 40
198.4327072230303
 40
198.4327072230303
 40
198.4327072230303
 40
199.4327072230303
 40
199.4327072230303
 40
199.4327072230303
 40
202.7567072230304
 40
202.7567072230304
 40
202.7567072230304
 40
203.7567072230304
 40
203.7567072230304
 40
203.7567072230304
 40
207.0730407406368
 40
207.0730407406368
 40
207.0730407406368
 40
208.0730407406368
 40
208.0730407406368
 40
208.0730407406368
 40
212.5670407406367
 40
212.5670407406367
 40
212.5670407406367
 40
213.5670407406367
 40
213.5670407406367
 40
213.5670407406367
 40
214.5670407406367
 40
214.5670407406367
 40
214.5670407406367
 40
224.4860457814663
 40
224.4860457814663
 40
224.4860457814663
 40
232.9960457814663
 40
232.9960457814663
 40
232.9960457814663
 40
242.9150508222958
 40
242.9150508222958
 40
242.9150508222958
 40
243.9150508222958
 40
243.9150508222958
 40
243.9150508222958
 40
244.9150508222958
 40
244.9150508222958
 40
244.9150508222958
 40
249.4110508222958
 40
249.4110508222958
 40
249.4110508222958
 40
250.4110508222958
 40
250.4110508222958
 40
250.4110508222958
 40
253.7330384803101
 40
253.7330384803101
 40
253.7330384803101
 40
254.7330384803101
 40
254.7330384803101
 40
254.7330384803101
 40
276.04403848031
 40
276.04403848031
 40
276.04403848031
 40
277.04403848031
 40
277.04403848031
 40
277.04403848031
 40
292.7043331454815
 40
292.7043331454815
 40
292.7043331454815
 40
293.7043331454815
 40
293.7043331454815
 40
293.7043331454815
 40
293.7043331454815
 10
280.1362119444444
 20
388.0984886111111
 30
0.0
 10
279.6282119444444
 20
388.0984886111111
 30
0.0
 10
279.1202119444444
 20
388.0984886111111
 30
0.0
 10
278.6122119444444
 20
388.0984886111111
 30
0.0
 10
278.3465702777777
 20
388.0984886111111
 30
0.0
 10
278.0918647222222
 20
388.2043219444444
 30
0.0
 10
277.9041869444444
 20
388.3923525
 30
0.0
 10
277.6289026851852
 20
388.6684599074074
 30
0.0
 10
277.3536184259259
 20
388.9445673148148
 30
0.0
 10
277.0783341666667
 20
389.2206747222222
 30
0.0
 10
276.8910091666666
 20
389.4079997222221
 30
0.0
 10
276.7862341666666
 20
389.6619997222222
 30
0.0
 10
276.7862341666666
 20
389.9269358333333
 30
0.0
 10
276.7862341666666
 20
390.4569256481481
 30
0.0
 10
276.7862341666666
 20
390.9869154629629
 30
0.0
 10
276.7862341666666
 20
391.5169052777777
 30
0.0
 10
276.7862341666666
 20
397.9074747222222
 30
0.0
 10
271.6056925
 20
403.0880163888888
 30
0.0
 10
265.2151230555555
 20
403.0880163888888
 30
0.0
 10
263.464404537037
 20
403.0880163888889
 30
0.0
 10
261.7136860185184
 20
403.0880163888889
 30
0.0
 10
259.9629674999999
 20
403.0880163888888
 30
0.0
 10
259.1674536111111
 20
403.0880163888888
 30
0.0
 10
258.4043952777777
 20
403.4041052777777
 30
0.0
 10
257.8417147222222
 20
403.9667858333333
 30
0.0
 10
256.8669897222222
 20
404.9415108333333
 30
0.0
 10
255.8922647222222
 20
405.9162358333333
 30
0.0
 10
254.9175397222222
 20
406.8909608333333
 30
0.0
 10
254.7298619444444
 20
407.078638611111
 30
0.0
 10
254.6247341666666
 20
407.3329913888888
 30
0.0
 10
254.6247341666666
 20
407.5982802777777
 30
0.0
 10
254.6247341666666
 20
407.9888052777778
 30
0.0
 10
254.6247341666666
 20
408.3793302777777
 30
0.0
 10
254.6247341666666
 20
408.7698552777777
 30
0.0
 10
254.6247341666666
 20
409.0351441666666
 30
0.0
 10
254.5192536111111
 20
409.2894969444444
 30
0.0
 10
254.3315758333333
 20
409.4771747222222
 30
0.0
 10
254.0553508333333
 20
409.7533997222222
 30
0.0
 10
253.7791258333333
 20
410.0296247222222
 30
0.0
 10
253.5029008333333
 20
410.3058497222221
 30
0.0
 10
253.3152230555555
 20
410.4935274999999
 30
0.0
 10
253.0608702777778
 20
410.5986552777777
 30
0.0
 10
252.7959341666667
 20
410.5986552777777
 30
0.0
 10
252.2672378703703
 20
410.5986552777777
 30
0.0
 10
251.738541574074
 20
410.5986552777777
 30
0.0
 10
251.2098452777777
 20
410.5986552777777
 30
0.0
 10
251.1816230555555
 20
410.5986552777777
 30
0.0
 10
251.1569286111111
 20
409.815488611111
 30
0.0
 10
251.1569286111111
 20
408.8488774999999
 30
0.0
 10
251.1569286111111
 20
407.8822663888888
 30
0.0
 10
251.2098452777777
 20
407.1908219444444
 30
0.0
 10
251.2098452777777
 20
407.0990997222221
 30
0.0
 10
251.2098452777777
 20
405.9325812037036
 30
0.0
 10
251.2098452777777
 20
404.7660626851852
 30
0.0
 10
251.2098452777777
 20
403.5995441666666
 30
0.0
 10
250.2091323148148
 20
403.5995441666666
 30
0.0
 10
249.2084193518518
 20
403.5995441666666
 30
0.0
 10
248.2077063888889
 20
403.5995441666666
 30
0.0
 10
248.2077063888889
 20
404.7660626851851
 30
0.0
 10
248.2077063888889
 20
405.9325812037036
 30
0.0
 10
248.2077063888889
 20
407.0990997222221
 30
0.0
 10
248.2077063888889
 20
407.1908219444444
 30
0.0
 10
248.2570952777778
 20
407.8822663888888
 30
0.0
 10
248.2570952777778
 20
408.8488774999999
 30
0.0
 10
248.2570952777778
 20
409.815488611111
 30
0.0
 10
248.2359286111111
 20
410.5986552777777
 30
0.0
 10
248.2077063888889
 20
410.5986552777777
 30
0.0
 10
247.6792452777778
 20
410.5986552777777
 30
0.0
 10
247.1507841666667
 20
410.5986552777777
 30
0.0
 10
246.6223230555555
 20
410.5986552777777
 30
0.0
 10
246.3566813888889
 20
410.5986552777777
 30
0.0
 10
246.1019758333333
 20
410.4931747222221
 30
0.0
 10
245.9142980555555
 20
410.3051441666667
 30
0.0
 10
245.6390137962962
 20
410.0290367592592
 30
0.0
 10
245.363729537037
 20
409.7529293518517
 30
0.0
 10
245.0884452777777
 20
409.4768219444443
 30
0.0
 10
244.9011202777777
 20
409.2894969444444
 30
0.0
 10
244.7963452777777
 20
409.0354969444443
 30
0.0
 10
244.7963452777777
 20
408.7705608333333
 30
0.0
 10
244.7963452777777
 20
406.2643099074073
 30
0.0
 10
244.7963452777777
 20
403.7580589814814
 30
0.0
 10
244.7963452777777
 20
401.2518080555555
 30
0.0
 10
244.7963452777777
 20
400.4555886111111
 30
0.0
 10
245.1124341666666
 20
399.6921775
 30
0.0
 10
245.6758202777778
 20
399.1294969444444
 30
0.0
 10
246.9783934259259
 20
397.827864537037
 30
0.0
 10
248.2809665740741
 20
396.5262321296296
 30
0.0
 10
249.5835397222222
 20
395.2245997222222
 30
0.0
 10
249.7708647222222
 20
395.0372747222222
 30
0.0
 10
250.0252175
 20
394.9317941666666
 30
0.0
 10
250.2901536111111
 20
394.9317941666666
 30
0.0
 10
250.798153611111
 20
394.9317941666666
 30
0.0
 10
251.3061536111111
 20
394.9317941666666
 30
0.0
 10
251.8141536111111
 20
394.9317941666666
 30
0.0
 10
252.0797952777777
 20
394.9317941666666
 30
0.0
 10
252.3345008333333
 20
394.826313611111
 30
0.0
 10
252.5221786111111
 20
394.6382830555555
 30
0.0
 10
252.7975804629629
 20
394.3621756481481
 30
0.0
 10
253.0729823148148
 20
394.0860682407408
 30
0.0
 10
253.3483841666666
 20
393.8099608333333
 30
0.0
 10
253.5353563888889
 20
393.6226358333333
 30
0.0
 10
253.6404841666667
 20
393.3686358333333
 30
0.0
 10
253.6404841666667
 20
393.1036997222222
 30
0.0
 10
253.6404841666667
 20
392.5747682407407
 30
0.0
 10
253.6404841666667
 20
392.0458367592591
 30
0.0
 10
253.6404841666667
 20
391.5169052777777
 30
0.0
 10
253.6404841666667
 20
385.1263358333333
 30
0.0
 10
258.8210258333333
 20
379.9457941666666
 30
0.0
 10
265.2151230555555
 20
379.9457941666666
 30
0.0
 10
266.9649008333333
 20
379.9448534259259
 30
0.0
 10
268.7146786111111
 20
379.9439126851851
 30
0.0
 10
270.4644563888888
 20
379.9429719444444
 30
0.0
 10
271.2596175
 20
379.9426191666666
 30
0.0
 10
272.0219702777777
 20
379.6265302777777
 30
0.0
 10
272.5842980555555
 20
379.0642025
 30
0.0
 10
273.5591406481481
 20
378.0893599074074
 30
0.0
 10
274.5339832407407
 20
377.1145173148148
 30
0.0
 10
275.5088258333333
 20
376.1396747222222
 30
0.0
 10
275.6965036111111
 20
375.9519969444444
 30
0.0
 10
275.8019841666666
 20
375.6976441666666
 30
0.0
 10
275.8019841666666
 20
375.4323552777777
 30
0.0
 10
275.8019841666666
 20
375.0414774999999
 30
0.0
 10
275.8019841666666
 20
374.6505997222221
 30
0.0
 10
275.8019841666666
 20
374.2597219444444
 30
0.0
 10
275.8019841666666
 20
373.995138611111
 30
0.0
 10
275.9067591666666
 20
373.741138611111
 30
0.0
 10
276.0937313888888
 20
373.553813611111
 30
0.0
 10
276.3691332407407
 20
373.2777062037036
 30
0.0
 10
276.6445350925925
 20
373.0015987962963
 30
0.0
 10
276.9199369444444
 20
372.7254913888888
 30
0.0
 10
277.1076147222222
 20
372.5374608333333
 30
0.0
 10
277.3623202777777
 20
372.4316274999999
 30
0.0
 10
277.6279619444444
 20
372.4316274999999
 30
0.0
 10
278.1564230555555
 20
372.4316274999999
 30
0.0
 10
278.6848841666666
 20
372.4316274999999
 30
0.0
 10
279.2133452777777
 20
372.4316274999999
 30
0.0
 10
279.2415675
 20
372.4316274999999
 30
0.0
 10
279.2662619444444
 20
373.2147941666666
 30
0.0
 10
279.2662619444444
 20
374.1814052777777
 30
0.0
 10
279.2662619444444
 20
375.1480163888888
 30
0.0
 10
279.2133452777777
 20
375.8394608333332
 30
0.0
 10
279.2133452777777
 20
375.9315358333333
 30
0.0
 10
279.2145212037037
 20
377.0979367592592
 30
0.0
 10
279.2156971296296
 20
378.2643376851851
 30
0.0
 10
279.2168730555555
 20
379.4307386111111
 30
0.0
 10
280.2175860185185
 20
379.4307386111111
 30
0.0
 10
281.2182989814814
 20
379.4307386111111
 30
0.0
 10
282.2190119444444
 20
379.4307386111111
 30
0.0
 10
282.2178360185185
 20
378.2643376851851
 30
0.0
 10
282.2166600925926
 20
377.0979367592592
 30
0.0
 10
282.2154841666667
 20
375.9315358333333
 30
0.0
 10
282.2154841666667
 20
375.8394608333332
 30
0.0
 10
282.1660952777777
 20
375.1480163888888
 30
0.0
 10
282.1660952777777
 20
374.1814052777777
 30
0.0
 10
282.1660952777777
 20
373.2147941666666
 30
0.0
 10
282.1872619444444
 20
372.4316274999999
 30
0.0
 10
282.2154841666667
 20
372.4316274999999
 30
0.0
 10
282.744180462963
 20
372.4316274999999
 30
0.0
 10
283.2728767592593
 20
372.4316274999999
 30
0.0
 10
283.8015730555555
 20
372.4316274999999
 30
0.0
 10
284.0665091666666
 20
372.4316274999999
 30
0.0
 10
284.3208619444444
 20
372.5371080555554
 30
0.0
 10
284.5085397222222
 20
372.7247858333333
 30
0.0
 10
284.7847647222222
 20
373.0010108333333
 30
0.0
 10
285.0609897222222
 20
373.2772358333332
 30
0.0
 10
285.3372147222222
 20
373.5534608333332
 30
0.0
 10
285.5248925
 20
373.741138611111
 30
0.0
 10
285.6303730555555
 20
373.9954913888888
 30
0.0
 10
285.6303730555555
 20
374.2607802777778
 30
0.0
 10
285.6303730555555
 20
376.7667960185185
 30
0.0
 10
285.6303730555555
 20
379.2728117592592
 30
0.0
 10
285.6303730555555
 20
381.7788274999999
 30
0.0
 10
285.6303730555555
 20
382.5750469444444
 30
0.0
 10
285.3139313888888
 20
383.3381052777777
 30
0.0
 10
284.7508980555555
 20
383.9007858333333
 30
0.0
 10
283.4483249074074
 20
385.2025358333333
 30
0.0
 10
282.1457517592592
 20
386.5042858333333
 30
0.0
 10
280.8431786111111
 20
387.8060358333333
 30
0.0
 10
280.6555008333333
 20
387.9933608333333
 30
0.0
 10
280.4015008333333
 20
388.0984886111111
 30
0.0
 10
280.1362119444444
 20
388.0984886111111
 30
0.0
  0
SPLINE
  5
198
330
1F
100
AcDbEntity
  8
DEFAULT
 62
     1
100
AcDbSpline
210
0.0
220
0.0
230
1.0
 70
    11
 71
     3
 72
    17
 73
    13
 74
     0
 42
0.000000001
 43
0.0000000001
 40
1.0
 40
1.0
 40
1.0
 40
1.0
 40
2.0
 40
2.0
 40
2.0
 40
3.0
 40
3.0
 40
3.0
 40
4.0
 40
4.0
 40
4.0
 40
5.0
 40
5.0
 40
5.0
 40
5.0
 10
265.2151230555555
 20
384.4331274999999
 30
0.0
 10
261.3028174999999
 20
384.4331274999999
 30
0.0
 10
258.1313452777777
 20
387.6045997222221
 30
0.0
 10
258.1313452777777
 20
391.5169052777777
 30
0.0
 10
258.1313452777777
 20
395.4292108333333
 30
0.0
 10
261.3028174999999
 20
398.5975080555555
 30
0.0
 10
265.2151230555555
 20
398.5975080555555
 30
0.0
 10
269.1239008333333
 20
398.5975080555555
 30
0.0
 10
272.2953730555556
 20
395.4292108333333
 30
0.0
 10
272.2953730555556
 20
391.5169052777777
 30
0.0
 10
272.2953730555556
 20
387.6045997222221
 30
0.0
 10
269.1239008333333
 20
384.4331274999999
 30
0.0
 10
265.2151230555555
 20
384.4331274999999
 30
0.0
  0
SPLINE
  5
199
330
1F
100
AcDbEntity
  8
DEFAULT
 62
     1
100
AcDbSpline
210
0.0
220
0.0
230
1.0
 70
    11
 71
     3
 72
    29
 73
    25
 74
     0
 42
0.000000001
 43
0.0000000001
 40
0.0
 40
0.0
 40
0.0
 40
0.0
 40
7.861613193232152
 40
7.861613193232152
 40
7.861613193232152
 40
8.861613193232152
 40
8.861613193232152
 40
8.861613193232152
 40
9.861613193232152
 40
9.861613193232152
 40
9.861613193232152
 40
10.86161319323215
 40
10.86161319323215
 40
10.86161319323215
 40
15.12688340741565
 40
15.12688340741565
 40
15.12688340741565
 40
16.12688340741565
 40
16.12688340741565
 40
16.12688340741565
 40
21.77688340741574
 40
21.77688340741574
 40
21.77688340741574
 40
22.77688340741574
 40
22.77688340741574
 40
22.77688340741574
 40
22.77688340741574
 10
275.7102619444444
 20
381.0394052777777
 30
0.0
 10
275.0565647222222
 20
381.6931025000001
 30
0.0
 10
274.4028675
 20
382.3467997222222
 30
0.0
 10
273.7491702777778
 20
383.0004969444445
 30
0.0
 10
273.5586702777777
 20
383.1909969444444
 30
0.0
 10
273.5597286111111
 20
383.4947386111111
 30
0.0
 10
273.7417619444444
 20
383.6929997222221
 30
0.0
 10
274.0476202777778
 20
384.0263747222222
 30
0.0
 10
274.3330175
 20
384.3777413888888
 30
0.0
 10
274.5979536111111
 20
384.7453358333333
 30
0.0
 10
274.7764591666666
 20
384.9933386111111
 30
0.0
 10
275.1355869444444
 20
385.018738611111
 30
0.0
 10
275.3518397222222
 20
384.8031913888889
 30
0.0
 10
275.7068517592593
 20
384.4488849074073
 30
0.0
 10
276.0618637962963
 20
384.0945784259258
 30
0.0
 10
276.4168758333333
 20
383.7402719444444
 30
0.0
 10
276.5110675
 20
383.6464330555555
 30
0.0
 10
276.5639841666666
 20
383.5190802777777
 30
0.0
 10
276.5639841666666
 20
383.3860830555555
 30
0.0
 10
276.5639841666666
 20
382.7216849074073
 30
0.0
 10
276.5639841666666
 20
382.0572867592593
 30
0.0
 10
276.5639841666666
 20
381.3928886111111
 30
0.0
 10
276.5639841666666
 20
380.9476831617008
 30
0.0
 10
276.0252927568681
 20
380.7243748287038
 30
0.0
 10
275.7102619444444
 20
381.0394052777777
 30
0.0
  0
SPLINE
  5
19A
330
1F
100
AcDbEntity
  8
DEFAULT
 62
     1
100
AcDbSpline
210
0.0
220
0.0
230
1.0
 70
     8
 71
     3
 72
    44
 73
    40
 74
     0
 42
0.000000001
 43
0.0000000001
 40
0.0
 40
0.0
 40
0.0
 40
0.0
 40
1.0
 40
1.0
 40
1.0
 40
4.321999999999889
 40
4.321999999999889
 40
4.321999999999889
 40
5.321999999999889
 40
5.321999999999889
 40
5.321999999999889
 40
25.19099345714314
 40
25.19099345714314
 40
25.19099345714314
 40
26.19099345714314
 40
26.19099345714314
 40
26.19099345714314
 40
33.63299345714314
 40
33.63299345714314
 40
33.63299345714314
 40
34.63299345714314
 40
34.63299345714314
 40
34.63299345714314
 40
46.94655297500798
 40
46.94655297500798
 40
46.94655297500798
 40
47.94655297500798
 40
47.94655297500798
 40
47.94655297500798
 40
60.14655297500803
 40
60.14655297500803
 40
60.14655297500803
 40
61.14655297500803
 40
61.14655297500803
 40
61.14655297500803
 40
73.35828913331073
 40
73.35828913331073
 40
73.35828913331073
 40
74.35828913331073
 40
74.35828913331073
 40
74.35828913331073
 40
74.35828913331073
 10
400.040933611111
 20
292.1353836111111
 30
0.0
 10
399.853608611111
 20
292.3227086111111
 30
0.0
 10
399.5992558333332
 20
292.4281891666666
 30
0.0
 10
399.3339669444444
 20
292.4281891666666
 30
0.0
 10
398.9433243518518
 20
292.4281891666666
 30
0.0
 10
398.5526817592592
 20
292.4281891666666
 30
0.0
 10
398.1620391666667
 20
292.4281891666666
 30
0.0
 10
397.8967502777777
 20
292.4281891666666
 30
0.0
 10
397.6423974999999
 20
292.5336697222222
 30
0.0
 10
397.4550724999999
 20
292.7209947222221
 30
0.0
 10
395.8030141666666
 20
294.3731706481481
 30
0.0
 10
394.1509558333332
 20
296.025346574074
 30
0.0
 10
392.4988974999999
 20
297.6775225
 30
0.0
 10
392.1235419444444
 20
298.0525252777778
 30
0.0
 10
391.912933611111
 20
298.5612308333333
 30
0.0
 10
391.912933611111
 20
299.0914558333333
 30
0.0
 10
391.9129336111111
 20
299.9665799074074
 30
0.0
 10
391.9129336111111
 20
300.8417039814814
 30
0.0
 10
391.912933611111
 20
301.7168280555555
 30
0.0
 10
391.912933611111
 20
301.9814113888888
 30
0.0
 10
391.8078058333332
 20
302.2350586111111
 30
0.0
 10
391.620833611111
 20
302.4216780555555
 30
0.0
 10
390.5963669444444
 20
303.4449687962962
 30
0.0
 10
389.5719002777777
 20
304.468259537037
 30
0.0
 10
388.547433611111
 20
305.4915502777777
 30
0.0
 10
388.3639891666666
 20
305.6785224999999
 30
0.0
 10
388.1099891666666
 20
305.7843558333333
 30
0.0
 10
387.8454058333332
 20
305.7843558333333
 30
0.0
 10
386.4107762037036
 20
305.7843558333333
 30
0.0
 10
384.976146574074
 20
305.7843558333333
 30
0.0
 10
383.5415169444444
 20
305.7843558333333
 30
0.0
 10
383.2734058333332
 20
305.7843558333333
 30
0.0
 10
383.0194058333332
 20
305.6785224999999
 30
0.0
 10
382.832433611111
 20
305.4915502777777
 30
0.0
 10
381.816433611111
 20
304.4767262037037
 30
0.0
 10
380.800433611111
 20
303.4619021296296
 30
0.0
 10
379.7844336111111
 20
302.4470780555555
 30
0.0
 10
379.5974613888889
 20
302.2601058333333
 30
0.0
 10
379.4916280555555
 20
302.0061058333333
 30
0.0
 10
379.4916280555555
 20
301.7379947222222
 30
0.0
  0
SPLINE
  5
19B
330
1F
100
AcDbEntity
  8
DEFAULT
 62
     1
100
AcDbSpline
210
0.0
220
0.0
230
1.0
 70
     8
 71
     3
 72
    74
 73
    70
 74
     0
 42
0.000000001
 43
0.0000000001
 40
0.0
 40
0.0
 40
0.0
 40
0.0
 40
1.0
 40
1.0
 40
1.0
 40
44.87597634241313
 40
44.87597634241313
 40
44.87597634241313
 40
45.87597634241313
 40
45.87597634241313
 40
45.87597634241313
 40
48.00797634241308
 40
48.00797634241308
 40
48.00797634241308
 40
49.00797634241308
 40
49.00797634241308
 40
49.00797634241308
 40
53.05262713080007
 40
53.05262713080007
 40
53.05262713080007
 40
54.05262713080007
 40
54.05262713080007
 40
54.05262713080007
 40
57.23462713080009
 40
57.23462713080009
 40
57.23462713080009
 40
58.23462713080009
 40
58.23462713080009
 40
58.23462713080009
 40
72.43333129702592
 40
72.43333129702592
 40
72.43333129702592
 40
73.43333129702592
 40
73.43333129702592
 40
73.43333129702592
 40
80.73933129702596
 40
80.73933129702596
 40
80.73933129702596
 40
81.73933129702596
 40
81.73933129702596
 40
81.73933129702596
 40
82.73933129702596
 40
82.73933129702596
 40
82.73933129702596
 40
92.65933129702591
 40
92.65933129702591
 40
92.65933129702591
 40
101.1693312970259
 40
101.1693312970259
 40
101.1693312970259
 40
111.0893312970259
 40
111.0893312970259
 40
111.0893312970259
 40
112.0893312970259
 40
112.0893312970259
 40
112.0893312970259
 40
113.0893312970259
 40
113.0893312970259
 40
113.0893312970259
 40
117.595331297026
 40
117.595331297026
 40
117.595331297026
 40
118.595331297026
 40
118.595331297026
 40
118.595331297026
 40
130.0363190166244
 40
130.0363190166244
 40
130.0363190166244
 40
131.0363190166244
 40
131.0363190166244
 40
131.0363190166244
 40
131.0363190166244
 10
379.4916280555555
 20
296.6862169444444
 30
0.0
 10
379.4916280555555
 20
296.1570502777777
 30
0.0
 10
379.7032947222222
 20
295.6455225
 30
0.0
 10
380.0772391666666
 20
295.2715780555555
 30
0.0
 10
383.7261373148148
 20
291.6238558333333
 30
0.0
 10
387.3750354629629
 20
287.9761336111111
 30
0.0
 10
391.023933611111
 20
284.3284113888889
 30
0.0
 10
391.211258611111
 20
284.1410863888889
 30
0.0
 10
391.3167391666667
 20
283.8867336111111
 30
0.0
 10
391.3167391666667
 20
283.6214447222222
 30
0.0
 10
391.3167391666667
 20
283.3707373148147
 30
0.0
 10
391.3167391666667
 20
283.1200299074073
 30
0.0
 10
391.3167391666667
 20
282.8693225
 30
0.0
 10
391.3167391666667
 20
282.604033611111
 30
0.0
 10
391.211258611111
 20
282.3496808333333
 30
0.0
 10
391.023933611111
 20
282.1623558333333
 30
0.0
 10
390.6876187962962
 20
281.8260410185185
 30
0.0
 10
390.3513039814814
 20
281.4897262037037
 30
0.0
 10
390.0149891666666
 20
281.1534113888889
 30
0.0
 10
389.8276641666666
 20
280.9660863888889
 30
0.0
 10
389.722183611111
 20
280.7117336111111
 30
0.0
 10
389.722183611111
 20
280.4464447222222
 30
0.0
 10
389.722183611111
 20
280.0722650925925
 30
0.0
 10
389.722183611111
 20
279.698085462963
 30
0.0
 10
389.722183611111
 20
279.3239058333333
 30
0.0
 10
389.722183611111
 20
279.0586169444444
 30
0.0
 10
389.8276641666666
 20
278.8042641666667
 30
0.0
 10
390.0149891666666
 20
278.6169391666666
 30
0.0
 10
391.1956187962963
 20
277.4363095370369
 30
0.0
 10
392.376248425926
 20
276.2556799074073
 30
0.0
 10
393.5568780555555
 20
275.0750502777777
 30
0.0
 10
393.7442030555555
 20
274.8877252777777
 30
0.0
 10
393.9985558333333
 20
274.7822447222222
 30
0.0
 10
394.2638447222221
 20
274.7822447222222
 30
0.0
 10
395.1229762037036
 20
274.7822447222222
 30
0.0
 10
395.9821076851851
 20
274.7822447222222
 30
0.0
 10
396.8412391666666
 20
274.7822447222222
 30
0.0
 10
396.8694613888888
 20
274.7822447222222
 30
0.0
 10
396.8906280555555
 20
275.5654113888888
 30
0.0
 10
396.8906280555555
 20
276.5320224999999
 30
0.0
 10
396.8906280555555
 20
277.4986336111111
 30
0.0
 10
396.8412391666666
 20
278.1900780555555
 30
0.0
 10
396.8412391666666
 20
278.2818002777777
 30
0.0
 10
396.8412391666666
 20
279.4483187962963
 30
0.0
 10
396.8412391666666
 20
280.6148373148148
 30
0.0
 10
396.8412391666666
 20
281.7813558333333
 30
0.0
 10
397.8419521296296
 20
281.7813558333333
 30
0.0
 10
398.8426650925925
 20
281.7813558333333
 30
0.0
 10
399.8433780555555
 20
281.7813558333333
 30
0.0
 10
399.8433780555554
 20
280.6148373148148
 30
0.0
 10
399.8433780555554
 20
279.4483187962963
 30
0.0
 10
399.8433780555555
 20
278.2818002777777
 30
0.0
 10
399.8433780555555
 20
278.1900780555555
 30
0.0
 10
399.7904613888888
 20
277.4986336111111
 30
0.0
 10
399.7904613888888
 20
276.5320224999999
 30
0.0
 10
399.7904613888888
 20
275.5654113888888
 30
0.0
 10
399.8151558333333
 20
274.7822447222222
 30
0.0
 10
399.8433780555555
 20
274.7822447222222
 30
0.0
 10
400.3732502777777
 20
274.7822447222222
 30
0.0
 10
400.9031224999999
 20
274.7822447222222
 30
0.0
 10
401.4329947222222
 20
274.7822447222222
 30
0.0
 10
401.6979308333333
 20
274.7822447222222
 30
0.0
 10
401.9526363888888
 20
274.8877252777777
 30
0.0
 10
402.1399613888888
 20
275.0750502777777
 30
0.0
 10
403.091285462963
 20
276.0263743518519
 30
0.0
 10
404.042609537037
 20
276.9776984259259
 30
0.0
 10
404.9939336111111
 20
277.9290225
 30
0.0
 10
405.3689363888888
 20
278.3040252777777
 30
0.0
 10
405.5795447222221
 20
278.8127308333333
 30
0.0
 10
405.5795447222221
 20
279.3429558333333
 30
0.0
  0
SPLINE
  5
19C
330
1F
100
AcDbEntity
  8
DEFAULT
 62
     1
100
AcDbSpline
210
0.0
220
0.0
230
1.0
 70
    11
 71
     3
 72
    17
 73
    13
 74
     0
 42
0.000000001
 43
0.0000000001
 40
1.0
 40
1.0
 40
1.0
 40
1.0
 40
2.0
 40
2.0
 40
2.0
 40
3.0
 40
3.0
 40
3.0
 40
4.0
 40
4.0
 40
4.0
 40
5.0
 40
5.0
 40
5.0
 40
5.0
 10
382.8924058333333
 20
299.5860502777778
 30
0.0
 10
382.8924058333333
 20
301.1312169444444
 30
0.0
 10
384.1412391666666
 20
302.3800502777777
 30
0.0
 10
385.6864058333333
 20
302.3800502777777
 30
0.0
 10
387.2315724999999
 20
302.3800502777777
 30
0.0
 10
388.483933611111
 20
301.1312169444444
 30
0.0
 10
388.483933611111
 20
299.5860502777778
 30
0.0
 10
388.483933611111
 20
298.040883611111
 30
0.0
 10
387.2315724999999
 20
296.7885225
 30
0.0
 10
385.6864058333333
 20
296.7885225
 30
0.0
 10
384.1412391666666
 20
296.7885225
 30
0.0
 10
382.8924058333333
 20
298.040883611111
 30
0.0
 10
382.8924058333333
 20
299.5860502777778
 30
0.0
  0
SPLINE
  5
19D
330
1F
100
AcDbEntity
  8
DEFAULT
 62
     1
100
AcDbSpline
210
0.0
220
0.0
230
1.0
 70
     8
 71
     3
 72
   116
 73
   112
 74
     0
 42
0.000000001
 43
0.0000000001
 40
0.0
 40
0.0
 40
0.0
 40
0.0
 40
1.0
 40
1.0
 40
1.0
 40
12.44028063466974
 40
12.44028063466974
 40
12.44028063466974
 40
13.44028063466974
 40
13.44028063466974
 40
13.44028063466974
 40
17.94628063466972
 40
17.94628063466972
 40
17.94628063466972
 40
18.94628063466972
 40
18.94628063466972
 40
18.94628063466972
 40
19.94628063466972
 40
19.94628063466972
 40
19.94628063466972
 40
29.86628063466979
 40
29.86628063466979
 40
29.86628063466979
 40
38.3762806346699
 40
38.3762806346699
 40
38.3762806346699
 40
48.29628063466997
 40
48.29628063466997
 40
48.29628063466997
 40
49.29628063466997
 40
49.29628063466997
 40
49.29628063466997
 40
50.29628063466997
 40
50.29628063466997
 40
50.29628063466997
 40
57.60228063466978
 40
57.60228063466978
 40
57.60228063466978
 40
58.60228063466978
 40
58.60228063466978
 40
58.60228063466978
 40
72.8009848008956
 40
72.8009848008956
 40
72.8009848008956
 40
73.8009848008956
 40
73.8009848008956
 40
73.8009848008956
 40
76.98298480089562
 40
76.98298480089562
 40
76.98298480089562
 40
77.98298480089562
 40
77.98298480089562
 40
77.98298480089562
 40
82.02763558928277
 40
82.02763558928277
 40
82.02763558928277
 40
83.02763558928277
 40
83.02763558928277
 40
83.02763558928277
 40
85.15963558928283
 40
85.15963558928283
 40
85.15963558928283
 40
86.15963558928283
 40
86.15963558928283
 40
86.15963558928283
 40
130.0349047166626
 40
130.0349047166626
 40
130.0349047166626
 40
131.0349047166626
 40
131.0349047166626
 40
131.0349047166626
 40
145.3549047166626
 40
145.3549047166626
 40
145.3549047166626
 40
146.3549047166626
 40
146.3549047166626
 40
146.3549047166626
 40
158.5666408749654
 40
158.5666408749654
 40
158.5666408749654
 40
159.5666408749654
 40
159.5666408749654
 40
159.5666408749654
 40
171.7666408749652
 40
171.7666408749652
 40
171.7666408749652
 40
172.7666408749652
 40
172.7666408749652
 40
172.7666408749652
 40
185.0802003928301
 40
185.0802003928301
 40
185.0802003928301
 40
186.0802003928301
 40
186.0802003928301
 40
186.0802003928301
 40
193.5222003928301
 40
193.5222003928301
 40
193.5222003928301
 40
194.5222003928301
 40
194.5222003928301
 40
194.5222003928301
 40
214.391900944172
 40
214.391900944172
 40
214.391900944172
 40
215.391900944172
 40
215.391900944172
 40
215.391900944172
 40
218.713900944172
 40
218.713900944172
 40
218.713900944172
 40
219.713900944172
 40
219.713900944172
 40
219.713900944172
 40
219.713900944172
 10
353.4108022222222
 20
279.3429558333333
 30
0.0
 10
353.4108022222222
 20
278.8127308333333
 30
0.0
 10
353.6214105555555
 20
278.3040252777777
 30
0.0
 10
353.9967661111111
 20
277.9290225
 30
0.0
 10
354.9479725925926
 20
276.9776984259259
 30
0.0
 10
355.8991790740741
 20
276.0263743518519
 30
0.0
 10
356.8503855555556
 20
275.0750502777778
 30
0.0
 10
357.0377105555555
 20
274.8877252777777
 30
0.0
 10
357.2920633333333
 20
274.7822447222222
 30
0.0
 10
357.5573522222222
 20
274.7822447222222
 30
0.0
 10
358.0872244444445
 20
274.7822447222222
 30
0.0
 10
358.6170966666667
 20
274.7822447222222
 30
0.0
 10
359.1469688888889
 20
274.7822447222222
 30
0.0
 10
359.1751911111111
 20
274.7822447222222
 30
0.0
 10
359.1998855555556
 20
275.5654113888889
 30
0.0
 10
359.1998855555556
 20
276.5320225
 30
0.0
 10
359.1998855555556
 20
277.4986336111111
 30
0.0
 10
359.1469688888889
 20
278.1900780555555
 30
0.0
 10
359.1469688888889
 20
278.2818002777777
 30
0.0
 10
359.1469688888889
 20
279.4483187962963
 30
0.0
 10
359.1469688888889
 20
280.6148373148148
 30
0.0
 10
359.1469688888889
 20
281.7813558333333
 30
0.0
 10
360.1476818518519
 20
281.7813558333333
 30
0.0
 10
361.1483948148149
 20
281.7813558333333
 30
0.0
 10
362.1491077777778
 20
281.7813558333333
 30
0.0
 10
362.1491077777778
 20
280.6148373148148
 30
0.0
 10
362.1491077777778
 20
279.4483187962963
 30
0.0
 10
362.1491077777778
 20
278.2818002777777
 30
0.0
 10
362.1491077777778
 20
278.1900780555555
 30
0.0
 10
362.0997188888889
 20
277.4986336111111
 30
0.0
 10
362.0997188888889
 20
276.5320225
 30
0.0
 10
362.0997188888889
 20
275.5654113888889
 30
0.0
 10
362.1208855555556
 20
274.7822447222222
 30
0.0
 10
362.1491077777778
 20
274.7822447222222
 30
0.0
 10
363.0082392592593
 20
274.7822447222222
 30
0.0
 10
363.8673707407408
 20
274.7822447222222
 30
0.0
 10
364.7265022222222
 20
274.7822447222222
 30
0.0
 10
364.9917911111111
 20
274.7822447222222
 30
0.0
 10
365.2461438888889
 20
274.8877252777777
 30
0.0
 10
365.4334688888889
 20
275.0750502777778
 30
0.0
 10
366.6140985185186
 20
276.2556799074075
 30
0.0
 10
367.7947281481482
 20
277.4363095370371
 30
0.0
 10
368.9753577777778
 20
278.6169391666667
 30
0.0
 10
369.1626827777778
 20
278.8042641666667
 30
0.0
 10
369.2681633333333
 20
279.0586169444444
 30
0.0
 10
369.2681633333333
 20
279.3239058333333
 30
0.0
 10
369.2681633333333
 20
279.698085462963
 30
0.0
 10
369.2681633333333
 20
280.0722650925925
 30
0.0
 10
369.2681633333333
 20
280.4464447222222
 30
0.0
 10
369.2681633333333
 20
280.7117336111111
 30
0.0
 10
369.1626827777778
 20
280.9660863888889
 30
0.0
 10
368.9753577777778
 20
281.1534113888889
 30
0.0
 10
368.639042962963
 20
281.4897262037036
 30
0.0
 10
368.3027281481482
 20
281.8260410185185
 30
0.0
 10
367.9664133333333
 20
282.1623558333333
 30
0.0
 10
367.7790883333333
 20
282.3496808333333
 30
0.0
 10
367.6736077777778
 20
282.6040336111111
 30
0.0
 10
367.6736077777778
 20
282.8693225
 30
0.0
 10
367.6736077777778
 20
283.1200299074074
 30
0.0
 10
367.6736077777778
 20
283.3707373148148
 30
0.0
 10
367.6736077777778
 20
283.6214447222222
 30
0.0
 10
367.6736077777778
 20
283.8867336111111
 30
0.0
 10
367.7790883333333
 20
284.1410863888889
 30
0.0
 10
367.9667661111112
 20
284.3284113888889
 30
0.0
 10
371.6155466666667
 20
287.9761336111111
 30
0.0
 10
375.2643272222222
 20
291.6238558333333
 30
0.0
 10
378.9131077777778
 20
295.2715780555556
 30
0.0
 10
379.2870522222223
 20
295.6455225
 30
0.0
 10
379.4987188888888
 20
296.1570502777778
 30
0.0
 10
379.4987188888888
 20
296.6862169444444
 30
0.0
 10
379.4987188888888
 20
298.3701428703703
 30
0.0
 10
379.4987188888888
 20
300.0540687962963
 30
0.0
 10
379.4987188888888
 20
301.7379947222222
 30
0.0
 10
379.4987188888888
 20
302.0061058333333
 30
0.0
 10
379.3928855555556
 20
302.2601058333333
 30
0.0
 10
379.2059133333333
 20
302.4470780555555
 30
0.0
 10
378.1899133333333
 20
303.4619021296296
 30
0.0
 10
377.1739133333333
 20
304.4767262037037
 30
0.0
 10
376.1579133333333
 20
305.4915502777777
 30
0.0
 10
375.9709411111111
 20
305.6785225
 30
0.0
 10
375.7169411111111
 20
305.7843558333333
 30
0.0
 10
375.44883
 20
305.7843558333333
 30
0.0
 10
374.0142003703704
 20
305.7843558333333
 30
0.0
 10
372.5795707407408
 20
305.7843558333333
 30
0.0
 10
371.1449411111112
 20
305.7843558333333
 30
0.0
 10
370.8803577777778
 20
305.7843558333333
 30
0.0
 10
370.6263577777778
 20
305.6785225
 30
0.0
 10
370.4429133333334
 20
305.4915502777777
 30
0.0
 10
369.4184466666667
 20
304.468259537037
 30
0.0
 10
368.3939800000001
 20
303.4449687962963
 30
0.0
 10
367.3695133333334
 20
302.4216780555555
 30
0.0
 10
367.1825411111111
 20
302.2350586111111
 30
0.0
 10
367.0774133333333
 20
301.9814113888889
 30
0.0
 10
367.0774133333333
 20
301.7168280555555
 30
0.0
 10
367.0774133333333
 20
300.8417039814814
 30
0.0
 10
367.0774133333333
 20
299.9665799074074
 30
0.0
 10
367.0774133333333
 20
299.0914558333333
 30
0.0
 10
367.0774133333333
 20
298.5612308333333
 30
0.0
 10
366.866805
 20
298.0525252777778
 30
0.0
 10
366.4918022222222
 20
297.6775225
 30
0.0
 10
364.8396262962963
 20
296.025346574074
 30
0.0
 10
363.1874503703704
 20
294.3731706481481
 30
0.0
 10
361.5352744444445
 20
292.7209947222222
 30
0.0
 10
361.3479494444444
 20
292.5336697222222
 30
0.0
 10
361.0935966666667
 20
292.4281891666666
 30
0.0
 10
360.8283077777778
 20
292.4281891666666
 30
0.0
 10
360.4376651851852
 20
292.4281891666666
 30
0.0
 10
360.0470225925926
 20
292.4281891666666
 30
0.0
 10
359.65638
 20
292.4281891666666
 30
0.0
 10
359.3910911111111
 20
292.4281891666666
 30
0.0
 10
359.1367383333333
 20
292.3227086111111
 30
0.0
 10
358.9494133333333
 20
292.1353836111111
 30
0.0
  0
SPLINE
  5
19E
330
1F
100
AcDbEntity
  8
DEFAULT
 62
     1
100
AcDbSpline
210
0.0
220
0.0
230
1.0
 70
    11
 71
     3
 72
    17
 73
    13
 74
     0
 42
0.000000001
 43
0.0000000001
 40
1.0
 40
1.0
 40
1.0
 40
1.0
 40
2.0
 40
2.0
 40
2.0
 40
3.0
 40
3.0
 40
3.0
 40
4.0
 40
4.0
 40
4.0
 40
5.0
 40
5.0
 40
5.0
 40
5.0
 10
373.3039411111111
 20
296.7885225
 30
0.0
 10
371.7587744444444
 20
296.7885225
 30
0.0
 10
370.5064133333333
 20
298.040883611111
 30
0.0
 10
370.5064133333333
 20
299.5860502777778
 30
0.0
 10
370.5064133333333
 20
301.1312169444444
 30
0.0
 10
371.7587744444444
 20
302.3800502777777
 30
0.0
 10
373.3039411111111
 20
302.3800502777777
 30
0.0
 10
374.8491077777778
 20
302.3800502777777
 30
0.0
 10
376.0979411111111
 20
301.1312169444444
 30
0.0
 10
376.0979411111111
 20
299.5860502777778
 30
0.0
 10
376.0979411111111
 20
298.040883611111
 30
0.0
 10
374.8491077777778
 20
296.7885225
 30
0.0
 10
373.3039411111111
 20
296.7885225
 30
0.0
  0
SPLINE
  5
19F
330
1F
100
AcDbEntity
  8
DEFAULT
 62
     1
100
AcDbSpline
210
0.0
220
0.0
230
1.0
 70
    11
 71
     3
 72
   305
 73
   301
 74
     0
 42
0.000000001
 43
0.0000000001
 40
1.0
 40
1.0
 40
1.0
 40
1.0
 40
31.16999999999996
 40
31.16999999999996
 40
31.16999999999996
 40
32.16999999999996
 40
32.16999999999996
 40
32.16999999999996
 40
32.60133513652377
 40
32.60133513652377
 40
32.60133513652377
 40
33.60133513652377
 40
33.60133513652377
 40
33.60133513652377
 40
40.40133513652372
 40
40.40133513652372
 40
40.40133513652372
 40
41.40133513652372
 40
41.40133513652372
 40
41.40133513652372
 40
42.40133513652372
 40
42.40133513652372
 40
42.40133513652372
 40
52.32133513652368
 40
52.32133513652368
 40
52.32133513652368
 40
60.8313410119623
 40
60.8313410119623
 40
60.8313410119623
 40
70.75134101196227
 40
70.75134101196227
 40
70.75134101196227
 40
71.75134101196227
 40
71.75134101196227
 40
71.75134101196227
 40
72.75134101196227
 40
72.75134101196227
 40
72.75134101196227
 40
77.24734101196213
 40
77.24734101196213
 40
77.24734101196213
 40
78.24734101196213
 40
78.24734101196213
 40
78.24734101196213
 40
81.57074288353886
 40
81.57074288353886
 40
81.57074288353886
 40
82.57074288353886
 40
82.57074288353886
 40
82.57074288353886
 40
108.5287428835388
 40
108.5287428835388
 40
108.5287428835388
 40
109.5287428835388
 40
109.5287428835388
 40
109.5287428835388
 40
128.209089828925
 40
128.209089828925
 40
128.209089828925
 40
129.209089828925
 40
129.209089828925
 40
129.209089828925
 40
150.4520898289251
 40
150.4520898289251
 40
150.4520898289251
 40
151.4520898289251
 40
151.4520898289251
 40
151.4520898289251
 40
163.6129122517714
 40
163.6129122517714
 40
163.6129122517714
 40
164.6129122517714
 40
164.6129122517714
 40
164.6129122517714
 40
181.5349122517714
 40
181.5349122517714
 40
181.5349122517714
 40
182.5349122517714
 40
182.5349122517714
 40
182.5349122517714
 40
183.5349122517714
 40
183.5349122517714
 40
183.5349122517714
 40
193.4549122517714
 40
193.4549122517714
 40
193.4549122517714
 40
201.9649122517714
 40
201.9649122517714
 40
201.9649122517714
 40
207.9159122517713
 40
207.9159122517713
 40
207.9159122517713
 40
208.9159122517713
 40
208.9159122517713
 40
208.9159122517713
 40
209.9159122517713
 40
209.9159122517713
 40
209.9159122517713
 40
245.3259122517714
 40
245.3259122517714
 40
245.3259122517714
 40
246.3259122517714
 40
246.3259122517714
 40
246.3259122517714
 40
247.3259122517714
 40
247.3259122517714
 40
247.3259122517714
 40
253.2769122517713
 40
253.2769122517713
 40
253.2769122517713
 40
261.7869122517712
 40
261.7869122517712
 40
261.7869122517712
 40
271.7069122517712
 40
271.7069122517712
 40
271.7069122517712
 40
272.7069122517712
 40
272.7069122517712
 40
272.7069122517712
 40
273.7069122517712
 40
273.7069122517712
 40
273.7069122517712
 40
290.6389122517712
 40
290.6389122517712
 40
290.6389122517712
 40
291.6389122517712
 40
291.6389122517712
 40
291.6389122517712
 40
303.7990275883952
 40
303.7990275883952
 40
303.7990275883952
 40
304.7990275883952
 40
304.7990275883952
 40
304.7990275883952
 40
326.0420275883953
 40
326.0420275883953
 40
326.0420275883953
 40
327.0420275883953
 40
327.0420275883953
 40
327.0420275883953
 40
345.7223745337814
 40
345.7223745337814
 40
345.7223745337814
 40
346.7223745337814
 40
346.7223745337814
 40
346.7223745337814
 40
372.6803745337814
 40
372.6803745337814
 40
372.6803745337814
 40
373.6803745337814
 40
373.6803745337814
 40
373.6803745337814
 40
377.0037764053582
 40
377.0037764053582
 40
377.0037764053582
 40
378.0037764053582
 40
378.0037764053582
 40
378.0037764053582
 40
382.4997764053583
 40
382.4997764053583
 40
382.4997764053583
 40
383.4997764053583
 40
383.4997764053583
 40
383.4997764053583
 40
384.4997764053583
 40
384.4997764053583
 40
384.4997764053583
 40
394.4197764053582
 40
394.4197764053582
 40
394.4197764053582
 40
402.9297822807968
 40
402.9297822807968
 40
402.9297822807968
 40
412.8497822807968
 40
412.8497822807968
 40
412.8497822807968
 40
413.8497822807968
 40
413.8497822807968
 40
413.8497822807968
 40
414.8497822807968
 40
414.8497822807968
 40
414.8497822807968
 40
421.6197822807968
 40
421.6197822807968
 40
421.6197822807968
 40
422.6197822807968
 40
422.6197822807968
 40
422.6197822807968
 40
423.0440463495087
 40
423.0440463495087
 40
423.0440463495087
 40
424.0440463495087
 40
424.0440463495087
 40
424.0440463495087
 40
454.2100463495087
 40
454.2100463495087
 40
454.2100463495087
 40
455.2100463495087
 40
455.2100463495087
 40
455.2100463495087
 40
486.1681874435732
 40
486.1681874435732
 40
486.1681874435732
 40
528.7281874435732
 40
528.7281874435732
 40
528.7281874435732
 40
529.7281874435732
 40
529.7281874435732
 40
529.7281874435732
 40
530.1524515122852
 40
530.1524515122852
 40
530.1524515122852
 40
531.1524515122852
 40
531.1524515122852
 40
531.1524515122852
 40
537.9224515122852
 40
537.9224515122852
 40
537.9224515122852
 40
538.9224515122852
 40
538.9224515122852
 40
538.9224515122852
 40
539.9224515122852
 40
539.9224515122852
 40
539.9224515122852
 40
549.8424565526064
 40
549.8424565526064
 40
549.8424565526064
 40
558.3424565526064
 40
558.3424565526064
 40
558.3424565526064
 40
568.2624565526064
 40
568.2624565526064
 40
568.2624565526064
 40
569.2624565526064
 40
569.2624565526064
 40
569.2624565526064
 40
570.2624565526064
 40
570.2624565526064
 40
570.2624565526064
 40
575.7624565526064
 40
575.7624565526064
 40
575.7624565526064
 40
593.8078216084871
 40
593.8078216084871
 40
593.8078216084871
 40
594.8078216084871
 40
594.8078216084871
 40
594.8078216084871
 40
675.5078216084871
 40
675.5078216084871
 40
675.5078216084871
 40
676.5078216084871
 40
676.5078216084871
 40
676.5078216084871
 40
694.5588435186172
 40
694.5588435186172
 40
694.5588435186172
 40
700.0488435186172
 40
700.0488435186172
 40
700.0488435186172
 40
701.0488435186172
 40
701.0488435186172
 40
701.0488435186172
 40
702.0488435186172
 40
702.0488435186172
 40
702.0488435186172
 40
711.9688435186172
 40
711.9688435186172
 40
711.9688435186172
 40
720.4688435186172
 40
720.4688435186172
 40
720.4688435186172
 40
730.3888485589384
 40
730.3888485589384
 40
730.3888485589384
 40
731.3888485589384
 40
731.3888485589384
 40
731.3888485589384
 40
732.3888485589384
 40
732.3888485589384
 40
732.3888485589384
 40
739.1758485589385
 40
739.1758485589385
 40
739.1758485589385
 40
740.1758485589385
 40
740.1758485589385
 40
740.1758485589385
 40
740.6001126276506
 40
740.6001126276506
 40
740.6001126276506
 40
741.6001126276506
 40
741.6001126276506
 40
741.6001126276506
 40
784.1601126276505
 40
784.1601126276505
 40
784.1601126276505
 40
815.118253721715
 40
815.118253721715
 40
815.118253721715
 40
816.118253721715
 40
816.118253721715
 40
816.118253721715
 40
816.118253721715
 10
415.4996911111111
 20
286.5332019444444
 30
0.0
 10
415.4996911111111
 20
282.9854334259259
 30
0.0
 10
415.4996911111111
 20
279.4376649074074
 30
0.0
 10
415.4996911111111
 20
275.8898963888889
 30
0.0
 10
415.4996911111111
 20
275.6256658333333
 30
0.0
 10
415.3949161111111
 20
275.3723713888889
 30
0.0
 10
415.2079438888888
 20
275.1853991666666
 30
0.0
 10
415.1720781481481
 20
275.1495334259259
 30
0.0
 10
415.1362124074074
 20
275.1136676851852
 30
0.0
 10
415.1003466666666
 20
275.0778019444444
 30
0.0
 10
414.9133744444444
 20
274.8908297222222
 30
0.0
 10
414.6597272222222
 20
274.7857019444444
 30
0.0
 10
414.3954966666666
 20
274.7857019444444
 30
0.0
 10
413.595867037037
 20
274.7857019444444
 30
0.0
 10
412.7962374074074
 20
274.7857019444444
 30
0.0
 10
411.9966077777777
 20
274.7857019444444
 30
0.0
 10
411.9683855555555
 20
274.7857019444444
 30
0.0
 10
411.9472188888889
 20
275.5688686111111
 30
0.0
 10
411.9472188888889
 20
276.5319519444444
 30
0.0
 10
411.9472188888889
 20
277.4985630555555
 30
0.0
 10
411.9966077777777
 20
277.9465908333333
 30
0.0
 10
411.9966077777777
 20
278.2852575
 30
0.0
 10
411.9966077777778
 20
279.4517760185185
 30
0.0
 10
411.9966077777778
 20
280.618294537037
 30
0.0
 10
411.9966077777777
 20
281.7848130555555
 30
0.0
 10
410.9958948148148
 20
281.7836371296296
 30
0.0
 10
409.9951818518518
 20
281.7824612037036
 30
0.0
 10
408.9944688888888
 20
281.7812852777777
 30
0.0
 10
408.9944688888888
 20
280.6147667592592
 30
0.0
 10
408.9944688888888
 20
279.4482482407407
 30
0.0
 10
408.9944688888888
 20
278.2817297222222
 30
0.0
 10
408.9944688888888
 20
277.9465908333333
 30
0.0
 10
409.0438577777778
 20
277.4985630555555
 30
0.0
 10
409.0438577777778
 20
276.5319519444444
 30
0.0
 10
409.0438577777778
 20
275.5653408333333
 30
0.0
 10
409.0226911111111
 20
274.7821741666667
 30
0.0
 10
408.9944688888888
 20
274.7821741666667
 30
0.0
 10
408.4657725925925
 20
274.7821741666667
 30
0.0
 10
407.9370762962963
 20
274.7821741666667
 30
0.0
 10
407.40838
 20
274.7821741666667
 30
0.0
 10
407.1430911111111
 20
274.7821741666667
 30
0.0
 10
406.8887383333333
 20
274.8876547222222
 30
0.0
 10
406.7014133333333
 20
275.0749797222222
 30
0.0
 10
406.4250707407407
 20
275.3513223148148
 30
0.0
 10
406.1487281481482
 20
275.6276649074073
 30
0.0
 10
405.8723855555555
 20
275.9040075
 30
0.0
 10
405.6850605555555
 20
276.0913325
 30
0.0
 10
405.57958
 20
276.3456852777778
 30
0.0
 10
405.57958
 20
276.6109741666667
 30
0.0
 10
405.57958
 20
279.6634426851852
 30
0.0
 10
405.57958
 20
282.7159112037037
 30
0.0
 10
405.57958
 20
285.7683797222222
 30
0.0
 10
405.57958
 20
286.2989575
 30
0.0
 10
405.3689716666666
 20
286.8076630555556
 30
0.0
 10
404.9936161111111
 20
287.1826658333333
 30
0.0
 10
403.4403355555555
 20
288.7359463888889
 30
0.0
 10
401.887055
 20
290.2892269444444
 30
0.0
 10
400.3337744444444
 20
291.8425075
 30
0.0
 10
399.9587716666666
 20
292.2175102777778
 30
0.0
 10
399.7481633333333
 20
292.7262158333333
 30
0.0
 10
399.7481633333333
 20
293.256793611111
 30
0.0
 10
399.7481633333333
 20
295.7548130555555
 30
0.0
 10
399.7481633333333
 20
298.2528325
 30
0.0
 10
399.7481633333333
 20
300.7508519444444
 30
0.0
 10
399.7481633333333
 20
301.2810769444444
 30
0.0
 10
399.5375549999999
 20
301.7897824999999
 30
0.0
 10
399.1621994444444
 20
302.1651380555555
 30
0.0
 10
398.1510207407407
 20
303.1763167592592
 30
0.0
 10
397.1398420370369
 20
304.1874954629629
 30
0.0
 10
396.1286633333333
 20
305.1986741666666
 30
0.0
 10
395.7536605555555
 20
305.5736769444444
 30
0.0
 10
395.2449549999999
 20
305.7842852777778
 30
0.0
 10
394.71473
 20
305.7842852777778
 30
0.0
 10
392.7248281481481
 20
305.7842852777778
 30
0.0
 10
390.7349262962962
 20
305.7842852777778
 30
0.0
 10
388.7450244444444
 20
305.7842852777778
 30
0.0
 10
388.7168022222222
 20
305.7842852777778
 30
0.0
 10
388.6956355555555
 20
306.5674519444444
 30
0.0
 10
388.6956355555555
 20
307.5340630555555
 30
0.0
 10
388.6956355555555
 20
308.5006741666666
 30
0.0
 10
388.7450244444444
 20
308.9487019444444
 30
0.0
 10
388.7450244444444
 20
309.2838408333333
 30
0.0
 10
388.7450244444444
 20
310.4503593518518
 30
0.0
 10
388.7450244444444
 20
311.6168778703703
 30
0.0
 10
388.7450244444444
 20
312.7833963888888
 30
0.0
 10
387.7443114814815
 20
312.7833963888888
 30
0.0
 10
386.7435985185186
 20
312.7833963888888
 30
0.0
 10
385.7428855555556
 20
312.7833963888888
 30
0.0
 10
385.7428855555556
 20
312.0836028703703
 30
0.0
 10
385.7428855555556
 20
311.3838093518518
 30
0.0
 10
385.7428855555556
 20
310.6840158333333
 30
0.0
 10
385.7428855555556
 20
310.3485241666667
 30
0.0
 10
385.7922744444444
 20
309.9008491666667
 30
0.0
 10
385.7922744444444
 20
308.9342380555555
 30
0.0
 10
385.7922744444444
 20
307.9672741666666
 30
0.0
 10
385.7711077777777
 20
307.1844602777778
 30
0.0
 10
385.7428855555556
 20
307.1844602777778
 30
0.0
 10
381.5789318518518
 20
307.1844602777778
 30
0.0
 10
377.4149781481481
 20
307.1844602777778
 30
0.0
 10
373.2510244444444
 20
307.1844602777778
 30
0.0
 10
373.2228022222222
 20
307.1844602777778
 30
0.0
 10
373.2016355555555
 20
307.9672741666666
 30
0.0
 10
373.2016355555555
 20
308.9342380555555
 30
0.0
 10
373.2016355555555
 20
309.9008491666667
 30
0.0
 10
373.2510244444444
 20
310.3485241666667
 30
0.0
 10
373.2510244444444
 20
310.6840158333333
 30
0.0
 10
373.2510244444445
 20
311.3838093518518
 30
0.0
 10
373.2510244444445
 20
312.0836028703704
 30
0.0
 10
373.2510244444444
 20
312.7833963888888
 30
0.0
 10
372.2503114814814
 20
312.7833963888888
 30
0.0
 10
371.2495985185185
 20
312.7833963888888
 30
0.0
 10
370.2488855555555
 20
312.7833963888888
 30
0.0
 10
370.2488855555555
 20
311.6168778703703
 30
0.0
 10
370.2488855555555
 20
310.4503593518518
 30
0.0
 10
370.2488855555555
 20
309.2838408333333
 30
0.0
 10
370.2488855555555
 20
308.9487019444444
 30
0.0
 10
370.2982744444445
 20
308.5006741666666
 30
0.0
 10
370.2982744444445
 20
307.5340630555555
 30
0.0
 10
370.2982744444445
 20
306.5674519444444
 30
0.0
 10
370.2771077777777
 20
305.7842852777778
 30
0.0
 10
370.2488855555555
 20
305.7842852777778
 30
0.0
 10
368.2578077777778
 20
305.7842852777778
 30
0.0
 10
366.26673
 20
305.7842852777778
 30
0.0
 10
364.2756522222222
 20
305.7842852777778
 30
0.0
 10
363.7454272222222
 20
305.7842852777778
 30
0.0
 10
363.2367216666667
 20
305.5736769444444
 30
0.0
 10
362.8613661111111
 20
305.1986741666666
 30
0.0
 10
361.8503049999999
 20
304.1874954629629
 30
0.0
 10
360.8392438888888
 20
303.1763167592592
 30
0.0
 10
359.8281827777777
 20
302.1651380555555
 30
0.0
 10
359.4528272222222
 20
301.7897824999999
 30
0.0
 10
359.2422188888888
 20
301.2810769444444
 30
0.0
 10
359.2422188888888
 20
300.7508519444444
 30
0.0
 10
359.2422188888888
 20
298.2528325
 30
0.0
 10
359.2422188888888
 20
295.7548130555555
 30
0.0
 10
359.2422188888888
 20
293.256793611111
 30
0.0
 10
359.2422188888888
 20
292.7262158333333
 30
0.0
 10
359.0316105555555
 20
292.2175102777778
 30
0.0
 10
358.6566077777778
 20
291.8425075
 30
0.0
 10
357.1033272222222
 20
290.2892269444444
 30
0.0
 10
355.5500466666667
 20
288.7359463888889
 30
0.0
 10
353.9967661111111
 20
287.1826658333333
 30
0.0
 10
353.6214105555555
 20
286.8076630555556
 30
0.0
 10
353.4108022222222
 20
286.2989575
 30
0.0
 10
353.4108022222222
 20
285.7683797222222
 30
0.0
 10
353.4108022222222
 20
282.7159112037037
 30
0.0
 10
353.4108022222222
 20
279.6634426851852
 30
0.0
 10
353.4108022222222
 20
276.6109741666667
 30
0.0
 10
353.4108022222222
 20
276.3456852777778
 30
0.0
 10
353.3053216666667
 20
276.0913325
 30
0.0
 10
353.1179966666666
 20
275.9040075
 30
0.0
 10
352.841654074074
 20
275.6276649074073
 30
0.0
 10
352.5653114814814
 20
275.3513223148148
 30
0.0
 10
352.2889688888889
 20
275.0749797222222
 30
0.0
 10
352.1016438888889
 20
274.8876547222222
 30
0.0
 10
351.8472911111111
 20
274.7821741666667
 30
0.0
 10
351.5820022222222
 20
274.7821741666667
 30
0.0
 10
351.0533059259258
 20
274.7821741666667
 30
0.0
 10
350.5246096296296
 20
274.7821741666667
 30
0.0
 10
349.9959133333333
 20
274.7821741666667
 30
0.0
 10
349.9676911111111
 20
274.7821741666667
 30
0.0
 10
349.9465244444444
 20
275.5653408333333
 30
0.0
 10
349.9465244444444
 20
276.5319519444444
 30
0.0
 10
349.9465244444444
 20
277.4985630555555
 30
0.0
 10
349.9959133333333
 20
277.9465908333333
 30
0.0
 10
349.9959133333333
 20
278.2817297222222
 30
0.0
 10
349.9959133333334
 20
279.4482482407407
 30
0.0
 10
349.9959133333334
 20
280.6147667592592
 30
0.0
 10
349.9959133333333
 20
281.7812852777777
 30
0.0
 10
348.9952003703704
 20
281.7824612037036
 30
0.0
 10
347.9944874074074
 20
281.7836371296296
 30
0.0
 10
346.9937744444444
 20
281.7848130555555
 30
0.0
 10
346.9937744444444
 20
280.618294537037
 30
0.0
 10
346.9937744444444
 20
279.4517760185185
 30
0.0
 10
346.9937744444444
 20
278.2852575
 30
0.0
 10
346.9937744444444
 20
277.9465908333333
 30
0.0
 10
347.0431633333333
 20
277.4985630555555
 30
0.0
 10
347.0431633333333
 20
276.5319519444444
 30
0.0
 10
347.0431633333333
 20
275.5688686111111
 30
0.0
 10
347.0219966666666
 20
274.7857019444444
 30
0.0
 10
346.9937744444444
 20
274.7857019444444
 30
0.0
 10
346.1976725925926
 20
274.7857019444444
 30
0.0
 10
345.4015707407407
 20
274.7857019444444
 30
0.0
 10
344.6054688888888
 20
274.7857019444444
 30
0.0
 10
344.3373577777778
 20
274.7857019444444
 30
0.0
 10
344.0833577777777
 20
274.8915352777777
 30
0.0
 10
343.8963855555555
 20
275.0785074999999
 30
0.0
 10
343.8611077777778
 20
275.1137852777777
 30
0.0
 10
343.8258299999999
 20
275.1490630555556
 30
0.0
 10
343.7905522222222
 20
275.1843408333334
 30
0.0
 10
343.6032272222222
 20
275.3720186111111
 30
0.0
 10
343.4977466666666
 20
275.6260186111111
 30
0.0
 10
343.4977466666666
 20
275.8913075
 30
0.0
 10
343.4977466666666
 20
279.4386056481481
 30
0.0
 10
343.4977466666666
 20
282.9859037962963
 30
0.0
 10
343.4977466666666
 20
286.5332019444444
 30
0.0
 10
343.4977466666666
 20
287.2352297222222
 30
0.0
 10
343.6847188888889
 20
287.9231463888889
 30
0.0
 10
344.0339688888889
 20
288.5334519444444
 30
0.0
 10
345.8543022222222
 20
291.6861093518518
 30
0.0
 10
347.6746355555554
 20
294.8387667592593
 30
0.0
 10
349.4949688888888
 20
297.9914241666667
 30
0.0
 10
349.4949688888889
 20
302.9961649074074
 30
0.0
 10
349.4949688888889
 20
308.0009056481481
 30
0.0
 10
349.4949688888888
 20
313.0056463888889
 30
0.0
 10
349.4949688888888
 20
313.2737574999999
 30
0.0
 10
349.6008022222222
 20
313.5277575
 30
0.0
 10
349.7877744444444
 20
313.7147297222222
 30
0.0
 10
349.8230522222222
 20
313.7500074999999
 30
0.0
 10
349.85833
 20
313.7852852777777
 30
0.0
 10
349.8936077777777
 20
313.8205630555555
 30
0.0
 10
350.0805799999999
 20
314.0075352777778
 30
0.0
 10
350.33458
 20
314.1133686111111
 30
0.0
 10
350.6026911111111
 20
314.1133686111111
 30
0.0
 10
351.3987929629629
 20
314.1133686111111
 30
0.0
 10
352.1948948148147
 20
314.1133686111111
 30
0.0
 10
352.9909966666666
 20
314.1133686111111
 30
0.0
 10
353.0192188888889
 20
314.1027852777777
 30
0.0
 10
353.0403855555555
 20
313.3231463888889
 30
0.0
 10
353.0403855555555
 20
312.3635908333333
 30
0.0
 10
353.0403855555555
 20
311.3969797222222
 30
0.0
 10
352.9909966666666
 20
310.9489519444444
 30
0.0
 10
352.9909966666666
 20
310.6138130555555
 30
0.0
 10
352.9921725925926
 20
309.447294537037
 30
0.0
 10
352.9933485185185
 20
308.2807760185185
 30
0.0
 10
352.9945244444444
 20
307.1142575
 30
0.0
 10
353.9940614814814
 20
307.1142575
 30
0.0
 10
354.9935985185185
 20
307.1142575
 30
0.0
 10
355.9931355555555
 20
307.1142575
 30
0.0
 10
355.9931355555555
 20
308.2807760185185
 30
0.0
 10
355.9931355555555
 20
309.447294537037
 30
0.0
 10
355.9931355555555
 20
310.6138130555555
 30
0.0
 10
355.9931355555555
 20
310.9489519444444
 30
0.0
 10
355.9437466666666
 20
311.3969797222222
 30
0.0
 10
355.9437466666666
 20
312.3635908333333
 30
0.0
 10
355.9437466666666
 20
313.3337297222222
 30
0.0
 10
355.9649133333333
 20
314.1133686111111
 30
0.0
 10
355.9931355555555
 20
314.1133686111111
 30
0.0
 10
356.6398948148148
 20
314.1133686111111
 30
0.0
 10
357.286654074074
 20
314.1133686111111
 30
0.0
 10
357.9334133333332
 20
314.1133686111111
 30
0.0
 10
359.4338948148147
 20
315.6138500925926
 30
0.0
 10
360.9343762962963
 20
317.1143315740741
 30
0.0
 10
362.4348577777777
 20
318.6148130555555
 30
0.0
 10
363.1862744444445
 20
319.3627019444444
 30
0.0
 10
364.2022744444444
 20
319.7860352777777
 30
0.0
 10
365.2641355555555
 20
319.7860352777777
 30
0.0
 10
374.7538577777777
 20
319.7860352777777
 30
0.0
 10
384.2435799999999
 20
319.7860352777777
 30
0.0
 10
393.7333022222222
 20
319.7860352777777
 30
0.0
 10
394.7926938888889
 20
319.7860352777777
 30
0.0
 10
395.8086938888889
 20
319.3651713888889
 30
0.0
 10
396.5576411111111
 20
318.6162241666666
 30
0.0
 10
398.0585929629629
 20
317.1152723148148
 30
0.0
 10
399.5595448148148
 20
315.614320462963
 30
0.0
 10
401.0604966666666
 20
314.1133686111111
 30
0.0
 10
401.7060799999999
 20
314.1133686111111
 30
0.0
 10
402.3516633333333
 20
314.1133686111111
 30
0.0
 10
402.9972466666666
 20
314.1133686111111
 30
0.0
 10
403.0289966666667
 20
314.1133686111111
 30
0.0
 10
403.0501633333333
 20
313.3337297222222
 30
0.0
 10
403.0501633333333
 20
312.3635908333333
 30
0.0
 10
403.0501633333333
 20
311.3969797222222
 30
0.0
 10
403.0007744444444
 20
310.9489519444444
 30
0.0
 10
403.0007744444444
 20
310.6138130555555
 30
0.0
 10
403.0007744444444
 20
309.447294537037
 30
0.0
 10
403.0007744444444
 20
308.2807760185185
 30
0.0
 10
403.0007744444444
 20
307.1142575
 30
0.0
 10
404.0003114814814
 20
307.1142575
 30
0.0
 10
404.9998485185185
 20
307.1142575
 30
0.0
 10
405.9993855555555
 20
307.1142575
 30
0.0
 10
406.0005614814814
 20
308.2807760185185
 30
0.0
 10
406.0017374074073
 20
309.447294537037
 30
0.0
 10
406.0029133333333
 20
310.6138130555555
 30
0.0
 10
406.0029133333333
 20
310.9489519444444
 30
0.0
 10
405.9535244444444
 20
311.3969797222222
 30
0.0
 10
405.9499966666667
 20
312.3635908333333
 30
0.0
 10
405.9535244444444
 20
313.3231463888889
 30
0.0
 10
405.9746911111111
 20
314.1027852777777
 30
0.0
 10
406.0029133333333
 20
314.1133686111111
 30
0.0
 10
406.8010142592591
 20
314.1133686111111
 30
0.0
 10
407.5991151851851
 20
314.1133686111111
 30
0.0
 10
408.397216111111
 20
314.1133686111111
 30
0.0
 10
408.6621522222222
 20
314.1133686111111
 30
0.0
 10
408.9165049999999
 20
314.0082408333333
 30
0.0
 10
409.1038299999999
 20
313.8205630555555
 30
0.0
 10
409.1391077777777
 20
313.7852852777777
 30
0.0
 10
409.1743855555555
 20
313.7500074999999
 30
0.0
 10
409.2096633333333
 20
313.7147297222222
 30
0.0
 10
409.3966355555555
 20
313.5277575
 30
0.0
 10
409.5024688888889
 20
313.2737574999999
 30
0.0
 10
409.5024688888889
 20
313.0056463888889
 30
0.0
 10
409.5024688888889
 20
308.0009056481481
 30
0.0
 10
409.5024688888889
 20
302.9961649074074
 30
0.0
 10
409.5024688888889
 20
297.9914241666667
 30
0.0
 10
411.3228022222222
 20
294.8387667592593
 30
0.0
 10
413.1431355555555
 20
291.6861093518518
 30
0.0
 10
414.9634688888889
 20
288.5334519444444
 30
0.0
 10
415.3162466666666
 20
287.9231463888889
 30
0.0
 10
415.4996911111111
 20
287.2352297222222
 30
0.0
 10
415.4996911111111
 20
286.5332019444444
 30
0.0
  0
SPLINE
  5
1A0
330
1F
100
AcDbEntity
  8
DEFAULT
 62
     1
100
AcDbSpline
210
0.0
220
0.0
230
1.0
 70
    11
 71
     3
 72
   371
 73
   367
 74
     0
 42
0.000000001
 43
0.0000000001
 40
1.0
 40
1.0
 40
1.0
 40
1.0
 40
2.0
 40
2.0
 40
2.0
 40
69.84
 40
69.84
 40
69.84
 40
70.84
 40
70.84
 40
70.84
 40
74.8422243815158
 40
74.8422243815158
 40
74.8422243815158
 40
75.8422243815158
 40
75.8422243815158
 40
75.8422243815158
 40
103.9602243815158
 40
103.9602243815158
 40
103.9602243815158
 40
104.9602243815158
 40
104.9602243815158
 40
104.9602243815158
 40
109.45671645868
 40
109.45671645868
 40
109.45671645868
 40
110.45671645868
 40
110.45671645868
 40
110.45671645868
 40
111.45671645868
 40
111.45671645868
 40
111.45671645868
 40
115.69671645868
 40
115.69671645868
 40
115.69671645868
 40
124.2067223341187
 40
124.2067223341187
 40
124.2067223341187
 40
128.4667340711917
 40
128.4667340711917
 40
128.4667340711917
 40
129.4667340711917
 40
129.4667340711917
 40
129.4667340711917
 40
130.4667340711917
 40
130.4667340711917
 40
130.4667340711917
 40
134.9639331995382
 40
134.9639331995382
 40
134.9639331995382
 40
135.9639331995382
 40
135.9639331995382
 40
135.9639331995382
 40
175.5959331995382
 40
175.5959331995382
 40
175.5959331995382
 40
176.5959331995382
 40
176.5959331995382
 40
176.5959331995382
 40
179.9193350711149
 40
179.9193350711149
 40
179.9193350711149
 40
180.9193350711149
 40
180.9193350711149
 40
180.9193350711149
 40
193.4793350711149
 40
193.4793350711149
 40
193.4793350711149
 40
194.4793350711149
 40
194.4793350711149
 40
194.4793350711149
 40
210.5384379414499
 40
210.5384379414499
 40
210.5384379414499
 40
211.5384379414499
 40
211.5384379414499
 40
211.5384379414499
 40
212.5384379414499
 40
212.5384379414499
 40
212.5384379414499
 40
213.5384379414499
 40
213.5384379414499
 40
213.5384379414499
 40
214.5384379414499
 40
214.5384379414499
 40
214.5384379414499
 40
215.5384379414499
 40
215.5384379414499
 40
215.5384379414499
 40
216.5384379414499
 40
216.5384379414499
 40
216.5384379414499
 40
217.5384379414499
 40
217.5384379414499
 40
217.5384379414499
 40
221.7784497338864
 40
221.7784497338864
 40
221.7784497338864
 40
230.2784556162373
 40
230.2784556162373
 40
230.2784556162373
 40
234.5284556162373
 40
234.5284556162373
 40
234.5284556162373
 40
235.5284556162373
 40
235.5284556162373
 40
235.5284556162373
 40
236.5284556162373
 40
236.5284556162373
 40
236.5284556162373
 40
240.5784556162373
 40
240.5784556162373
 40
240.5784556162373
 40
241.5784556162373
 40
241.5784556162373
 40
241.5784556162373
 40
263.9329305150131
 40
263.9329305150131
 40
263.9329305150131
 40
264.9329305150131
 40
264.9329305150131
 40
264.9329305150131
 40
265.358930515013
 40
265.358930515013
 40
265.358930515013
 40
266.358930515013
 40
266.358930515013
 40
266.358930515013
 40
272.5814701894545
 40
272.5814701894545
 40
272.5814701894545
 40
273.5814701894545
 40
273.5814701894545
 40
273.5814701894545
 40
274.5814701894545
 40
274.5814701894545
 40
274.5814701894545
 40
278.8311878271335
 40
278.8311878271335
 40
278.8311878271335
 40
287.3447534726196
 40
287.3447534726196
 40
287.3447534726196
 40
291.6015362953626
 40
291.6015362953626
 40
291.6015362953626
 40
292.6015362953626
 40
292.6015362953626
 40
292.6015362953626
 40
293.6015362953626
 40
293.6015362953626
 40
293.6015362953626
 40
301.8216526570693
 40
301.8216526570693
 40
301.8216526570693
 40
302.8216526570693
 40
302.8216526570693
 40
302.8216526570693
 40
303.2416526570693
 40
303.2416526570693
 40
303.2416526570693
 40
304.2416526570693
 40
304.2416526570693
 40
304.2416526570693
 40
319.2393891529543
 40
319.2393891529543
 40
319.2393891529543
 40
320.2393891529543
 40
320.2393891529543
 40
320.2393891529543
 40
323.3293891529543
 40
323.3293891529543
 40
323.3293891529543
 40
324.3293891529543
 40
324.3293891529543
 40
324.3293891529543
 40
325.3293891529543
 40
325.3293891529543
 40
325.3293891529543
 40
326.3293891529543
 40
326.3293891529543
 40
326.3293891529543
 40
327.3293891529543
 40
327.3293891529543
 40
327.3293891529543
 40
328.3293891529543
 40
328.3293891529543
 40
328.3293891529543
 40
329.3293891529543
 40
329.3293891529543
 40
329.3293891529543
 40
330.3393891529543
 40
330.3393891529543
 40
330.3393891529543
 40
331.3393891529543
 40
331.3393891529543
 40
331.3393891529543
 40
338.6753891529543
 40
338.6753891529543
 40
338.6753891529543
 40
339.6753891529543
 40
339.6753891529543
 40
339.6753891529543
 40
342.9973768109688
 40
342.9973768109688
 40
342.9973768109688
 40
343.9973768109688
 40
343.9973768109688
 40
343.9973768109688
 40
372.1183782511736
 40
372.1183782511736
 40
372.1183782511736
 40
373.1183782511736
 40
373.1183782511736
 40
373.1183782511736
 40
377.6155773795201
 40
377.6155773795201
 40
377.6155773795201
 40
378.6155773795201
 40
378.6155773795201
 40
378.6155773795201
 40
379.6155773795201
 40
379.6155773795201
 40
379.6155773795201
 40
383.8555773795201
 40
383.8555773795201
 40
383.8555773795201
 40
392.3555773795201
 40
392.3555773795201
 40
392.3555773795201
 40
396.5955773795201
 40
396.5955773795201
 40
396.5955773795201
 40
397.5955773795201
 40
397.5955773795201
 40
397.5955773795201
 40
398.5955773795201
 40
398.5955773795201
 40
398.5955773795201
 40
403.0920694566843
 40
403.0920694566843
 40
403.0920694566843
 40
404.0920694566843
 40
404.0920694566843
 40
404.0920694566843
 40
477.5880700077347
 40
477.5880700077347
 40
477.5880700077347
 40
478.5880700077347
 40
478.5880700077347
 40
478.5880700077347
 40
479.5880700077347
 40
479.5880700077347
 40
479.5880700077347
 40
531.2890700077347
 40
531.2890700077347
 40
531.2890700077347
 40
532.2890700077347
 40
532.2890700077347
 40
532.2890700077347
 40
533.2890700077347
 40
533.2890700077347
 40
533.2890700077347
 40
534.2890700077347
 40
534.2890700077347
 40
534.2890700077347
 40
534.7076772221973
 40
534.7076772221973
 40
534.7076772221973
 40
535.7076772221973
 40
535.7076772221973
 40
535.7076772221973
 40
569.1276772221971
 40
569.1276772221971
 40
569.1276772221971
 40
570.1276772221971
 40
570.1276772221971
 40
570.1276772221971
 40
570.5561839315963
 40
570.5561839315963
 40
570.5561839315963
 40
571.5561839315963
 40
571.5561839315963
 40
571.5561839315963
 40
579.7661839315963
 40
579.7661839315963
 40
579.7661839315963
 40
580.7661839315963
 40
580.7661839315963
 40
580.7661839315963
 40
581.7661839315963
 40
581.7661839315963
 40
581.7661839315963
 40
591.6761839315961
 40
591.6761839315961
 40
591.6761839315961
 40
600.1861898070348
 40
600.1861898070348
 40
600.1861898070348
 40
610.1061898070349
 40
610.1061898070349
 40
610.1061898070349
 40
611.1061898070349
 40
611.1061898070349
 40
611.1061898070349
 40
612.1061898070349
 40
612.1061898070349
 40
612.1061898070349
 40
624.8461898070349
 40
624.8461898070349
 40
624.8461898070349
 40
625.8461898070349
 40
625.8461898070349
 40
625.8461898070349
 40
626.8461898070349
 40
626.8461898070349
 40
626.8461898070349
 40
636.766189807035
 40
636.766189807035
 40
636.766189807035
 40
645.2761898070349
 40
645.2761898070349
 40
645.2761898070349
 40
655.206189807035
 40
655.206189807035
 40
655.206189807035
 40
656.206189807035
 40
656.206189807035
 40
656.206189807035
 40
657.206189807035
 40
657.206189807035
 40
657.206189807035
 40
658.206189807035
 40
658.206189807035
 40
658.206189807035
 40
659.206189807035
 40
659.206189807035
 40
659.206189807035
 40
660.206189807035
 40
660.206189807035
 40
660.206189807035
 40
664.466189807035
 40
664.466189807035
 40
664.466189807035
 40
672.9761956824736
 40
672.9761956824736
 40
672.9761956824736
 40
677.2161956824737
 40
677.2161956824737
 40
677.2161956824737
 40
678.2161956824737
 40
678.2161956824737
 40
678.2161956824737
 40
679.2161956824737
 40
679.2161956824737
 40
679.2161956824737
 40
683.7133948108201
 40
683.7133948108201
 40
683.7133948108201
 40
684.7133948108201
 40
684.7133948108201
 40
684.7133948108201
 40
729.6843957114005
 40
729.6843957114005
 40
729.6843957114005
 40
730.6843957114005
 40
730.6843957114005
 40
730.6843957114005
 40
730.6843957114005
 10
105.4720536111111
 20
431.8966963888889
 30
0.0
 10
104.3809119444444
 20
433.0023019444445
 30
0.0
 10
102.8565591666667
 20
433.5702741666666
 30
0.0
 10
101.3029258333333
 20
433.5702741666666
 30
0.0
 10
93.32544435185186
 20
433.5702741666666
 30
0.0
 10
85.34796287037038
 20
433.5702741666666
 30
0.0
 10
77.37048138888889
 20
433.5702741666666
 30
0.0
 10
77.1051925
 20
433.5702741666666
 30
0.0
 10
76.85083972222222
 20
433.6757547222223
 30
0.0
 10
76.66351472222222
 20
433.8630797222223
 30
0.0
 10
76.33072768518518
 20
434.1958667592593
 30
0.0
 10
75.99794064814814
 20
434.5286537962963
 30
0.0
 10
75.66515361111112
 20
434.8614408333333
 30
0.0
 10
75.47782861111111
 20
435.0487658333333
 30
0.0
 10
75.22312305555556
 20
435.1542463888889
 30
0.0
 10
74.95783416666667
 20
435.1542463888889
 30
0.0
 10
71.65136564814816
 20
435.1542463888889
 30
0.0
 10
68.34489712962964
 20
435.1542463888889
 30
0.0
 10
65.03842861111112
 20
435.1542463888889
 30
0.0
 10
64.77313972222223
 20
435.1542463888889
 30
0.0
 10
64.51843416666667
 20
435.0487658333333
 30
0.0
 10
64.33075638888889
 20
434.8614408333333
 30
0.0
 10
63.95692953703703
 20
434.4874963888889
 30
0.0
 10
63.58310268518519
 20
434.1135519444445
 30
0.0
 10
63.20927583333333
 20
433.7396075
 30
0.0
 10
63.17752583333334
 20
433.7325519444444
 30
0.0
 10
63.15988694444444
 20
432.9529130555555
 30
0.0
 10
63.15988694444444
 20
431.9863019444444
 30
0.0
 10
63.15988694444444
 20
431.0196908333334
 30
0.0
 10
63.20574805555556
 20
430.5716630555555
 30
0.0
 10
63.20927583333333
 20
430.2365241666667
 30
0.0
 10
63.20927583333333
 20
429.7379315740741
 30
0.0
 10
63.20927583333333
 20
429.2393389814815
 30
0.0
 10
63.20927583333333
 20
428.7407463888889
 30
0.0
 10
62.20856287037037
 20
428.739570462963
 30
0.0
 10
61.20784990740741
 20
428.738394537037
 30
0.0
 10
60.20713694444445
 20
428.7372186111111
 30
0.0
 10
60.20596101851853
 20
429.2381630555556
 30
0.0
 10
60.2047850925926
 20
429.7391075
 30
0.0
 10
60.20360916666667
 20
430.2400519444445
 30
0.0
 10
60.20360916666667
 20
430.5716630555555
 30
0.0
 10
60.25652583333334
 20
431.0196908333334
 30
0.0
 10
60.25652583333334
 20
431.9863019444444
 30
0.0
 10
60.25652583333334
 20
432.9564408333333
 30
0.0
 10
60.23183138888889
 20
433.7396075
 30
0.0
 10
60.20713694444445
 20
433.7396075
 30
0.0
 10
59.8331925
 20
434.1135519444445
 30
0.0
 10
59.45924805555556
 20
434.4874963888889
 30
0.0
 10
59.08530361111111
 20
434.8614408333333
 30
0.0
 10
58.89797861111112
 20
435.0491186111111
 30
0.0
 10
58.64362583333334
 20
435.1542463888889
 30
0.0
 10
58.37833694444445
 20
435.1542463888889
 30
0.0
 10
53.71790731481482
 20
435.1542463888889
 30
0.0
 10
49.0574776851852
 20
435.1542463888889
 30
0.0
 10
44.39704805555557
 20
435.1542463888889
 30
0.0
 10
44.13175916666668
 20
435.1542463888889
 30
0.0
 10
43.8774063888889
 20
435.2597269444444
 30
0.0
 10
43.69008138888889
 20
435.4470519444445
 30
0.0
 10
43.41373879629629
 20
435.723394537037
 30
0.0
 10
43.1373962037037
 20
435.9997371296296
 30
0.0
 10
42.86105361111111
 20
436.2760797222222
 30
0.0
 10
42.67372861111111
 20
436.4637575
 30
0.0
 10
42.41937583333335
 20
436.5688852777777
 30
0.0
 10
42.15408694444446
 20
436.5688852777777
 30
0.0
 10
40.67712398148149
 20
436.5688852777777
 30
0.0
 10
39.20016101851854
 20
436.5688852777777
 30
0.0
 10
37.72319805555556
 20
436.5688852777777
 30
0.0
 10
35.86723416666667
 20
436.5688852777777
 30
0.0
 10
34.08747027777778
 20
437.3058380555556
 30
0.0
 10
32.77478416666668
 20
438.6178186111111
 30
0.0
 10
31.43904990740742
 20
439.9527297222222
 30
0.0
 10
30.10331564814816
 20
441.2876408333333
 30
0.0
 10
28.76758138888889
 20
442.6225519444444
 30
0.0
 10
28.0831925
 20
443.3069408333333
 30
0.0
 10
26.97899805555556
 20
443.3069408333333
 30
0.0
 10
26.2910813888889
 20
442.6225519444444
 30
0.0
 10
25.61374805555556
 20
441.9416908333333
 30
0.0
 10
25.61022027777778
 20
440.8339686111111
 30
0.0
 10
26.29460916666667
 20
440.1495797222222
 30
0.0
 10
27.07777583333335
 20
439.3664130555555
 30
0.0
 10
27.07777583333335
 20
438.0999408333333
 30
0.0
 10
26.2910813888889
 20
437.3203019444445
 30
0.0
 10
25.5114425
 20
436.5406630555556
 30
0.0
 10
24.24849805555556
 20
436.5441908333333
 30
0.0
 10
23.4653313888889
 20
437.3203019444445
 30
0.0
 10
22.72097027777779
 20
438.0646630555555
 30
0.0
 10
22.1953313888889
 20
438.7349408333333
 30
0.0
 10
20.62547027777779
 20
438.7349408333333
 30
0.0
 10
20.59372027777778
 20
438.7278852777778
 30
0.0
 10
20.5760813888889
 20
437.9517741666667
 30
0.0
 10
20.5760813888889
 20
436.9851630555555
 30
0.0
 10
20.5760813888889
 20
436.0185519444444
 30
0.0
 10
20.62194250000001
 20
435.5705241666666
 30
0.0
 10
20.62547027777779
 20
435.2353852777778
 30
0.0
 10
20.62429435185186
 20
434.7367926851852
 30
0.0
 10
20.62311842592593
 20
434.2382000925925
 30
0.0
 10
20.62194250000001
 20
433.7396075
 30
0.0
 10
19.62240546296298
 20
433.738431574074
 30
0.0
 10
18.62286842592594
 20
433.7372556481481
 30
0.0
 10
17.6233313888889
 20
433.7360797222222
 30
0.0
 10
17.6233313888889
 20
434.2358482407407
 30
0.0
 10
17.6233313888889
 20
434.7356167592592
 30
0.0
 10
17.6233313888889
 20
435.2353852777778
 30
0.0
 10
17.61980361111113
 20
435.5705241666666
 30
0.0
 10
17.67272027777778
 20
436.0185519444444
 30
0.0
 10
17.67272027777778
 20
436.9851630555555
 30
0.0
 10
17.67272027777778
 20
437.9094408333333
 30
0.0
 10
17.65155361111112
 20
438.6643852777777
 30
0.0
 10
17.6233313888889
 20
438.7349408333333
 30
0.0
 10
17.1470813888889
 20
438.7349408333333
 30
0.0
 10
16.6708313888889
 20
438.7349408333333
 30
0.0
 10
16.1945813888889
 20
438.7349408333333
 30
0.0
 10
14.60355361111112
 20
438.7349408333333
 30
0.0
 10
13.07955361111113
 20
438.1034686111111
 30
0.0
 10
11.95419250000002
 20
436.9816352777777
 30
0.0
 10
10.09481842592594
 20
435.1234371296296
 30
0.0
 10
8.235444351851866
 20
433.2652389814814
 30
0.0
 10
6.37607027777779
 20
431.4070408333333
 30
0.0
 10
6.189098055555558
 20
431.2200686111111
 30
0.0
 10
6.083970277777779
 20
430.9667741666667
 30
0.0
 10
6.083970277777779
 20
430.7021908333334
 30
0.0
 10
6.083970277777779
 20
430.6520963888889
 30
0.0
 10
6.083970277777779
 20
430.6020019444445
 30
0.0
 10
6.083970277777779
 20
430.5519075
 30
0.0
 10
6.083970277777779
 20
430.2866186111111
 30
0.0
 10
6.189450833333347
 20
430.0326186111112
 30
0.0
 10
6.376775833333349
 20
429.8449408333333
 30
0.0
 10
6.894183240740754
 20
429.3275334259259
 30
0.0
 10
7.411590648148159
 20
428.8101260185185
 30
0.0
 10
7.928998055555564
 20
428.2927186111111
 30
0.0
 10
7.971331388888898
 20
428.2927186111111
 30
0.0
 10
8.53577583333335
 20
428.8254130555556
 30
0.0
 10
9.198998055555572
 20
429.4921630555555
 30
0.0
 10
9.883386944444458
 20
430.1730241666667
 30
0.0
 10
10.16560916666667
 20
430.5258019444444
 30
0.0
 10
10.40549805555556
 20
430.7621630555556
 30
0.0
 10
10.75827583333333
 20
431.1161167592592
 30
0.0
 10
11.11105361111111
 20
431.470070462963
 30
0.0
 10
11.46383138888889
 20
431.8240241666667
 30
0.0
 10
12.1717387962963
 20
431.1161167592593
 30
0.0
 10
12.87964620370371
 20
430.4082093518518
 30
0.0
 10
13.58755361111113
 20
429.7003019444445
 30
0.0
 10
13.23359990740742
 20
429.3463482407408
 30
0.0
 10
12.87964620370372
 20
428.9923945370371
 30
0.0
 10
12.52569250000002
 20
428.6384408333334
 30
0.0
 10
12.2893313888889
 20
428.4056075
 30
0.0
 10
11.9400813888889
 20
428.1198575
 30
0.0
 10
11.25216472222223
 20
427.4389963888889
 30
0.0
 10
10.58894250000001
 20
426.7687186111111
 30
0.0
 10
10.05977583333335
 20
426.2113297222222
 30
0.0
 10
10.05977583333335
 20
426.1654686111111
 30
0.0
 10
10.74334157407409
 20
425.4820204629629
 30
0.0
 10
11.42690731481483
 20
424.7985723148147
 30
0.0
 10
12.11047305555557
 20
424.1151241666666
 30
0.0
 10
12.29709250000001
 20
423.9281519444444
 30
0.0
 10
12.55073972222223
 20
423.8230241666667
 30
0.0
 10
12.81497027777779
 20
423.8230241666667
 30
0.0
 10
12.86435916666668
 20
423.8230241666667
 30
0.0
 10
12.91374805555556
 20
423.8230241666667
 30
0.0
 10
12.96313694444444
 20
423.8230241666667
 30
0.0
 10
13.23124805555557
 20
423.8230241666667
 30
0.0
 10
13.48524805555556
 20
423.9288575
 30
0.0
 10
13.67222027777779
 20
424.1158297222222
 30
0.0
 10
14.9198776851852
 20
425.3623112037037
 30
0.0
 10
16.1675350925926
 20
426.6087926851851
 30
0.0
 10
17.4151925
 20
427.8552741666667
 30
0.0
 10
17.97610916666668
 20
428.4197186111111
 30
0.0
 10
18.73810916666667
 20
428.7336908333334
 30
0.0
 10
19.53538694444444
 20
428.7336908333334
 30
0.0
 10
19.89874805555556
 20
428.7336908333334
 30
0.0
 10
20.26210916666667
 20
428.7336908333334
 30
0.0
 10
20.62547027777779
 20
428.7336908333334
 30
0.0
 10
28.05391194444446
 20
428.7336908333334
 30
0.0
 10
27.3719925
 20
427.2763658333333
 30
0.0
 10
34.04231472222222
 20
427.2661352777778
 30
0.0
 10
35.05902027777778
 20
427.2647241666667
 30
0.0
 10
35.96953972222223
 20
426.5330630555555
 30
0.0
 10
36.09618694444445
 20
425.5241186111111
 30
0.0
 10
36.24893972222223
 20
424.3049186111111
 30
0.0
 10
35.30137861111112
 20
423.2656352777778
 30
0.0
 10
34.11216472222224
 20
423.2656352777778
 30
0.0
 10
33.25138694444446
 20
423.2656352777778
 30
0.0
 10
32.51760916666667
 20
423.8124408333334
 30
0.0
 10
32.23891472222223
 20
424.5744408333333
 30
0.0
 10
31.90377583333333
 20
425.4881352777778
 30
0.0
 10
30.88777583333333
 20
425.9573297222222
 30
0.0
 10
29.9740813888889
 20
425.6221908333333
 30
0.0
 10
29.16269250000001
 20
425.3258575
 30
0.0
 10
28.65469250000001
 20
424.4862463888888
 30
0.0
 10
28.84872027777779
 20
423.6748575
 30
0.0
 10
29.39199805555555
 20
421.3818019444444
 30
0.0
 10
31.63566472222222
 20
419.7660797222222
 30
0.0
 10
34.11216472222224
 20
419.7696075
 30
0.0
 10
40.43747027777778
 20
419.7696075
 30
0.0
 10
42.27897027777779
 20
423.7383575
 30
0.0
 10
50.62569250000001
 20
423.7383575
 30
0.0
 10
51.48835175925927
 20
423.7383575000001
 30
0.0
 10
52.35101101851851
 20
423.7383575000001
 30
0.0
 10
53.21367027777777
 20
423.7383575
 30
0.0
 10
53.47895916666667
 20
423.7383575
 30
0.0
 10
53.73331194444444
 20
423.6332297222222
 30
0.0
 10
53.92063694444445
 20
423.4455519444444
 30
0.0
 10
54.19686194444444
 20
423.1693269444445
 30
0.0
 10
54.47308694444445
 20
422.8931019444444
 30
0.0
 10
54.74931194444444
 20
422.6168769444444
 30
0.0
 10
54.93698972222221
 20
422.4291991666666
 30
0.0
 10
55.19169527777779
 20
422.3237186111111
 30
0.0
 10
55.45698416666668
 20
422.3240713888889
 30
0.0
 10
58.76380546296297
 20
422.3251297222223
 30
0.0
 10
62.07062675925926
 20
422.3261880555556
 30
0.0
 10
65.37744805555556
 20
422.3272463888889
 30
0.0
 10
65.64273694444445
 20
422.3272463888889
 30
0.0
 10
65.89673694444446
 20
422.4327269444444
 30
0.0
 10
66.08441472222222
 20
422.6200519444444
 30
0.0
 10
66.45835916666667
 20
422.9939963888889
 30
0.0
 10
66.83230361111112
 20
423.3679408333333
 30
0.0
 10
67.20624805555556
 20
423.7418852777778
 30
0.0
 10
67.23447027777779
 20
423.7489408333333
 30
0.0
 10
67.25563694444445
 20
424.5250519444444
 30
0.0
 10
67.25563694444445
 20
425.4881352777778
 30
0.0
 10
67.25563694444445
 20
426.4582741666667
 30
0.0
 10
67.20977583333334
 20
426.9027741666667
 30
0.0
 10
67.20624805555556
 20
427.2414408333333
 30
0.0
 10
67.20624805555556
 20
427.740033425926
 30
0.0
 10
67.20624805555556
 20
428.2386260185185
 30
0.0
 10
67.20624805555556
 20
428.7372186111111
 30
0.0
 10
68.20578509259259
 20
428.7372186111111
 30
0.0
 10
69.20532212962962
 20
428.7372186111111
 30
0.0
 10
70.20485916666667
 20
428.7372186111111
 30
0.0
 10
70.20485916666667
 20
428.2386260185185
 30
0.0
 10
70.20485916666667
 20
427.740033425926
 30
0.0
 10
70.20485916666667
 20
427.2414408333333
 30
0.0
 10
70.21191472222223
 20
426.9063019444445
 30
0.0
 10
70.15547027777778
 20
426.4547463888889
 30
0.0
 10
70.15547027777778
 20
425.4881352777778
 30
0.0
 10
70.15547027777778
 20
424.5250519444444
 30
0.0
 10
70.1836925
 20
423.7383575
 30
0.0
 10
70.20838694444444
 20
423.7383575
 30
0.0
 10
70.58233138888889
 20
423.3645306481482
 30
0.0
 10
70.95627583333334
 20
422.9907037962964
 30
0.0
 10
71.33022027777778
 20
422.6168769444444
 30
0.0
 10
71.51754527777778
 20
422.4291991666666
 30
0.0
 10
71.77189805555557
 20
422.3237186111111
 30
0.0
 10
72.03718694444444
 20
422.3237186111111
 30
0.0
 10
80.67977212962963
 20
422.3247769444445
 30
0.0
 10
89.32235731481482
 20
422.3258352777778
 30
0.0
 10
97.9649425
 20
422.3268936111111
 30
0.0
 10
100.1175925
 20
422.3272463888889
 30
0.0
 10
102.1767563888889
 20
421.4572963888888
 30
0.0
 10
103.6848813888889
 20
419.9209491666667
 30
0.0
 10
105.4794619444445
 20
418.0928547222222
 30
0.0
 10
107.9859480555555
 20
417.1414130555555
 30
0.0
 10
110.5481730555556
 20
417.1414130555555
 30
0.0
 10
116.6278276851852
 20
417.1414130555556
 30
0.0
 10
122.7074823148148
 20
417.1414130555556
 30
0.0
 10
128.7871369444445
 20
417.1414130555555
 30
0.0
 10
137.6171647222222
 20
417.1414130555555
 30
0.0
 10
147.3256091666667
 20
426.6628852777778
 30
0.0
 10
153.1111647222222
 20
426.6593575
 30
0.0
 10
153.7602758333333
 20
426.6628852777778
 30
0.0
 10
161.6113452777778
 20
426.6628852777778
 30
0.0
 10
163.5138758333333
 20
426.6593575
 30
0.0
 10
163.7795175
 20
426.6590047222222
 30
0.0
 10
164.0321063888889
 20
426.7641325
 30
0.0
 10
164.2201369444444
 20
426.9521630555555
 30
0.0
 10
164.2549443518518
 20
426.9869704629629
 30
0.0
 10
164.2897517592592
 20
427.0217778703703
 30
0.0
 10
164.3245591666667
 20
427.0565852777777
 30
0.0
 10
164.5129425
 20
427.2449686111111
 30
0.0
 10
164.6187758333333
 20
427.5007325
 30
0.0
 10
164.6187758333333
 20
427.7670797222223
 30
0.0
 10
164.6187758333333
 20
431.6970241666667
 30
0.0
 10
164.6187758333333
 20
435.6269686111111
 30
0.0
 10
164.6187758333333
 20
439.5569130555555
 30
0.0
 10
164.6187758333333
 20
439.8211436111111
 30
0.0
 10
164.5136480555556
 20
440.0744380555556
 30
0.0
 10
164.3270286111111
 20
440.2614102777778
 30
0.0
 10
164.2913980555555
 20
440.2970408333333
 30
0.0
 10
164.2557675
 20
440.3326713888889
 30
0.0
 10
164.2201369444444
 20
440.3683019444445
 30
0.0
 10
164.0331647222222
 20
440.5552741666667
 30
0.0
 10
163.7791647222222
 20
440.6611075
 30
0.0
 10
163.5110536111111
 20
440.6611075
 30
0.0
 10
162.5456184259259
 20
440.6611075
 30
0.0
 10
161.5801832407407
 20
440.6611075
 30
0.0
 10
160.6147480555555
 20
440.6611075
 30
0.0
 10
160.5865258333333
 20
440.6540519444445
 30
0.0
 10
160.5653591666667
 20
439.8744130555556
 30
0.0
 10
160.5618313888889
 20
438.9113297222222
 30
0.0
 10
160.5653591666667
 20
437.9447186111111
 30
0.0
 10
160.6147480555555
 20
437.5002186111111
 30
0.0
 10
160.6147480555555
 20
437.1615519444445
 30
0.0
 10
160.6147480555555
 20
435.9962093518519
 30
0.0
 10
160.6147480555555
 20
434.8308667592593
 30
0.0
 10
160.6147480555555
 20
433.6655241666667
 30
0.0
 10
159.6140350925926
 20
433.6643482407408
 30
0.0
 10
158.6133221296296
 20
433.6631723148148
 30
0.0
 10
157.6126091666667
 20
433.6619963888888
 30
0.0
 10
157.6126091666667
 20
434.8285149074074
 30
0.0
 10
157.6126091666667
 20
435.9950334259259
 30
0.0
 10
157.6126091666667
 20
437.1615519444445
 30
0.0
 10
157.6126091666667
 20
437.4966908333333
 30
0.0
 10
157.6619980555556
 20
437.9447186111111
 30
0.0
 10
157.6619980555556
 20
438.9148575
 30
0.0
 10
157.6584702777778
 20
439.8814686111111
 30
0.0
 10
157.6408313888889
 20
440.6646352777778
 30
0.0
 10
157.6090813888889
 20
440.6646352777778
 30
0.0
 10
156.1109517592593
 20
440.6646352777778
 30
0.0
 10
154.6128221296296
 20
440.6646352777778
 30
0.0
 10
153.1146925
 20
440.6646352777778
 30
0.0
 10
153.0829425
 20
440.6575797222222
 30
0.0
 10
153.0653036111111
 20
439.8779408333334
 30
0.0
 10
153.0653036111111
 20
438.9113297222222
 30
0.0
 10
153.0653036111111
 20
437.9447186111111
 30
0.0
 10
153.1146925
 20
437.4966908333333
 30
0.0
 10
153.1146925
 20
437.1615519444445
 30
0.0
 10
153.1146925
 20
435.9950334259259
 30
0.0
 10
153.1146925
 20
434.8285149074074
 30
0.0
 10
153.1146925
 20
433.6619963888888
 30
0.0
 10
152.113979537037
 20
433.6619963888888
 30
0.0
 10
151.1132665740741
 20
433.6619963888888
 30
0.0
 10
150.1125536111111
 20
433.6619963888888
 30
0.0
 10
150.1125536111111
 20
434.8296908333334
 30
0.0
 10
150.1125536111111
 20
435.9973852777778
 30
0.0
 10
150.1125536111111
 20
437.1650797222222
 30
0.0
 10
150.1125536111111
 20
437.4966908333333
 30
0.0
 10
150.1619425
 20
437.9447186111111
 30
0.0
 10
150.1619425
 20
438.9113297222222
 30
0.0
 10
150.1619425
 20
439.8814686111111
 30
0.0
 10
150.1372480555555
 20
440.6646352777778
 30
0.0
 10
150.1125536111111
 20
440.6646352777778
 30
0.0
 10
143.7484425
 20
440.6646352777778
 30
0.0
 10
133.2921091666667
 20
428.7583852777778
 30
0.0
 10
130.2899702777778
 20
428.7583852777778
 30
0.0
 10
130.2617480555556
 20
428.7478019444445
 30
0.0
 10
130.2405813888889
 20
427.9681630555556
 30
0.0
 10
130.2370536111111
 20
427.0086075
 30
0.0
 10
130.2405813888889
 20
426.0419963888889
 30
0.0
 10
130.2899702777778
 20
425.5939686111111
 30
0.0
 10
130.2899702777778
 20
425.2588297222222
 30
0.0
 10
130.2899702777778
 20
424.7578852777778
 30
0.0
 10
130.2899702777778
 20
424.2569408333334
 30
0.0
 10
130.2899702777778
 20
423.7559963888889
 30
0.0
 10
129.2892573148148
 20
423.7571723148149
 30
0.0
 10
128.2885443518519
 20
423.7583482407408
 30
0.0
 10
127.2878313888889
 20
423.7595241666667
 30
0.0
 10
127.2878313888889
 20
424.2581167592593
 30
0.0
 10
127.2878313888889
 20
424.7567093518519
 30
0.0
 10
127.2878313888889
 20
425.2553019444445
 30
0.0
 10
127.2878313888889
 20
425.5939686111111
 30
0.0
 10
127.3372202777778
 20
426.0419963888889
 30
0.0
 10
127.3336925
 20
427.0086075
 30
0.0
 10
127.3372202777778
 20
427.9716908333334
 30
0.0
 10
127.3195813888889
 20
428.7548575
 30
0.0
 10
127.2878313888889
 20
428.7548575
 30
0.0
 10
126.9138869444445
 20
429.1288019444444
 30
0.0
 10
126.5399425
 20
429.5027463888889
 30
0.0
 10
126.1659980555556
 20
429.8766908333334
 30
0.0
 10
125.9786730555556
 20
430.0643686111111
 30
0.0
 10
125.7243202777778
 20
430.1694963888889
 30
0.0
 10
125.4590313888889
 20
430.1694963888889
 30
0.0
 10
120.1707749074074
 20
430.1705547222223
 30
0.0
 10
114.8825184259259
 20
430.1716130555556
 30
0.0
 10
109.5942619444444
 20
430.1726713888889
 30
0.0
 10
108.0452147222222
 20
430.1730241666667
 30
0.0
 10
106.5603730555556
 20
430.7935602777778
 30
0.0
 10
105.4720536111111
 20
431.8966963888889
 30
0.0
  0
SPLINE
  5
1A1
330
1F
100
AcDbEntity
  8
DEFAULT
 62
     1
100
AcDbSpline
210
0.0
220
0.0
230
1.0
 70
    11
 71
     3
 72
    17
 73
    13
 74
     0
 42
0.000000001
 43
0.0000000001
 40
1.0
 40
1.0
 40
1.0
 40
1.0
 40
2.0
 40
2.0
 40
2.0
 40
3.0
 40
3.0
 40
3.0
 40
4.0
 40
4.0
 40
4.0
 40
5.0
 40
5.0
 40
5.0
 40
5.0
 10
145.7980813888889
 20
428.8571630555555
 30
0.0
 10
145.1842480555555
 20
427.9928575
 30
0.0
 10
135.5428313888889
 20
422.7258852777778
 30
0.0
 10
134.5515258333333
 20
423.1950797222223
 30
0.0
 10
133.9235813888889
 20
423.4914130555555
 30
0.0
 10
134.4844980555555
 20
425.2588297222222
 30
0.0
 10
134.5550536111111
 20
425.4034686111111
 30
0.0
 10
135.1688869444444
 20
426.6946352777778
 30
0.0
 10
144.8244147222222
 20
433.8983575
 30
0.0
 10
145.8615813888889
 20
433.5561630555555
 30
0.0
 10
147.0151647222222
 20
433.1716352777778
 30
0.0
 10
146.4965813888889
 20
429.8449408333333
 30
0.0
 10
145.7980813888889
 20
428.8571630555555
 30
0.0
  0
ENDSEC
  0
SECTION
  2
OBJECTS
  0
DICTIONARY
  5
C
330
0
100
AcDbDictionary
  3
ACAD_GROUP
350
D
  3
ACAD_LAYOUT
350
1A
  3
ACAD_MATERIAL
350
43
  3
ACAD_MLEADERSTYLE
350
1C4
  3
ACAD_MLINESTYLE
350
17
  3
ACAD_PLOTSETTINGS
350
19
  3
ACAD_SCALELIST
350
47
  3
ACAD_VISUALSTYLE
350
2A
  3
ACDBHEADERROUNDTRIPXREC
350
1A2
  3
ACDBVARIABLEDICTIONARY
350
1C2
  0
DICTIONARY
  5
D
102
{ACAD_REACTORS
330
C
102
}
330
C
100
AcDbDictionary
  0
DICTIONARY
  5
1A
102
{ACAD_REACTORS
330
C
102
}
330
C
100
AcDbDictionary
  0
DICTIONARY
  5
43
102
{ACAD_REACTORS
330
C
102
}
330
C
100
AcDbDictionary
  3
BYBLOCK
350
45
  3
BYLAYER
350
44
  3
GLOBAL
350
46
  0
DICTIONARY
  5
1C4
102
{ACAD_REACTORS
330
C
102
}
330
C
100
AcDbDictionary
  0
DICTIONARY
  5
17
102
{ACAD_REACTORS
330
C
102
}
330
C
100
AcDbDictionary
  3
STANDARD
350
18
  0
DICTIONARY
  5
19
102
{ACAD_REACTORS
330
C
102
}
330
C
100
AcDbDictionary
  0
DICTIONARY
  5
47
102
{ACAD_REACTORS
330
C
102
}
330
C
100
AcDbDictionary
  3
A0
350
48
  3
A1
350
49
  3
A2
350
4A
  3
A3
350
4B
  3
A4
350
4C
  3
A5
350
4D
  3
A6
350
4E
  3
A7
350
4F
  3
A8
350
50
  3
A9
350
51
  3
B0
350
52
  3
B1
350
53
  3
B2
350
54
  3
B3
350
55
  3
B4
350
56
  3
B5
350
57
  3
B6
350
58
  3
B7
350
59
  3
B8
350
5A
  3
B9
350
5B
  3
C0
350
5C
  3
C1
350
5D
  3
C2
350
5E
  3
C3
350
5F
  3
C4
350
60
  3
C5
350
61
  3
C6
350
62
  3
C7
350
63
  3
C8
350
64
  3
C9
350
65
  3
D0
350
66
  3
D1
350
67
  3
D2
350
68
  0
DICTIONARY
  5
2A
102
{ACAD_REACTORS
330
C
102
}
330
C
100
AcDbDictionary
  3
2DWIREFRAME
350
2F
  3
BASIC
350
32
  3
BRIGHTEN
350
36
  3
COLORCHANGE
350
3A
  3
CONCEPTUAL
350
34
  3
DIM
350
35
  3
EDGECOLOROFF
350
3D
  3
FACEPATTERN
350
39
  3
FLAT
350
2B
  3
FLATWITHEDGES
350
2C
  3
GOURAUD
350
2D
  3
GOURAUDWITHEDGES
350
2E
  3
HIDDEN
350
31
  3
JITTEROFF
350
3B
  3
LINEPATTERN
350
38
  3
OVERHANGOFF
350
3C
  3
REALISTIC
350
33
  3
SHADED
350
42
  3
SHADED_WITH_EDGES
350
41
  3
SHADES_OF_GRAY
350
3E
  3
SKETCHY
350
3F
  3
THICKEN
350
37
  3
WIREFRAME
350
30
  3
X-RAY
350
40
  0
DICTIONARY
  5
1A2
102
{ACAD_REACTORS
330
C
102
}
330
C
100
AcDbDictionary
  3
CEPSNTYPE
350
1AB
  3
DIMSTYLEDATA
350
1C1
  3
FINGERPRINTGUID
350
1AC
  3
HYPERLINKBASE
350
1A5
  3
INSUNITS
350
1AA
  3
LAYOUTDICT
350
1A7
  3
LWETCUNION
350
1A9
  3
PLOTSETDICT
350
1A8
  3
PSVPSCALE
350
1AE
  3
PUCSBASE
350
1B1
  3
PUCSORGBACK
350
1B7
  3
PUCSORGBOTTOM
350
1B3
  3
PUCSORGFRONT
350
1B6
  3
PUCSORGLEFT
350
1B4
  3
PUCSORGRIGHT
350
1B5
  3
PUCSORGTOP
350
1B2
  3
PUCSORTHOREF
350
1AF
  3
PUCSORTHOVIEW
350
1B0
  3
STYLESHEET
350
1A6
  3
TSTACKALIGN
350
1A3
  3
TSTACKSIZE
350
1A4
  3
UCSBASE
350
1BA
  3
UCSORGBACK
350
1C0
  3
UCSORGBOTTOM
350
1BC
  3
UCSORGFRONT
350
1BF
  3
UCSORGLEFT
350
1BD
  3
UCSORGRIGHT
350
1BE
  3
UCSORGTOP
350
1BB
  3
UCSORTHOREF
350
1B8
  3
UCSORTHOVIEW
350
1B9
  3
VERSIONGUID
350
1AD
  0
DICTIONARY
  5
1C2
102
{ACAD_REACTORS
330
C
102
}
330
C
100
AcDbDictionary
  3
CANNOSCALE
350
1C9
  3
DIMASSOC
350
1C7
  3
HIDETEXT
350
1C8
  3
MSLTSCALE
350
1CA
  0
MATERIAL
  5
45
102
{ACAD_REACTORS
330
43
102
}
102
{ACAD_XDICTIONARY
360
1CD
102
}
330
43
100
AcDbMaterial
  1
BYBLOCK
  0
MATERIAL
  5
44
102
{ACAD_REACTORS
330
43
102
}
102
{ACAD_XDICTIONARY
360
1CB
102
}
330
43
100
AcDbMaterial
  1
BYLAYER
  0
MATERIAL
  5
46
102
{ACAD_REACTORS
330
43
102
}
102
{ACAD_XDICTIONARY
360
1CF
102
}
330
43
100
AcDbMaterial
  1
GLOBAL
  0
MLINESTYLE
  5
18
102
{ACAD_REACTORS
330
17
102
}
330
17
100
AcDbMlineStyle
  2
Standard
 70
     0
  3

 62
   256
 51
90.0
 52
90.0
 71
     2
 49
0.5
 62
   256
  6
BYLAYER
 49
-0.5
 62
   256
  6
BYLAYER
  0
ACAD_PROXY_OBJECT
  5
48
102
{ACAD_REACTORS
330
47
102
}
330
47
100
AcDbProxyObject
 90
      499
 91
      503
 93
       41
310
903313A31580
  0
ACAD_PROXY_OBJECT
  5
49
102
{ACAD_REACTORS
330
47
102
}
330
47
100
AcDbProxyObject
 90
      499
 91
      503
 93
      105
310
903313A324000000000000004000
  0
ACAD_PROXY_OBJECT
  5
4A
102
{ACAD_REACTORS
330
47
102
}
330
47
100
AcDbProxyObject
 90
      499
 91
      503
 93
      105
310
903313A344000000000000104000
  0
ACAD_PROXY_OBJECT
  5
4B
102
{ACAD_REACTORS
330
47
102
}
330
47
100
AcDbProxyObject
 90
      499
 91
      503
 93
      105
310
903313A354000000000000144000
  0
ACAD_PROXY_OBJECT
  5
4C
102
{ACAD_REACTORS
330
47
102
}
330
47
100
AcDbProxyObject
 90
      499
 91
      503
 93
      105
310
903313A384000000000000204000
  0
ACAD_PROXY_OBJECT
  5
4D
102
{ACAD_REACTORS
330
47
102
}
330
47
100
AcDbProxyObject
 90
      499
 91
      503
 93
      113
310
904313A31304000000000000244000
  0
ACAD_PROXY_OBJECT
  5
4E
102
{ACAD_REACTORS
330
47
102
}
330
47
100
AcDbProxyObject
 90
      499
 91
      503
 93
      113
310
904313A31364000000000000304000
  0
ACAD_PROXY_OBJECT
  5
4F
102
{ACAD_REACTORS
330
47
102
}
330
47
100
AcDbProxyObject
 90
      499
 91
      503
 93
      113
310
904313A32304000000000000344000
  0
ACAD_PROXY_OBJECT
  5
50
102
{ACAD_REACTORS
330
47
102
}
330
47
100
AcDbProxyObject
 90
      499
 91
      503
 93
      113
310
904313A333040000000000003E4000
  0
ACAD_PROXY_OBJECT
  5
51
102
{ACAD_REACTORS
330
47
102
}
330
47
100
AcDbProxyObject
 90
      499
 91
      503
 93
      113
310
904313A34304000000000000444000
  0
ACAD_PROXY_OBJECT
  5
52
102
{ACAD_REACTORS
330
47
102
}
330
47
100
AcDbProxyObject
 90
      499
 91
      503
 93
      113
310
904313A35304000000000000494000
  0
ACAD_PROXY_OBJECT
  5
53
102
{ACAD_REACTORS
330
47
102
}
330
47
100
AcDbProxyObject
 90
      499
 91
      503
 93
      121
310
905313A3130304000000000000594000
  0
ACAD_PROXY_OBJECT
  5
54
102
{ACAD_REACTORS
330
47
102
}
330
47
100
AcDbProxyObject
 90
      499
 91
      503
 93
      105
310
903323A310000000000000010100
  0
ACAD_PROXY_OBJECT
  5
55
102
{ACAD_REACTORS
330
47
102
}
330
47
100
AcDbProxyObject
 90
      499
 91
      503
 93
      105
310
903343A310000000000000410100
  0
ACAD_PROXY_OBJECT
  5
56
102
{ACAD_REACTORS
330
47
102
}
330
47
100
AcDbProxyObject
 90
      499
 91
      503
 93
      105
310
903383A310000000000000810100
  0
ACAD_PROXY_OBJECT
  5
57
102
{ACAD_REACTORS
330
47
102
}
330
47
100
AcDbProxyObject
 90
      499
 91
      503
 93
      113
310
90431303A310000000000000910100
  0
ACAD_PROXY_OBJECT
  5
58
102
{ACAD_REACTORS
330
47
102
}
330
47
100
AcDbProxyObject
 90
      499
 91
      503
 93
      121
310
9053130303A310000000000001650100
  0
ACAD_PROXY_OBJECT
  5
59
102
{ACAD_REACTORS
330
47
102
}
330
47
100
AcDbProxyObject
 90
      499
 91
      503
 93
      257
310
90E312F31323822203D2031272D3022000000000000200FC000000000000284000
  0
ACAD_PROXY_OBJECT
  5
5A
102
{ACAD_REACTORS
330
47
102
}
330
47
100
AcDbProxyObject
 90
      499
 91
      503
 93
      249
310
90D312F363422203D2031272D3022000000000000240FC000000000000284000
  0
ACAD_PROXY_OBJECT
  5
5B
102
{ACAD_REACTORS
330
47
102
}
330
47
100
AcDbProxyObject
 90
      499
 91
      503
 93
      249
310
90D312F333222203D2031272D3022000000000000280FC000000000000284000
  0
ACAD_PROXY_OBJECT
  5
5C
102
{ACAD_REACTORS
330
47
102
}
330
47
100
AcDbProxyObject
 90
      499
 91
      503
 93
      249
310
90D312F313622203D2031272D30220000000000002C0FC000000000000284000
  0
ACAD_PROXY_OBJECT
  5
5D
102
{ACAD_REACTORS
330
47
102
}
330
47
100
AcDbProxyObject
 90
      499
 91
      503
 93
      249
310
90D332F333222203D2031272D30220000000000002E0FC000000000000284000
  0
ACAD_PROXY_OBJECT
  5
5E
102
{ACAD_REACTORS
330
47
102
}
330
47
100
AcDbProxyObject
 90
      499
 91
      503
 93
      241
310
90C312F3822203D2031272D3022000000000000300FC000000000000284000
  0
ACAD_PROXY_OBJECT
  5
5F
102
{ACAD_REACTORS
330
47
102
}
330
47
100
AcDbProxyObject
 90
      499
 91
      503
 93
      249
310
90D332F313622203D2031272D3022000000000000320FC000000000000284000
  0
ACAD_PROXY_OBJECT
  5
60
102
{ACAD_REACTORS
330
47
102
}
330
47
100
AcDbProxyObject
 90
      499
 91
      503
 93
      241
310
90C312F3422203D2031272D3022000000000000340FC000000000000284000
  0
ACAD_PROXY_OBJECT
  5
61
102
{ACAD_REACTORS
330
47
102
}
330
47
100
AcDbProxyObject
 90
      499
 91
      503
 93
      241
310
90C332F3822203D2031272D3022000000000000360FC000000000000284000
  0
ACAD_PROXY_OBJECT
  5
62
102
{ACAD_REACTORS
330
47
102
}
330
47
100
AcDbProxyObject
 90
      499
 91
      503
 93
      241
310
90C312F3222203D2031272D3022000000000000380FC000000000000284000
  0
ACAD_PROXY_OBJECT
  5
63
102
{ACAD_REACTORS
330
47
102
}
330
47
100
AcDbProxyObject
 90
      499
 91
      503
 93
      241
310
90C332F3422203D2031272D30220000000000003A0FC000000000000284000
  0
ACAD_PROXY_OBJECT
  5
64
102
{ACAD_REACTORS
330
47
102
}
330
47
100
AcDbProxyObject
 90
      499
 91
      503
 93
      161
310
90A3122203D2031272D30224000000000000284000
  0
ACAD_PROXY_OBJECT
  5
65
102
{ACAD_REACTORS
330
47
102
}
330
47
100
AcDbProxyObject
 90
      499
 91
      503
 93
      257
310
90E312D312F3222203D2031272D30220000000000003E0FC000000000000284000
  0
ACAD_PROXY_OBJECT
  5
66
102
{ACAD_REACTORS
330
47
102
}
330
47
100
AcDbProxyObject
 90
      499
 91
      503
 93
      225
310
90A3322203D2031272D302200000000000002100000000000000284000
  0
ACAD_PROXY_OBJECT
  5
67
102
{ACAD_REACTORS
330
47
102
}
330
47
100
AcDbProxyObject
 90
      499
 91
      503
 93
      225
310
90A3622203D2031272D302200000000000006100000000000000284000
  0
ACAD_PROXY_OBJECT
  5
68
102
{ACAD_REACTORS
330
47
102
}
330
47
100
AcDbProxyObject
 90
      499
 91
      503
 93
      249
310
90D31272D3022203D2031272D30220000000000000A100000000000000284000
  0
ACAD_PROXY_OBJECT
  5
2F
102
{ACAD_REACTORS
330
2A
102
}
330
2A
100
AcDbProxyObject
 90
      499
 91
      501
 93
      436
310
42CC9915DA5C99599C985B595049028333333333333E33F0000000000000F90107901411070040501600405405064090741402480A0340
1001
ACAD
1000
AcDbSavedByObjectVersion
1070
     0
  0
ACAD_PROXY_OBJECT
  5
32
102
{ACAD_REACTORS
330
2A
102
}
330
2A
100
AcDbProxyObject
 90
      499
 91
      501
 93
      388
310
4150985CDA58D07406404333333333333E33F0000000000000F90107A41107004050150841D405064090741402480A0350
1001
ACAD
1000
AcDbSavedByObjectVersion
1070
     0
  0
ACAD_PROXY_OBJECT
  5
36
102
{ACAD_REACTORS
330
2A
102
}
330
2A
100
AcDbProxyObject
 90
      499
 91
      501
 93
      428
310
42109C9A59DA1D195B90C409028333333333333E33F0000000000000F9010790141107004050150841D405064090741402480A029950
1001
ACAD
1000
AcDbSavedByObjectVersion
1070
     0
  0
ACAD_PROXY_OBJECT
  5
3A
102
{ACAD_REACTORS
330
2A
102
}
330
2A
100
AcDbProxyObject
 90
      499
 91
      501
 93
      452
310
42D0DBDB1BDC90DA185B99D95104090240C333333333333E33F0000000000000F90108901411070040501508421405064090741402480A0350
1001
ACAD
1000
AcDbSavedByObjectVersion
1070
     0
  0
ACAD_PROXY_OBJECT
  5
34
102
{ACAD_REACTORS
330
2A
102
}
330
2A
100
AcDbProxyObject
 90
      499
 91
      501
 93
      500
310
4290DBDB98D95C1D1D585B10940D028333333333333E33F0000000000000F90107902409070040501000000000018199010841D405064090740C02480A0340
1001
ACAD
1000
AcDbSavedByObjectVersion
1070
     0
  0
ACAD_PROXY_OBJECT
  5
35
102
{ACAD_REACTORS
330
2A
102
}
330
2A
100
AcDbProxyObject
 90
      499
 91
      501
 93
      412
310
40D11A5B50B409028333333333333E33F0000000000000F9010790141107004050150841D405064090741402480A02677FFFFFD0
1001
ACAD
1000
AcDbSavedByObjectVersion
1070
     0
  0
ACAD_PROXY_OBJECT
  5
3D
102
{ACAD_REACTORS
330
2A
102
}
330
2A
100
AcDbProxyObject
 90
      499
 91
      501
 93
      452
310
43115919D950DBDB1BDC93D999916409028333333333333E33F0000000000000F9010790141107004050150841D405064090741402480A0350
1001
ACAD
1000
AcDbSavedByObjectVersion
1070
     0
  0
ACAD_PROXY_OBJECT
  5
39
102
{ACAD_REACTORS
330
2A
102
}
330
2A
100
AcDbProxyObject
 90
      499
 91
      501
 93
      444
310
42D19858D95C185D1D195C9B90F409028333333333333E33F0000000000000F9010790141107004050150841D405064090741402480A0350
1001
ACAD
1000
AcDbSavedByObjectVersion
1070
     0
  0
ACAD_PROXY_OBJECT
  5
2B
102
{ACAD_REACTORS
330
2A
102
}
330
2A
100
AcDbProxyObject
 90
      499
 91
      501
 93
      380
310
41119B185D240901404333333333333E33F0000000000000F9010740A907004050150841D405064090741402480A1B50
1001
ACAD
1000
AcDbSavedByObjectVersion
1070
     0
  0
ACAD_PROXY_OBJECT
  5
2C
102
{ACAD_REACTORS
330
2A
102
}
330
2A
100
AcDbProxyObject
 90
      499
 91
      501
 93
      468
310
43519B185D15DA5D1A115919D95CD0140901404333333333333E33F0000000000000F90107409019070040501600405405064090741402480A1B50
1001
ACAD
1000
AcDbSavedByObjectVersion
1070
     0
  0
ACAD_PROXY_OBJECT
  5
2D
102
{ACAD_REACTORS
330
2A
102
}
330
2A
100
AcDbProxyObject
 90
      499
 91
      501
 93
      404
310
41D1DBDD5C985D5910240902404333333333333E33F0000000000000F9010740A9070040501641D405064090741402480A1B50
1001
ACAD
1000
AcDbSavedByObjectVersion
1070
     0
  0
ACAD_PROXY_OBJECT
  5
2E
102
{ACAD_REACTORS
330
2A
102
}
330
2A
100
AcDbProxyObject
 90
      499
 91
      501
 93
      492
310
4411DBDD5C985D5915DA5D1A115919D95CD0340902404333333333333E33F0000000000000F90107409019070040501600405405064090741402480A1B50
1001
ACAD
1000
AcDbSavedByObjectVersion
1070
     0
  0
ACAD_PROXY_OBJECT
  5
31
102
{ACAD_REACTORS
330
2A
102
}
330
2A
100
AcDbProxyObject
 90
      499
 91
      501
 93
      476
310
41921A5919195B90640502408333333333333E33F0000000000000F901079024090700405020000000000001110200405405064090740C02480A0340
1001
ACAD
1000
AcDbSavedByObjectVersion
1070
     0
  0
ACAD_PROXY_OBJECT
  5
3B
102
{ACAD_REACTORS
330
2A
102
}
330
2A
100
AcDbProxyObject
 90
      499
 91
      501
 93
      428
310
42529A5D1D195C93D999914409028333333333333E33F0000000000000F9010790141107004050150A41D405064090741402480A0350
1001
ACAD
1000
AcDbSavedByObjectVersion
1070
     0
  0
ACAD_PROXY_OBJECT
  5
38
102
{ACAD_REACTORS
330
2A
102
}
330
2A
100
AcDbProxyObject
 90
      499
 91
      501
 93
      444
310
42D31A5B995C185D1D195C9B90E409028333333333333E33F0000000000000F9010790141107004050750841D405064090741402483A0350
1001
ACAD
1000
AcDbSavedByObjectVersion
1070
     0
  0
ACAD_PROXY_OBJECT
  5
3C
102
{ACAD_REACTORS
330
2A
102
}
330
2A
100
AcDbProxyObject
 90
      499
 91
      501
 93
      444
310
42D3DD995C9A185B99D3D999915409028333333333333E33F0000000000000F9010790141107004050150941D405064090741402480A0350
1001
ACAD
1000
AcDbSavedByObjectVersion
1070
     0
  0
ACAD_PROXY_OBJECT
  5
33
102
{ACAD_REACTORS
330
2A
102
}
330
2A
100
AcDbProxyObject
 90
      499
 91
      501
 93
      428
310
425499585B1A5CDD1A58D08409038333333333333E33F0000000000000F9010740A907004050150800405405064090740C02480A1B40
1001
ACAD
1000
AcDbSavedByObjectVersion
1070
     0
  0
ACAD_PROXY_OBJECT
  5
42
102
{ACAD_REACTORS
330
2A
102
}
330
2A
100
AcDbProxyObject
 90
      499
 91
      501
 93
      420
310
4194DA1859195911B40902404333333333333E33F0000000000000F9010740A41107004050150800405405064090840C02480A0B40
1001
ACAD
1000
AcDbSavedByObjectVersion
1070
     0
  0
ACAD_PROXY_OBJECT
  5
41
102
{ACAD_REACTORS
330
2A
102
}
330
2A
100
AcDbProxyObject
 90
      499
 91
      501
 93
      516
310
4454DA18591959081DDA5D1A08195919D95CD1A40902404333333333333E33F0000000000000F901074090142907004050250800405405064090740C02480A0B40
1001
ACAD
1000
AcDbSavedByObjectVersion
1070
     0
  0
ACAD_PROXY_OBJECT
  5
3E
102
{ACAD_REACTORS
330
2A
102
}
330
2A
100
AcDbProxyObject
 90
      499
 91
      501
 93
      532
310
4394DA1859195CC81BD98811DC985E5174090240C333333333333E33F0000000000000F901079024090741D01000000000000111010841D405064090740C02480A0340
1001
ACAD
1000
AcDbSavedByObjectVersion
1070
     0
  0
ACAD_PROXY_OBJECT
  5
3F
102
{ACAD_REACTORS
330
2A
102
}
330
2A
100
AcDbProxyObject
 90
      499
 91
      501
 93
      476
310
41D4DAD95D18DA1E51840502408333333333333E33F0000000000000F901079024090741D01000000000000111010B41D405064090741802480A0340
1001
ACAD
1000
AcDbSavedByObjectVersion
1070
     0
  0
ACAD_PROXY_OBJECT
  5
37
102
{ACAD_REACTORS
330
2A
102
}
330
2A
100
AcDbProxyObject
 90
      499
 91
      501
 93
      412
310
41D51A1A58DAD95B90D409028333333333333E33F0000000000000F9010790141107004050150C41D405064090741402480A0350
1001
ACAD
1000
AcDbSavedByObjectVersion
1070
     0
  0
ACAD_PROXY_OBJECT
  5
30
102
{ACAD_REACTORS
330
2A
102
}
330
2A
100
AcDbProxyObject
 90
      499
 91
      501
 93
      420
310
4255DA5C99599C985B595059028333333333333E33F0000000000000F90107901411070040501600405405064090740C02480A0340
1001
ACAD
1000
AcDbSavedByObjectVersion
1070
     0
  0
ACAD_PROXY_OBJECT
  5
40
102
{ACAD_REACTORS
330
2A
102
}
330
2A
100
AcDbProxyObject
 90
      499
 91
      501
 93
      404
310
41560B54985E51940902404000000000000E03F0000000000000F9010740501907004050150841D405064090740C02480A1B40
1001
ACAD
1000
AcDbSavedByObjectVersion
1070
     0
  0
XRECORD
  5
1AB
102
{ACAD_REACTORS
330
1A2
102
}
330
1A2
100
AcDbXrecord
 90
        0
  0
XRECORD
  5
1C1
102
{ACAD_REACTORS
330
1A2
102
}
330
1A2
100
AcDbXrecord
1000
DSTYLE
1002
{
1070
   279
 70
     2
1070
   340
340
11
1002
}
  0
XRECORD
  5
1AC
102
{ACAD_REACTORS
330
1A2
102
}
330
1A2
100
AcDbXrecord
  1
{AB1F7243-18B4-42DD-8279-888BC352FCA3}
  0
XRECORD
  5
1A5
102
{ACAD_REACTORS
330
1A2
102
}
330
1A2
100
AcDbXrecord
  1

  0
XRECORD
  5
1AA
102
{ACAD_REACTORS
330
1A2
102
}
330
1A2
100
AcDbXrecord
 90
        4
  0
XRECORD
  5
1A7
102
{ACAD_REACTORS
330
1A2
102
}
330
1A2
100
AcDbXrecord
340
1A
  0
XRECORD
  5
1A9
102
{ACAD_REACTORS
330
1A2
102
}
330
1A2
100
AcDbXrecord
 90
    10781
  0
XRECORD
  5
1A8
102
{ACAD_REACTORS
330
1A2
102
}
330
1A2
100
AcDbXrecord
340
19
  0
XRECORD
  5
1AE
102
{ACAD_REACTORS
330
1A2
102
}
330
1A2
100
AcDbXrecord
 40
0.0
  0
XRECORD
  5
1B1
102
{ACAD_REACTORS
330
1A2
102
}
330
1A2
100
AcDbXrecord
340
0
  0
XRECORD
  5
1B7
102
{ACAD_REACTORS
330
1A2
102
}
330
1A2
100
AcDbXrecord
 10
0.0
 20
0.0
 30
0.0
  0
XRECORD
  5
1B3
102
{ACAD_REACTORS
330
1A2
102
}
330
1A2
100
AcDbXrecord
 10
0.0
 20
0.0
 30
0.0
  0
XRECORD
  5
1B6
102
{ACAD_REACTORS
330
1A2
102
}
330
1A2
100
AcDbXrecord
 10
0.0
 20
0.0
 30
0.0
  0
XRECORD
  5
1B4
102
{ACAD_REACTORS
330
1A2
102
}
330
1A2
100
AcDbXrecord
 10
0.0
 20
0.0
 30
0.0
  0
XRECORD
  5
1B5
102
{ACAD_REACTORS
330
1A2
102
}
330
1A2
100
AcDbXrecord
 10
0.0
 20
0.0
 30
0.0
  0
XRECORD
  5
1B2
102
{ACAD_REACTORS
330
1A2
102
}
330
1A2
100
AcDbXrecord
 10
0.0
 20
0.0
 30
0.0
  0
XRECORD
  5
1AF
102
{ACAD_REACTORS
330
1A2
102
}
330
1A2
100
AcDbXrecord
340
0
  0
XRECORD
  5
1B0
102
{ACAD_REACTORS
330
1A2
102
}
330
1A2
100
AcDbXrecord
 70
     0
  0
XRECORD
  5
1A6
102
{ACAD_REACTORS
330
1A2
102
}
330
1A2
100
AcDbXrecord
  1

  0
XRECORD
  5
1A3
102
{ACAD_REACTORS
330
1A2
102
}
330
1A2
100
AcDbXrecord
 90
        1
  0
XRECORD
  5
1A4
102
{ACAD_REACTORS
330
1A2
102
}
330
1A2
100
AcDbXrecord
 90
       70
  0
XRECORD
  5
1BA
102
{ACAD_REACTORS
330
1A2
102
}
330
1A2
100
AcDbXrecord
340
0
  0
XRECORD
  5
1C0
102
{ACAD_REACTORS
330
1A2
102
}
330
1A2
100
AcDbXrecord
 10
0.0
 20
0.0
 30
0.0
  0
XRECORD
  5
1BC
102
{ACAD_REACTORS
330
1A2
102
}
330
1A2
100
AcDbXrecord
 10
0.0
 20
0.0
 30
0.0
  0
XRECORD
  5
1BF
102
{ACAD_REACTORS
330
1A2
102
}
330
1A2
100
AcDbXrecord
 10
0.0
 20
0.0
 30
0.0
  0
XRECORD
  5
1BD
102
{ACAD_REACTORS
330
1A2
102
}
330
1A2
100
AcDbXrecord
 10
0.0
 20
0.0
 30
0.0
  0
XRECORD
  5
1BE
102
{ACAD_REACTORS
330
1A2
102
}
330
1A2
100
AcDbXrecord
 10
0.0
 20
0.0
 30
0.0
  0
XRECORD
  5
1BB
102
{ACAD_REACTORS
330
1A2
102
}
330
1A2
100
AcDbXrecord
 10
0.0
 20
0.0
 30
0.0
  0
XRECORD
  5
1B8
102
{ACAD_REACTORS
330
1A2
102
}
330
1A2
100
AcDbXrecord
340
0
  0
XRECORD
  5
1B9
102
{ACAD_REACTORS
330
1A2
102
}
330
1A2
100
AcDbXrecord
 70
     0
  0
XRECORD
  5
1AD
102
{ACAD_REACTORS
330
1A2
102
}
330
1A2
100
AcDbXrecord
  1
{FAEB1C32-E019-11D5-929B-00C0DF256EC4}
  0
DICTIONARYVAR
  5
1C9
102
{ACAD_REACTORS
330
1C2
102
}
330
1C2
100
DictionaryVariables
280
     0
  1
1:1
  0
DICTIONARYVAR
  5
1C7
102
{ACAD_REACTORS
330
1C2
102
}
330
1C2
100
DictionaryVariables
280
     0
  1
2
  0
DICTIONARYVAR
  5
1C8
102
{ACAD_REACTORS
330
1C2
102
}
330
1C2
100
DictionaryVariables
280
     0
  1
1
  0
DICTIONARYVAR
  5
1CA
102
{ACAD_REACTORS
330
1C2
102
}
330
1C2
100
DictionaryVariables
280
     0
  1
1
  0
DICTIONARY
  5
1CD
330
45
100
AcDbDictionary
280
     1
  3
ACAD_XREC_ROUNDTRIP
360
1CE
  0
DICTIONARY
  5
1CB
330
44
100
AcDbDictionary
280
     1
  3
ACAD_XREC_ROUNDTRIP
360
1CC
  0
DICTIONARY
  5
1CF
330
46
100
AcDbDictionary
280
     1
  3
ACAD_XREC_ROUNDTRIP
360
1D0
  0
XRECORD
  5
1CE
102
{ACAD_REACTORS
330
1CD
102
}
330
1CD
100
AcDbXrecord
102
MATERIAL
148
0.0
149
0.0
149
0.0
 93
        0
 94
      127
282
     0
 72
     1
 77
     1
171
     1
175
     1
179
     1
273
     0
  0
XRECORD
  5
1CC
102
{ACAD_REACTORS
330
1CB
102
}
330
1CB
100
AcDbXrecord
102
MATERIAL
148
0.0
149
0.0
149
0.0
 93
        0
 94
      127
282
     0
 72
     1
 77
     1
171
     1
175
     1
179
     1
273
     0
  0
XRECORD
  5
1D0
102
{ACAD_REACTORS
330
1CF
102
}
330
1CF
100
AcDbXrecord
102
MATERIAL
148
0.0
149
0.0
149
0.0
 93
        0
 94
      127
282
     0
 72
     1
 77
     1
171
     1
175
     1
179
     1
273
     0
  0
ENDSEC
  0
EOF
